{"timestamp": "2026-04-14T13:08:47.575328Z", "level": "INFO", "name": "telemetry-podman", "message": "\u2705 Podman Telemetry Registered (every 5m)", "service": "api-gateway", "request_id": "system"}
{"timestamp": "2026-04-14T13:08:47.575608Z", "level": "INFO", "name": "telemetry-podman", "message": "\ud83d\ude80 Telemetry Engine Started", "service": "api-gateway", "request_id": "system"}
{"timestamp": "2026-04-14T13:10:30.396808Z", "level": "INFO", "name": "telemetry-podman", "message": "\ud83d\uded1 Telemetry Engine Shutdown Successfully", "service": "api-gateway", "request_id": "system"}
{"timestamp": "2026-04-14T13:11:08.786113Z", "level": "INFO", "name": "telemetry-podman", "message": "\u2705 Podman Telemetry Registered (every 5m)", "service": "api-gateway", "request_id": "system"}
{"timestamp": "2026-04-14T13:11:08.786413Z", "level": "INFO", "name": "telemetry-podman", "message": "\ud83d\ude80 Telemetry Engine Started", "service": "api-gateway", "request_id": "system"}
{"timestamp": "2026-04-14T13:16:09.818558Z", "level": "INFO", "name": "telemetry-podman", "message": "\ud83d\udcca Updated Podman telemetry for server: core-banking-prime-srv-01", "server": "core-banking-prime-srv-01", "service": "api-gateway", "request_id": "system"}
{"timestamp": "2026-04-14T13:16:10.830143Z", "level": "INFO", "name": "telemetry-podman", "message": "\ud83d\udcca Updated Podman telemetry for server: core-banking-prime-srv-02", "server": "core-banking-prime-srv-02", "service": "api-gateway", "request_id": "system"}
{"timestamp": "2026-04-14T13:16:11.838994Z", "level": "INFO", "name": "telemetry-podman", "message": "\ud83d\udcca Updated Podman telemetry for server: core-banking-prime-srv-03", "server": "core-banking-prime-srv-03", "service": "api-gateway", "request_id": "system"}
{"timestamp": "2026-04-14T13:16:12.843784Z", "level": "INFO", "name": "telemetry-podman", "message": "\ud83d\udcca Updated Podman telemetry for server: nexus-payments-srv-01", "server": "nexus-payments-srv-01", "service": "api-gateway", "request_id": "system"}
{"timestamp": "2026-04-14T13:16:13.847006Z", "level": "INFO", "name": "telemetry-podman", "message": "\ud83d\udcca Updated Podman telemetry for server: nexus-payments-srv-02", "server": "nexus-payments-srv-02", "service": "api-gateway", "request_id": "system"}
{"timestamp": "2026-04-14T13:16:14.852349Z", "level": "INFO", "name": "telemetry-podman", "message": "\ud83d\udcca Updated Podman telemetry for server: nexus-payments-srv-03", "server": "nexus-payments-srv-03", "service": "api-gateway", "request_id": "system"}
{"timestamp": "2026-04-14T13:16:15.856241Z", "level": "INFO", "name": "telemetry-podman", "message": "\ud83d\udcca Updated Podman telemetry for server: insight-analytics-srv-01", "server": "insight-analytics-srv-01", "service": "api-gateway", "request_id": "system"}
{"timestamp": "2026-04-14T13:16:16.864954Z", "level": "INFO", "name": "telemetry-podman", "message": "\ud83d\udcca Updated Podman telemetry for server: insight-analytics-srv-02", "server": "insight-analytics-srv-02", "service": "api-gateway", "request_id": "system"}
{"timestamp": "2026-04-14T13:16:17.872846Z", "level": "INFO", "name": "telemetry-podman", "message": "\ud83d\udcca Updated Podman telemetry for server: insight-analytics-srv-03", "server": "insight-analytics-srv-03", "service": "api-gateway", "request_id": "system"}
{"timestamp": "2026-04-14T13:21:09.808784Z", "level": "INFO", "name": "telemetry-podman", "message": "\ud83d\udcca Updated Podman telemetry for server: core-banking-prime-srv-01", "server": "core-banking-prime-srv-01", "service": "api-gateway", "request_id": "system"}
{"timestamp": "2026-04-14T13:21:10.817502Z", "level": "INFO", "name": "telemetry-podman", "message": "\ud83d\udcca Updated Podman telemetry for server: core-banking-prime-srv-02", "server": "core-banking-prime-srv-02", "service": "api-gateway", "request_id": "system"}
{"timestamp": "2026-04-14T13:21:11.822774Z", "level": "INFO", "name": "telemetry-podman", "message": "\ud83d\udcca Updated Podman telemetry for server: core-banking-prime-srv-03", "server": "core-banking-prime-srv-03", "service": "api-gateway", "request_id": "system"}
{"timestamp": "2026-04-14T13:21:12.834126Z", "level": "INFO", "name": "telemetry-podman", "message": "\ud83d\udcca Updated Podman telemetry for server: nexus-payments-srv-01", "server": "nexus-payments-srv-01", "service": "api-gateway", "request_id": "system"}
{"timestamp": "2026-04-14T13:21:13.845583Z", "level": "INFO", "name": "telemetry-podman", "message": "\ud83d\udcca Updated Podman telemetry for server: nexus-payments-srv-02", "server": "nexus-payments-srv-02", "service": "api-gateway", "request_id": "system"}
{"timestamp": "2026-04-14T13:21:14.856614Z", "level": "INFO", "name": "telemetry-podman", "message": "\ud83d\udcca Updated Podman telemetry for server: nexus-payments-srv-03", "server": "nexus-payments-srv-03", "service": "api-gateway", "request_id": "system"}
{"timestamp": "2026-04-14T13:21:15.866674Z", "level": "INFO", "name": "telemetry-podman", "message": "\ud83d\udcca Updated Podman telemetry for server: insight-analytics-srv-01", "server": "insight-analytics-srv-01", "service": "api-gateway", "request_id": "system"}
{"timestamp": "2026-04-14T13:21:16.876698Z", "level": "INFO", "name": "telemetry-podman", "message": "\ud83d\udcca Updated Podman telemetry for server: insight-analytics-srv-02", "server": "insight-analytics-srv-02", "service": "api-gateway", "request_id": "system"}
{"timestamp": "2026-04-14T13:21:17.882867Z", "level": "INFO", "name": "telemetry-podman", "message": "\ud83d\udcca Updated Podman telemetry for server: insight-analytics-srv-03", "server": "insight-analytics-srv-03", "service": "api-gateway", "request_id": "system"}
{"timestamp": "2026-04-14T13:21:18.168328Z", "level": "INFO", "name": "telemetry-podman", "message": "\ud83d\uded1 Telemetry Engine Shutdown Successfully", "service": "api-gateway", "request_id": "system"}
{"timestamp": "2026-04-14T13:21:18.611307Z", "level": "INFO", "name": "telemetry-podman", "message": "\u2705 Podman Telemetry Registered (every 5m)", "service": "api-gateway", "request_id": "system"}
{"timestamp": "2026-04-14T13:21:18.611598Z", "level": "INFO", "name": "telemetry-podman", "message": "\ud83d\ude80 Telemetry Engine Started", "service": "api-gateway", "request_id": "system"}
{"timestamp": "2026-04-14T13:21:29.619112Z", "level": "INFO", "name": "telemetry-podman", "message": "\ud83d\uded1 Telemetry Engine Shutdown Successfully", "service": "api-gateway", "request_id": "system"}
{"timestamp": "2026-04-14T13:21:29.940847Z", "level": "INFO", "name": "telemetry-podman", "message": "\u2705 Podman Telemetry Registered (every 5m)", "service": "api-gateway", "request_id": "system"}
{"timestamp": "2026-04-14T13:21:29.941156Z", "level": "INFO", "name": "telemetry-podman", "message": "\ud83d\ude80 Telemetry Engine Started", "service": "api-gateway", "request_id": "system"}
{"timestamp": "2026-04-14T13:22:11.442467Z", "level": "INFO", "name": "telemetry-podman", "message": "\ud83d\uded1 Telemetry Engine Shutdown Successfully", "service": "api-gateway", "request_id": "system"}
{"timestamp": "2026-04-14T13:22:42.675628Z", "level": "INFO", "name": "telemetry-podman", "message": "\u2705 Podman Telemetry Registered (every 5m)", "service": "api-gateway", "request_id": "system"}
{"timestamp": "2026-04-14T13:22:42.675938Z", "level": "INFO", "name": "telemetry-podman", "message": "\ud83d\ude80 Telemetry Engine Started", "service": "api-gateway", "request_id": "system"}
{"timestamp": "2026-04-14T13:27:43.700497Z", "level": "INFO", "name": "telemetry-podman", "message": "\ud83d\udcca Updated Podman telemetry for server: core-banking-prime-srv-01", "server": "core-banking-prime-srv-01", "service": "api-gateway", "request_id": "system"}
{"timestamp": "2026-04-14T13:27:44.708732Z", "level": "INFO", "name": "telemetry-podman", "message": "\ud83d\udcca Updated Podman telemetry for server: core-banking-prime-srv-02", "server": "core-banking-prime-srv-02", "service": "api-gateway", "request_id": "system"}
{"timestamp": "2026-04-14T13:27:45.712892Z", "level": "INFO", "name": "telemetry-podman", "message": "\ud83d\udcca Updated Podman telemetry for server: core-banking-prime-srv-03", "server": "core-banking-prime-srv-03", "service": "api-gateway", "request_id": "system"}
{"timestamp": "2026-04-14T13:27:46.720559Z", "level": "INFO", "name": "telemetry-podman", "message": "\ud83d\udcca Updated Podman telemetry for server: nexus-payments-srv-01", "server": "nexus-payments-srv-01", "service": "api-gateway", "request_id": "system"}
{"timestamp": "2026-04-14T13:27:47.724169Z", "level": "INFO", "name": "telemetry-podman", "message": "\ud83d\udcca Updated Podman telemetry for server: nexus-payments-srv-02", "server": "nexus-payments-srv-02", "service": "api-gateway", "request_id": "system"}
{"timestamp": "2026-04-14T13:27:48.730262Z", "level": "INFO", "name": "telemetry-podman", "message": "\ud83d\udcca Updated Podman telemetry for server: nexus-payments-srv-03", "server": "nexus-payments-srv-03", "service": "api-gateway", "request_id": "system"}
{"timestamp": "2026-04-14T13:27:49.734704Z", "level": "INFO", "name": "telemetry-podman", "message": "\ud83d\udcca Updated Podman telemetry for server: insight-analytics-srv-01", "server": "insight-analytics-srv-01", "service": "api-gateway", "request_id": "system"}
{"timestamp": "2026-04-14T13:27:50.742399Z", "level": "INFO", "name": "telemetry-podman", "message": "\ud83d\udcca Updated Podman telemetry for server: insight-analytics-srv-02", "server": "insight-analytics-srv-02", "service": "api-gateway", "request_id": "system"}
{"timestamp": "2026-04-14T13:27:51.747060Z", "level": "INFO", "name": "telemetry-podman", "message": "\ud83d\udcca Updated Podman telemetry for server: insight-analytics-srv-03", "server": "insight-analytics-srv-03", "service": "api-gateway", "request_id": "system"}
{"timestamp": "2026-04-14T13:32:43.698587Z", "level": "INFO", "name": "telemetry-podman", "message": "\ud83d\udcca Updated Podman telemetry for server: core-banking-prime-srv-01", "server": "core-banking-prime-srv-01", "service": "api-gateway", "request_id": "system"}
{"timestamp": "2026-04-14T13:32:44.705527Z", "level": "INFO", "name": "telemetry-podman", "message": "\ud83d\udcca Updated Podman telemetry for server: core-banking-prime-srv-02", "server": "core-banking-prime-srv-02", "service": "api-gateway", "request_id": "system"}
{"timestamp": "2026-04-14T13:32:45.713595Z", "level": "INFO", "name": "telemetry-podman", "message": "\ud83d\udcca Updated Podman telemetry for server: core-banking-prime-srv-03", "server": "core-banking-prime-srv-03", "service": "api-gateway", "request_id": "system"}
{"timestamp": "2026-04-14T13:32:46.721070Z", "level": "INFO", "name": "telemetry-podman", "message": "\ud83d\udcca Updated Podman telemetry for server: nexus-payments-srv-01", "server": "nexus-payments-srv-01", "service": "api-gateway", "request_id": "system"}
{"timestamp": "2026-04-14T13:32:47.730871Z", "level": "INFO", "name": "telemetry-podman", "message": "\ud83d\udcca Updated Podman telemetry for server: nexus-payments-srv-02", "server": "nexus-payments-srv-02", "service": "api-gateway", "request_id": "system"}
{"timestamp": "2026-04-14T13:32:48.740641Z", "level": "INFO", "name": "telemetry-podman", "message": "\ud83d\udcca Updated Podman telemetry for server: nexus-payments-srv-03", "server": "nexus-payments-srv-03", "service": "api-gateway", "request_id": "system"}
{"timestamp": "2026-04-14T13:32:49.746885Z", "level": "INFO", "name": "telemetry-podman", "message": "\ud83d\udcca Updated Podman telemetry for server: insight-analytics-srv-01", "server": "insight-analytics-srv-01", "service": "api-gateway", "request_id": "system"}
{"timestamp": "2026-04-14T13:32:50.753550Z", "level": "INFO", "name": "telemetry-podman", "message": "\ud83d\udcca Updated Podman telemetry for server: insight-analytics-srv-02", "server": "insight-analytics-srv-02", "service": "api-gateway", "request_id": "system"}
{"timestamp": "2026-04-14T13:32:51.759443Z", "level": "INFO", "name": "telemetry-podman", "message": "\ud83d\udcca Updated Podman telemetry for server: insight-analytics-srv-03", "server": "insight-analytics-srv-03", "service": "api-gateway", "request_id": "system"}
{"timestamp": "2026-04-14T13:37:43.706218Z", "level": "INFO", "name": "telemetry-podman", "message": "\ud83d\udcca Updated Podman telemetry for server: core-banking-prime-srv-01", "server": "core-banking-prime-srv-01", "service": "api-gateway", "request_id": "system"}
{"timestamp": "2026-04-14T13:37:44.716077Z", "level": "INFO", "name": "telemetry-podman", "message": "\ud83d\udcca Updated Podman telemetry for server: core-banking-prime-srv-02", "server": "core-banking-prime-srv-02", "service": "api-gateway", "request_id": "system"}
{"timestamp": "2026-04-14T13:37:45.728246Z", "level": "INFO", "name": "telemetry-podman", "message": "\ud83d\udcca Updated Podman telemetry for server: core-banking-prime-srv-03", "server": "core-banking-prime-srv-03", "service": "api-gateway", "request_id": "system"}
{"timestamp": "2026-04-14T13:37:46.740100Z", "level": "INFO", "name": "telemetry-podman", "message": "\ud83d\udcca Updated Podman telemetry for server: nexus-payments-srv-01", "server": "nexus-payments-srv-01", "service": "api-gateway", "request_id": "system"}
{"timestamp": "2026-04-14T13:37:47.747948Z", "level": "INFO", "name": "telemetry-podman", "message": "\ud83d\udcca Updated Podman telemetry for server: nexus-payments-srv-02", "server": "nexus-payments-srv-02", "service": "api-gateway", "request_id": "system"}
{"timestamp": "2026-04-14T13:37:48.757224Z", "level": "INFO", "name": "telemetry-podman", "message": "\ud83d\udcca Updated Podman telemetry for server: nexus-payments-srv-03", "server": "nexus-payments-srv-03", "service": "api-gateway", "request_id": "system"}
{"timestamp": "2026-04-14T13:37:49.768534Z", "level": "INFO", "name": "telemetry-podman", "message": "\ud83d\udcca Updated Podman telemetry for server: insight-analytics-srv-01", "server": "insight-analytics-srv-01", "service": "api-gateway", "request_id": "system"}
{"timestamp": "2026-04-14T13:37:50.779615Z", "level": "INFO", "name": "telemetry-podman", "message": "\ud83d\udcca Updated Podman telemetry for server: insight-analytics-srv-02", "server": "insight-analytics-srv-02", "service": "api-gateway", "request_id": "system"}
{"timestamp": "2026-04-14T13:37:51.791382Z", "level": "INFO", "name": "telemetry-podman", "message": "\ud83d\udcca Updated Podman telemetry for server: insight-analytics-srv-03", "server": "insight-analytics-srv-03", "service": "api-gateway", "request_id": "system"}
{"timestamp": "2026-04-14T13:42:43.692622Z", "level": "INFO", "name": "telemetry-podman", "message": "\ud83d\udcca Updated Podman telemetry for server: core-banking-prime-srv-01", "server": "core-banking-prime-srv-01", "service": "api-gateway", "request_id": "system"}
{"timestamp": "2026-04-14T13:42:44.697255Z", "level": "INFO", "name": "telemetry-podman", "message": "\ud83d\udcca Updated Podman telemetry for server: core-banking-prime-srv-02", "server": "core-banking-prime-srv-02", "service": "api-gateway", "request_id": "system"}
{"timestamp": "2026-04-14T13:42:45.704575Z", "level": "INFO", "name": "telemetry-podman", "message": "\ud83d\udcca Updated Podman telemetry for server: core-banking-prime-srv-03", "server": "core-banking-prime-srv-03", "service": "api-gateway", "request_id": "system"}
{"timestamp": "2026-04-14T13:42:46.708252Z", "level": "INFO", "name": "telemetry-podman", "message": "\ud83d\udcca Updated Podman telemetry for server: nexus-payments-srv-01", "server": "nexus-payments-srv-01", "service": "api-gateway", "request_id": "system"}
{"timestamp": "2026-04-14T13:42:47.715610Z", "level": "INFO", "name": "telemetry-podman", "message": "\ud83d\udcca Updated Podman telemetry for server: nexus-payments-srv-02", "server": "nexus-payments-srv-02", "service": "api-gateway", "request_id": "system"}
{"timestamp": "2026-04-14T13:42:48.717921Z", "level": "INFO", "name": "telemetry-podman", "message": "\ud83d\udcca Updated Podman telemetry for server: nexus-payments-srv-03", "server": "nexus-payments-srv-03", "service": "api-gateway", "request_id": "system"}
{"timestamp": "2026-04-14T13:42:49.722714Z", "level": "INFO", "name": "telemetry-podman", "message": "\ud83d\udcca Updated Podman telemetry for server: insight-analytics-srv-01", "server": "insight-analytics-srv-01", "service": "api-gateway", "request_id": "system"}
{"timestamp": "2026-04-14T13:42:50.729801Z", "level": "INFO", "name": "telemetry-podman", "message": "\ud83d\udcca Updated Podman telemetry for server: insight-analytics-srv-02", "server": "insight-analytics-srv-02", "service": "api-gateway", "request_id": "system"}
{"timestamp": "2026-04-14T13:42:51.733689Z", "level": "INFO", "name": "telemetry-podman", "message": "\ud83d\udcca Updated Podman telemetry for server: insight-analytics-srv-03", "server": "insight-analytics-srv-03", "service": "api-gateway", "request_id": "system"}
{"timestamp": "2026-04-14T13:47:43.698703Z", "level": "INFO", "name": "telemetry-podman", "message": "\ud83d\udcca Updated Podman telemetry for server: core-banking-prime-srv-01", "server": "core-banking-prime-srv-01", "service": "api-gateway", "request_id": "system"}
{"timestamp": "2026-04-14T13:47:44.706975Z", "level": "INFO", "name": "telemetry-podman", "message": "\ud83d\udcca Updated Podman telemetry for server: core-banking-prime-srv-02", "server": "core-banking-prime-srv-02", "service": "api-gateway", "request_id": "system"}
{"timestamp": "2026-04-14T13:47:45.717972Z", "level": "INFO", "name": "telemetry-podman", "message": "\ud83d\udcca Updated Podman telemetry for server: core-banking-prime-srv-03", "server": "core-banking-prime-srv-03", "service": "api-gateway", "request_id": "system"}
{"timestamp": "2026-04-14T13:47:46.724138Z", "level": "INFO", "name": "telemetry-podman", "message": "\ud83d\udcca Updated Podman telemetry for server: nexus-payments-srv-01", "server": "nexus-payments-srv-01", "service": "api-gateway", "request_id": "system"}
{"timestamp": "2026-04-14T13:47:47.731816Z", "level": "INFO", "name": "telemetry-podman", "message": "\ud83d\udcca Updated Podman telemetry for server: nexus-payments-srv-02", "server": "nexus-payments-srv-02", "service": "api-gateway", "request_id": "system"}
{"timestamp": "2026-04-14T13:47:48.740644Z", "level": "INFO", "name": "telemetry-podman", "message": "\ud83d\udcca Updated Podman telemetry for server: nexus-payments-srv-03", "server": "nexus-payments-srv-03", "service": "api-gateway", "request_id": "system"}
{"timestamp": "2026-04-14T13:47:49.749020Z", "level": "INFO", "name": "telemetry-podman", "message": "\ud83d\udcca Updated Podman telemetry for server: insight-analytics-srv-01", "server": "insight-analytics-srv-01", "service": "api-gateway", "request_id": "system"}
{"timestamp": "2026-04-14T13:47:50.756195Z", "level": "INFO", "name": "telemetry-podman", "message": "\ud83d\udcca Updated Podman telemetry for server: insight-analytics-srv-02", "server": "insight-analytics-srv-02", "service": "api-gateway", "request_id": "system"}
{"timestamp": "2026-04-14T13:47:51.766250Z", "level": "INFO", "name": "telemetry-podman", "message": "\ud83d\udcca Updated Podman telemetry for server: insight-analytics-srv-03", "server": "insight-analytics-srv-03", "service": "api-gateway", "request_id": "system"}
{"timestamp": "2026-04-14T13:52:43.698134Z", "level": "INFO", "name": "telemetry-podman", "message": "\ud83d\udcca Updated Podman telemetry for server: core-banking-prime-srv-01", "server": "core-banking-prime-srv-01", "service": "api-gateway", "request_id": "system"}
{"timestamp": "2026-04-14T13:52:44.706780Z", "level": "INFO", "name": "telemetry-podman", "message": "\ud83d\udcca Updated Podman telemetry for server: core-banking-prime-srv-02", "server": "core-banking-prime-srv-02", "service": "api-gateway", "request_id": "system"}
{"timestamp": "2026-04-14T13:52:45.718427Z", "level": "INFO", "name": "telemetry-podman", "message": "\ud83d\udcca Updated Podman telemetry for server: core-banking-prime-srv-03", "server": "core-banking-prime-srv-03", "service": "api-gateway", "request_id": "system"}
{"timestamp": "2026-04-14T13:52:46.728869Z", "level": "INFO", "name": "telemetry-podman", "message": "\ud83d\udcca Updated Podman telemetry for server: nexus-payments-srv-01", "server": "nexus-payments-srv-01", "service": "api-gateway", "request_id": "system"}
{"timestamp": "2026-04-14T13:52:47.741958Z", "level": "INFO", "name": "telemetry-podman", "message": "\ud83d\udcca Updated Podman telemetry for server: nexus-payments-srv-02", "server": "nexus-payments-srv-02", "service": "api-gateway", "request_id": "system"}
{"timestamp": "2026-04-14T13:52:48.752188Z", "level": "INFO", "name": "telemetry-podman", "message": "\ud83d\udcca Updated Podman telemetry for server: nexus-payments-srv-03", "server": "nexus-payments-srv-03", "service": "api-gateway", "request_id": "system"}
{"timestamp": "2026-04-14T13:52:49.762964Z", "level": "INFO", "name": "telemetry-podman", "message": "\ud83d\udcca Updated Podman telemetry for server: insight-analytics-srv-01", "server": "insight-analytics-srv-01", "service": "api-gateway", "request_id": "system"}
{"timestamp": "2026-04-14T13:52:50.773593Z", "level": "INFO", "name": "telemetry-podman", "message": "\ud83d\udcca Updated Podman telemetry for server: insight-analytics-srv-02", "server": "insight-analytics-srv-02", "service": "api-gateway", "request_id": "system"}
{"timestamp": "2026-04-14T13:52:51.784612Z", "level": "INFO", "name": "telemetry-podman", "message": "\ud83d\udcca Updated Podman telemetry for server: insight-analytics-srv-03", "server": "insight-analytics-srv-03", "service": "api-gateway", "request_id": "system"}
{"timestamp": "2026-04-14T13:57:43.691102Z", "level": "INFO", "name": "telemetry-podman", "message": "\ud83d\udcca Updated Podman telemetry for server: core-banking-prime-srv-01", "server": "core-banking-prime-srv-01", "service": "api-gateway", "request_id": "system"}
{"timestamp": "2026-04-14T13:57:44.696561Z", "level": "INFO", "name": "telemetry-podman", "message": "\ud83d\udcca Updated Podman telemetry for server: core-banking-prime-srv-02", "server": "core-banking-prime-srv-02", "service": "api-gateway", "request_id": "system"}
{"timestamp": "2026-04-14T13:57:45.706606Z", "level": "INFO", "name": "telemetry-podman", "message": "\ud83d\udcca Updated Podman telemetry for server: core-banking-prime-srv-03", "server": "core-banking-prime-srv-03", "service": "api-gateway", "request_id": "system"}
{"timestamp": "2026-04-14T13:57:46.714282Z", "level": "INFO", "name": "telemetry-podman", "message": "\ud83d\udcca Updated Podman telemetry for server: nexus-payments-srv-01", "server": "nexus-payments-srv-01", "service": "api-gateway", "request_id": "system"}
{"timestamp": "2026-04-14T13:57:47.721899Z", "level": "INFO", "name": "telemetry-podman", "message": "\ud83d\udcca Updated Podman telemetry for server: nexus-payments-srv-02", "server": "nexus-payments-srv-02", "service": "api-gateway", "request_id": "system"}
{"timestamp": "2026-04-14T13:57:48.730507Z", "level": "INFO", "name": "telemetry-podman", "message": "\ud83d\udcca Updated Podman telemetry for server: nexus-payments-srv-03", "server": "nexus-payments-srv-03", "service": "api-gateway", "request_id": "system"}
{"timestamp": "2026-04-14T13:57:49.737875Z", "level": "INFO", "name": "telemetry-podman", "message": "\ud83d\udcca Updated Podman telemetry for server: insight-analytics-srv-01", "server": "insight-analytics-srv-01", "service": "api-gateway", "request_id": "system"}
{"timestamp": "2026-04-14T13:57:50.743549Z", "level": "INFO", "name": "telemetry-podman", "message": "\ud83d\udcca Updated Podman telemetry for server: insight-analytics-srv-02", "server": "insight-analytics-srv-02", "service": "api-gateway", "request_id": "system"}
{"timestamp": "2026-04-14T13:57:51.753075Z", "level": "INFO", "name": "telemetry-podman", "message": "\ud83d\udcca Updated Podman telemetry for server: insight-analytics-srv-03", "server": "insight-analytics-srv-03", "service": "api-gateway", "request_id": "system"}
{"timestamp": "2026-04-14T14:02:43.693970Z", "level": "INFO", "name": "telemetry-podman", "message": "\ud83d\udcca Updated Podman telemetry for server: core-banking-prime-srv-01", "server": "core-banking-prime-srv-01", "service": "api-gateway", "request_id": "system"}
{"timestamp": "2026-04-14T14:02:44.696864Z", "level": "INFO", "name": "telemetry-podman", "message": "\ud83d\udcca Updated Podman telemetry for server: core-banking-prime-srv-02", "server": "core-banking-prime-srv-02", "service": "api-gateway", "request_id": "system"}
{"timestamp": "2026-04-14T14:02:45.704312Z", "level": "INFO", "name": "telemetry-podman", "message": "\ud83d\udcca Updated Podman telemetry for server: core-banking-prime-srv-03", "server": "core-banking-prime-srv-03", "service": "api-gateway", "request_id": "system"}
{"timestamp": "2026-04-14T14:02:46.709760Z", "level": "INFO", "name": "telemetry-podman", "message": "\ud83d\udcca Updated Podman telemetry for server: nexus-payments-srv-01", "server": "nexus-payments-srv-01", "service": "api-gateway", "request_id": "system"}
{"timestamp": "2026-04-14T14:02:47.717018Z", "level": "INFO", "name": "telemetry-podman", "message": "\ud83d\udcca Updated Podman telemetry for server: nexus-payments-srv-02", "server": "nexus-payments-srv-02", "service": "api-gateway", "request_id": "system"}
{"timestamp": "2026-04-14T14:02:48.723631Z", "level": "INFO", "name": "telemetry-podman", "message": "\ud83d\udcca Updated Podman telemetry for server: nexus-payments-srv-03", "server": "nexus-payments-srv-03", "service": "api-gateway", "request_id": "system"}
{"timestamp": "2026-04-14T14:02:49.729195Z", "level": "INFO", "name": "telemetry-podman", "message": "\ud83d\udcca Updated Podman telemetry for server: insight-analytics-srv-01", "server": "insight-analytics-srv-01", "service": "api-gateway", "request_id": "system"}
{"timestamp": "2026-04-14T14:02:50.735908Z", "level": "INFO", "name": "telemetry-podman", "message": "\ud83d\udcca Updated Podman telemetry for server: insight-analytics-srv-02", "server": "insight-analytics-srv-02", "service": "api-gateway", "request_id": "system"}
{"timestamp": "2026-04-14T14:02:51.740438Z", "level": "INFO", "name": "telemetry-podman", "message": "\ud83d\udcca Updated Podman telemetry for server: insight-analytics-srv-03", "server": "insight-analytics-srv-03", "service": "api-gateway", "request_id": "system"}
{"timestamp": "2026-04-14T14:07:43.695653Z", "level": "INFO", "name": "telemetry-podman", "message": "\ud83d\udcca Updated Podman telemetry for server: core-banking-prime-srv-01", "server": "core-banking-prime-srv-01", "service": "api-gateway", "request_id": "system"}
{"timestamp": "2026-04-14T14:07:44.703084Z", "level": "INFO", "name": "telemetry-podman", "message": "\ud83d\udcca Updated Podman telemetry for server: core-banking-prime-srv-02", "server": "core-banking-prime-srv-02", "service": "api-gateway", "request_id": "system"}
{"timestamp": "2026-04-14T14:07:45.709376Z", "level": "INFO", "name": "telemetry-podman", "message": "\ud83d\udcca Updated Podman telemetry for server: core-banking-prime-srv-03", "server": "core-banking-prime-srv-03", "service": "api-gateway", "request_id": "system"}
{"timestamp": "2026-04-14T14:07:46.718081Z", "level": "INFO", "name": "telemetry-podman", "message": "\ud83d\udcca Updated Podman telemetry for server: nexus-payments-srv-01", "server": "nexus-payments-srv-01", "service": "api-gateway", "request_id": "system"}
{"timestamp": "2026-04-14T14:07:47.724607Z", "level": "INFO", "name": "telemetry-podman", "message": "\ud83d\udcca Updated Podman telemetry for server: nexus-payments-srv-02", "server": "nexus-payments-srv-02", "service": "api-gateway", "request_id": "system"}
{"timestamp": "2026-04-14T14:07:48.729400Z", "level": "INFO", "name": "telemetry-podman", "message": "\ud83d\udcca Updated Podman telemetry for server: nexus-payments-srv-03", "server": "nexus-payments-srv-03", "service": "api-gateway", "request_id": "system"}
{"timestamp": "2026-04-14T14:07:49.739098Z", "level": "INFO", "name": "telemetry-podman", "message": "\ud83d\udcca Updated Podman telemetry for server: insight-analytics-srv-01", "server": "insight-analytics-srv-01", "service": "api-gateway", "request_id": "system"}
{"timestamp": "2026-04-14T14:07:50.746667Z", "level": "INFO", "name": "telemetry-podman", "message": "\ud83d\udcca Updated Podman telemetry for server: insight-analytics-srv-02", "server": "insight-analytics-srv-02", "service": "api-gateway", "request_id": "system"}
{"timestamp": "2026-04-14T14:07:51.753610Z", "level": "INFO", "name": "telemetry-podman", "message": "\ud83d\udcca Updated Podman telemetry for server: insight-analytics-srv-03", "server": "insight-analytics-srv-03", "service": "api-gateway", "request_id": "system"}
{"timestamp": "2026-04-14T14:12:43.691902Z", "level": "INFO", "name": "telemetry-podman", "message": "\ud83d\udcca Updated Podman telemetry for server: core-banking-prime-srv-01", "server": "core-banking-prime-srv-01", "service": "api-gateway", "request_id": "system"}
{"timestamp": "2026-04-14T14:12:44.697950Z", "level": "INFO", "name": "telemetry-podman", "message": "\ud83d\udcca Updated Podman telemetry for server: core-banking-prime-srv-02", "server": "core-banking-prime-srv-02", "service": "api-gateway", "request_id": "system"}
{"timestamp": "2026-04-14T14:12:45.704322Z", "level": "INFO", "name": "telemetry-podman", "message": "\ud83d\udcca Updated Podman telemetry for server: core-banking-prime-srv-03", "server": "core-banking-prime-srv-03", "service": "api-gateway", "request_id": "system"}
{"timestamp": "2026-04-14T14:12:46.709506Z", "level": "INFO", "name": "telemetry-podman", "message": "\ud83d\udcca Updated Podman telemetry for server: nexus-payments-srv-01", "server": "nexus-payments-srv-01", "service": "api-gateway", "request_id": "system"}
{"timestamp": "2026-04-14T14:12:47.717984Z", "level": "INFO", "name": "telemetry-podman", "message": "\ud83d\udcca Updated Podman telemetry for server: nexus-payments-srv-02", "server": "nexus-payments-srv-02", "service": "api-gateway", "request_id": "system"}
{"timestamp": "2026-04-14T14:12:48.725479Z", "level": "INFO", "name": "telemetry-podman", "message": "\ud83d\udcca Updated Podman telemetry for server: nexus-payments-srv-03", "server": "nexus-payments-srv-03", "service": "api-gateway", "request_id": "system"}
{"timestamp": "2026-04-14T14:12:49.732337Z", "level": "INFO", "name": "telemetry-podman", "message": "\ud83d\udcca Updated Podman telemetry for server: insight-analytics-srv-01", "server": "insight-analytics-srv-01", "service": "api-gateway", "request_id": "system"}
{"timestamp": "2026-04-14T14:12:50.737798Z", "level": "INFO", "name": "telemetry-podman", "message": "\ud83d\udcca Updated Podman telemetry for server: insight-analytics-srv-02", "server": "insight-analytics-srv-02", "service": "api-gateway", "request_id": "system"}
{"timestamp": "2026-04-14T14:12:51.742637Z", "level": "INFO", "name": "telemetry-podman", "message": "\ud83d\udcca Updated Podman telemetry for server: insight-analytics-srv-03", "server": "insight-analytics-srv-03", "service": "api-gateway", "request_id": "system"}
{"timestamp": "2026-04-14T14:17:43.710778Z", "level": "INFO", "name": "telemetry-podman", "message": "\ud83d\udcca Updated Podman telemetry for server: core-banking-prime-srv-01", "server": "core-banking-prime-srv-01", "service": "api-gateway", "request_id": "system"}
{"timestamp": "2026-04-14T14:17:44.718574Z", "level": "INFO", "name": "telemetry-podman", "message": "\ud83d\udcca Updated Podman telemetry for server: core-banking-prime-srv-02", "server": "core-banking-prime-srv-02", "service": "api-gateway", "request_id": "system"}
{"timestamp": "2026-04-14T14:17:45.726552Z", "level": "INFO", "name": "telemetry-podman", "message": "\ud83d\udcca Updated Podman telemetry for server: core-banking-prime-srv-03", "server": "core-banking-prime-srv-03", "service": "api-gateway", "request_id": "system"}
{"timestamp": "2026-04-14T14:17:46.734334Z", "level": "INFO", "name": "telemetry-podman", "message": "\ud83d\udcca Updated Podman telemetry for server: nexus-payments-srv-01", "server": "nexus-payments-srv-01", "service": "api-gateway", "request_id": "system"}
{"timestamp": "2026-04-14T14:17:47.740929Z", "level": "INFO", "name": "telemetry-podman", "message": "\ud83d\udcca Updated Podman telemetry for server: nexus-payments-srv-02", "server": "nexus-payments-srv-02", "service": "api-gateway", "request_id": "system"}
{"timestamp": "2026-04-14T14:17:48.750094Z", "level": "INFO", "name": "telemetry-podman", "message": "\ud83d\udcca Updated Podman telemetry for server: nexus-payments-srv-03", "server": "nexus-payments-srv-03", "service": "api-gateway", "request_id": "system"}
{"timestamp": "2026-04-14T14:17:49.759617Z", "level": "INFO", "name": "telemetry-podman", "message": "\ud83d\udcca Updated Podman telemetry for server: insight-analytics-srv-01", "server": "insight-analytics-srv-01", "service": "api-gateway", "request_id": "system"}
{"timestamp": "2026-04-14T14:17:50.769181Z", "level": "INFO", "name": "telemetry-podman", "message": "\ud83d\udcca Updated Podman telemetry for server: insight-analytics-srv-02", "server": "insight-analytics-srv-02", "service": "api-gateway", "request_id": "system"}
{"timestamp": "2026-04-14T14:17:51.775312Z", "level": "INFO", "name": "telemetry-podman", "message": "\ud83d\udcca Updated Podman telemetry for server: insight-analytics-srv-03", "server": "insight-analytics-srv-03", "service": "api-gateway", "request_id": "system"}
{"timestamp": "2026-04-14T14:22:43.690146Z", "level": "INFO", "name": "telemetry-podman", "message": "\ud83d\udcca Updated Podman telemetry for server: core-banking-prime-srv-01", "server": "core-banking-prime-srv-01", "service": "api-gateway", "request_id": "system"}
{"timestamp": "2026-04-14T14:22:44.702420Z", "level": "INFO", "name": "telemetry-podman", "message": "\ud83d\udcca Updated Podman telemetry for server: core-banking-prime-srv-02", "server": "core-banking-prime-srv-02", "service": "api-gateway", "request_id": "system"}
{"timestamp": "2026-04-14T14:22:45.716820Z", "level": "INFO", "name": "telemetry-podman", "message": "\ud83d\udcca Updated Podman telemetry for server: core-banking-prime-srv-03", "server": "core-banking-prime-srv-03", "service": "api-gateway", "request_id": "system"}
{"timestamp": "2026-04-14T14:22:46.728366Z", "level": "INFO", "name": "telemetry-podman", "message": "\ud83d\udcca Updated Podman telemetry for server: nexus-payments-srv-01", "server": "nexus-payments-srv-01", "service": "api-gateway", "request_id": "system"}
{"timestamp": "2026-04-14T14:22:47.734221Z", "level": "INFO", "name": "telemetry-podman", "message": "\ud83d\udcca Updated Podman telemetry for server: nexus-payments-srv-02", "server": "nexus-payments-srv-02", "service": "api-gateway", "request_id": "system"}
{"timestamp": "2026-04-14T14:22:48.744053Z", "level": "INFO", "name": "telemetry-podman", "message": "\ud83d\udcca Updated Podman telemetry for server: nexus-payments-srv-03", "server": "nexus-payments-srv-03", "service": "api-gateway", "request_id": "system"}
{"timestamp": "2026-04-14T14:22:49.754685Z", "level": "INFO", "name": "telemetry-podman", "message": "\ud83d\udcca Updated Podman telemetry for server: insight-analytics-srv-01", "server": "insight-analytics-srv-01", "service": "api-gateway", "request_id": "system"}
{"timestamp": "2026-04-14T14:22:50.762560Z", "level": "INFO", "name": "telemetry-podman", "message": "\ud83d\udcca Updated Podman telemetry for server: insight-analytics-srv-02", "server": "insight-analytics-srv-02", "service": "api-gateway", "request_id": "system"}
{"timestamp": "2026-04-14T14:22:51.777563Z", "level": "INFO", "name": "telemetry-podman", "message": "\ud83d\udcca Updated Podman telemetry for server: insight-analytics-srv-03", "server": "insight-analytics-srv-03", "service": "api-gateway", "request_id": "system"}
{"timestamp": "2026-04-14T14:27:43.693277Z", "level": "INFO", "name": "telemetry-podman", "message": "\ud83d\udcca Updated Podman telemetry for server: core-banking-prime-srv-01", "server": "core-banking-prime-srv-01", "service": "api-gateway", "request_id": "system"}
{"timestamp": "2026-04-14T14:27:44.700973Z", "level": "INFO", "name": "telemetry-podman", "message": "\ud83d\udcca Updated Podman telemetry for server: core-banking-prime-srv-02", "server": "core-banking-prime-srv-02", "service": "api-gateway", "request_id": "system"}
{"timestamp": "2026-04-14T14:27:45.710879Z", "level": "INFO", "name": "telemetry-podman", "message": "\ud83d\udcca Updated Podman telemetry for server: core-banking-prime-srv-03", "server": "core-banking-prime-srv-03", "service": "api-gateway", "request_id": "system"}
{"timestamp": "2026-04-14T14:27:46.721961Z", "level": "INFO", "name": "telemetry-podman", "message": "\ud83d\udcca Updated Podman telemetry for server: nexus-payments-srv-01", "server": "nexus-payments-srv-01", "service": "api-gateway", "request_id": "system"}
{"timestamp": "2026-04-14T14:27:47.731448Z", "level": "INFO", "name": "telemetry-podman", "message": "\ud83d\udcca Updated Podman telemetry for server: nexus-payments-srv-02", "server": "nexus-payments-srv-02", "service": "api-gateway", "request_id": "system"}
{"timestamp": "2026-04-14T14:27:48.741916Z", "level": "INFO", "name": "telemetry-podman", "message": "\ud83d\udcca Updated Podman telemetry for server: nexus-payments-srv-03", "server": "nexus-payments-srv-03", "service": "api-gateway", "request_id": "system"}
{"timestamp": "2026-04-14T14:27:49.751012Z", "level": "INFO", "name": "telemetry-podman", "message": "\ud83d\udcca Updated Podman telemetry for server: insight-analytics-srv-01", "server": "insight-analytics-srv-01", "service": "api-gateway", "request_id": "system"}
{"timestamp": "2026-04-14T14:27:50.761431Z", "level": "INFO", "name": "telemetry-podman", "message": "\ud83d\udcca Updated Podman telemetry for server: insight-analytics-srv-02", "server": "insight-analytics-srv-02", "service": "api-gateway", "request_id": "system"}
{"timestamp": "2026-04-14T14:27:51.771522Z", "level": "INFO", "name": "telemetry-podman", "message": "\ud83d\udcca Updated Podman telemetry for server: insight-analytics-srv-03", "server": "insight-analytics-srv-03", "service": "api-gateway", "request_id": "system"}
{"timestamp": "2026-04-14T14:32:43.696197Z", "level": "INFO", "name": "telemetry-podman", "message": "\ud83d\udcca Updated Podman telemetry for server: core-banking-prime-srv-01", "server": "core-banking-prime-srv-01", "service": "api-gateway", "request_id": "system"}
{"timestamp": "2026-04-14T14:32:44.706634Z", "level": "INFO", "name": "telemetry-podman", "message": "\ud83d\udcca Updated Podman telemetry for server: core-banking-prime-srv-02", "server": "core-banking-prime-srv-02", "service": "api-gateway", "request_id": "system"}
{"timestamp": "2026-04-14T14:32:45.715640Z", "level": "INFO", "name": "telemetry-podman", "message": "\ud83d\udcca Updated Podman telemetry for server: core-banking-prime-srv-03", "server": "core-banking-prime-srv-03", "service": "api-gateway", "request_id": "system"}
{"timestamp": "2026-04-14T14:32:46.724208Z", "level": "INFO", "name": "telemetry-podman", "message": "\ud83d\udcca Updated Podman telemetry for server: nexus-payments-srv-01", "server": "nexus-payments-srv-01", "service": "api-gateway", "request_id": "system"}
{"timestamp": "2026-04-14T14:32:47.731472Z", "level": "INFO", "name": "telemetry-podman", "message": "\ud83d\udcca Updated Podman telemetry for server: nexus-payments-srv-02", "server": "nexus-payments-srv-02", "service": "api-gateway", "request_id": "system"}
{"timestamp": "2026-04-14T14:32:48.739351Z", "level": "INFO", "name": "telemetry-podman", "message": "\ud83d\udcca Updated Podman telemetry for server: nexus-payments-srv-03", "server": "nexus-payments-srv-03", "service": "api-gateway", "request_id": "system"}
{"timestamp": "2026-04-14T14:32:49.746940Z", "level": "INFO", "name": "telemetry-podman", "message": "\ud83d\udcca Updated Podman telemetry for server: insight-analytics-srv-01", "server": "insight-analytics-srv-01", "service": "api-gateway", "request_id": "system"}
{"timestamp": "2026-04-14T14:32:50.756511Z", "level": "INFO", "name": "telemetry-podman", "message": "\ud83d\udcca Updated Podman telemetry for server: insight-analytics-srv-02", "server": "insight-analytics-srv-02", "service": "api-gateway", "request_id": "system"}
{"timestamp": "2026-04-14T14:32:51.766848Z", "level": "INFO", "name": "telemetry-podman", "message": "\ud83d\udcca Updated Podman telemetry for server: insight-analytics-srv-03", "server": "insight-analytics-srv-03", "service": "api-gateway", "request_id": "system"}
{"timestamp": "2026-04-14T14:37:43.696847Z", "level": "INFO", "name": "telemetry-podman", "message": "\ud83d\udcca Updated Podman telemetry for server: core-banking-prime-srv-01", "server": "core-banking-prime-srv-01", "service": "api-gateway", "request_id": "system"}
{"timestamp": "2026-04-14T14:37:44.707330Z", "level": "INFO", "name": "telemetry-podman", "message": "\ud83d\udcca Updated Podman telemetry for server: core-banking-prime-srv-02", "server": "core-banking-prime-srv-02", "service": "api-gateway", "request_id": "system"}
{"timestamp": "2026-04-14T14:37:45.713648Z", "level": "INFO", "name": "telemetry-podman", "message": "\ud83d\udcca Updated Podman telemetry for server: core-banking-prime-srv-03", "server": "core-banking-prime-srv-03", "service": "api-gateway", "request_id": "system"}
{"timestamp": "2026-04-14T14:37:46.725038Z", "level": "INFO", "name": "telemetry-podman", "message": "\ud83d\udcca Updated Podman telemetry for server: nexus-payments-srv-01", "server": "nexus-payments-srv-01", "service": "api-gateway", "request_id": "system"}
{"timestamp": "2026-04-14T14:37:47.736868Z", "level": "INFO", "name": "telemetry-podman", "message": "\ud83d\udcca Updated Podman telemetry for server: nexus-payments-srv-02", "server": "nexus-payments-srv-02", "service": "api-gateway", "request_id": "system"}
{"timestamp": "2026-04-14T14:37:48.744835Z", "level": "INFO", "name": "telemetry-podman", "message": "\ud83d\udcca Updated Podman telemetry for server: nexus-payments-srv-03", "server": "nexus-payments-srv-03", "service": "api-gateway", "request_id": "system"}
{"timestamp": "2026-04-14T14:37:49.756412Z", "level": "INFO", "name": "telemetry-podman", "message": "\ud83d\udcca Updated Podman telemetry for server: insight-analytics-srv-01", "server": "insight-analytics-srv-01", "service": "api-gateway", "request_id": "system"}
{"timestamp": "2026-04-14T14:37:50.767859Z", "level": "INFO", "name": "telemetry-podman", "message": "\ud83d\udcca Updated Podman telemetry for server: insight-analytics-srv-02", "server": "insight-analytics-srv-02", "service": "api-gateway", "request_id": "system"}
{"timestamp": "2026-04-14T14:37:51.776571Z", "level": "INFO", "name": "telemetry-podman", "message": "\ud83d\udcca Updated Podman telemetry for server: insight-analytics-srv-03", "server": "insight-analytics-srv-03", "service": "api-gateway", "request_id": "system"}
{"timestamp": "2026-04-14T14:42:43.700399Z", "level": "INFO", "name": "telemetry-podman", "message": "\ud83d\udcca Updated Podman telemetry for server: core-banking-prime-srv-01", "server": "core-banking-prime-srv-01", "service": "api-gateway", "request_id": "system"}
{"timestamp": "2026-04-14T14:42:44.706422Z", "level": "INFO", "name": "telemetry-podman", "message": "\ud83d\udcca Updated Podman telemetry for server: core-banking-prime-srv-02", "server": "core-banking-prime-srv-02", "service": "api-gateway", "request_id": "system"}
{"timestamp": "2026-04-14T14:42:45.716866Z", "level": "INFO", "name": "telemetry-podman", "message": "\ud83d\udcca Updated Podman telemetry for server: core-banking-prime-srv-03", "server": "core-banking-prime-srv-03", "service": "api-gateway", "request_id": "system"}
{"timestamp": "2026-04-14T14:42:46.726336Z", "level": "INFO", "name": "telemetry-podman", "message": "\ud83d\udcca Updated Podman telemetry for server: nexus-payments-srv-01", "server": "nexus-payments-srv-01", "service": "api-gateway", "request_id": "system"}
{"timestamp": "2026-04-14T14:42:47.739584Z", "level": "INFO", "name": "telemetry-podman", "message": "\ud83d\udcca Updated Podman telemetry for server: nexus-payments-srv-02", "server": "nexus-payments-srv-02", "service": "api-gateway", "request_id": "system"}
{"timestamp": "2026-04-14T14:42:48.746776Z", "level": "INFO", "name": "telemetry-podman", "message": "\ud83d\udcca Updated Podman telemetry for server: nexus-payments-srv-03", "server": "nexus-payments-srv-03", "service": "api-gateway", "request_id": "system"}
{"timestamp": "2026-04-14T14:42:49.755859Z", "level": "INFO", "name": "telemetry-podman", "message": "\ud83d\udcca Updated Podman telemetry for server: insight-analytics-srv-01", "server": "insight-analytics-srv-01", "service": "api-gateway", "request_id": "system"}
{"timestamp": "2026-04-14T14:42:50.766890Z", "level": "INFO", "name": "telemetry-podman", "message": "\ud83d\udcca Updated Podman telemetry for server: insight-analytics-srv-02", "server": "insight-analytics-srv-02", "service": "api-gateway", "request_id": "system"}
{"timestamp": "2026-04-14T14:42:51.775923Z", "level": "INFO", "name": "telemetry-podman", "message": "\ud83d\udcca Updated Podman telemetry for server: insight-analytics-srv-03", "server": "insight-analytics-srv-03", "service": "api-gateway", "request_id": "system"}
{"timestamp": "2026-04-14T14:47:04.166709Z", "level": "INFO", "name": "telemetry-podman", "message": "\ud83d\uded1 Telemetry Engine Shutdown Successfully", "service": "api-gateway", "request_id": "system"}
{"timestamp": "2026-04-14T14:47:04.607688Z", "level": "INFO", "name": "telemetry-podman", "message": "\u2705 Podman Telemetry Registered (every 5m)", "service": "api-gateway", "request_id": "system"}
{"timestamp": "2026-04-14T14:47:04.607997Z", "level": "INFO", "name": "telemetry-podman", "message": "\ud83d\ude80 Telemetry Engine Started", "service": "api-gateway", "request_id": "system"}
{"timestamp": "2026-04-14T14:51:58.083807Z", "level": "INFO", "name": "telemetry-podman", "message": "\ud83d\uded1 Telemetry Engine Shutdown Successfully", "service": "api-gateway", "request_id": "system"}
{"timestamp": "2026-04-14T14:51:59.353227Z", "level": "INFO", "name": "telemetry-podman", "message": "\u2705 Podman Telemetry Registered (every 5m)", "service": "api-gateway", "request_id": "system"}
{"timestamp": "2026-04-14T14:51:59.353493Z", "level": "INFO", "name": "telemetry-podman", "message": "\ud83d\ude80 Telemetry Engine Started", "service": "api-gateway", "request_id": "system"}
{"timestamp": "2026-04-14T14:57:00.387446Z", "level": "INFO", "name": "telemetry-podman", "message": "\ud83d\udcca Updated Podman telemetry for server: core-banking-prime-srv-01", "server": "core-banking-prime-srv-01", "service": "api-gateway", "request_id": "system"}
{"timestamp": "2026-04-14T14:57:01.395478Z", "level": "INFO", "name": "telemetry-podman", "message": "\ud83d\udcca Updated Podman telemetry for server: core-banking-prime-srv-02", "server": "core-banking-prime-srv-02", "service": "api-gateway", "request_id": "system"}
{"timestamp": "2026-04-14T14:57:02.406513Z", "level": "INFO", "name": "telemetry-podman", "message": "\ud83d\udcca Updated Podman telemetry for server: core-banking-prime-srv-03", "server": "core-banking-prime-srv-03", "service": "api-gateway", "request_id": "system"}
{"timestamp": "2026-04-14T14:57:03.416478Z", "level": "INFO", "name": "telemetry-podman", "message": "\ud83d\udcca Updated Podman telemetry for server: nexus-payments-srv-01", "server": "nexus-payments-srv-01", "service": "api-gateway", "request_id": "system"}
{"timestamp": "2026-04-14T14:57:04.428982Z", "level": "INFO", "name": "telemetry-podman", "message": "\ud83d\udcca Updated Podman telemetry for server: nexus-payments-srv-02", "server": "nexus-payments-srv-02", "service": "api-gateway", "request_id": "system"}
{"timestamp": "2026-04-14T14:57:05.437449Z", "level": "INFO", "name": "telemetry-podman", "message": "\ud83d\udcca Updated Podman telemetry for server: nexus-payments-srv-03", "server": "nexus-payments-srv-03", "service": "api-gateway", "request_id": "system"}
{"timestamp": "2026-04-14T14:57:06.447311Z", "level": "INFO", "name": "telemetry-podman", "message": "\ud83d\udcca Updated Podman telemetry for server: insight-analytics-srv-01", "server": "insight-analytics-srv-01", "service": "api-gateway", "request_id": "system"}
{"timestamp": "2026-04-14T14:57:07.459370Z", "level": "INFO", "name": "telemetry-podman", "message": "\ud83d\udcca Updated Podman telemetry for server: insight-analytics-srv-02", "server": "insight-analytics-srv-02", "service": "api-gateway", "request_id": "system"}
{"timestamp": "2026-04-14T14:57:08.468202Z", "level": "INFO", "name": "telemetry-podman", "message": "\ud83d\udcca Updated Podman telemetry for server: insight-analytics-srv-03", "server": "insight-analytics-srv-03", "service": "api-gateway", "request_id": "system"}
{"timestamp": "2026-04-14T15:02:00.375099Z", "level": "INFO", "name": "telemetry-podman", "message": "\ud83d\udcca Updated Podman telemetry for server: core-banking-prime-srv-01", "server": "core-banking-prime-srv-01", "service": "api-gateway", "request_id": "system"}
{"timestamp": "2026-04-14T15:02:01.387387Z", "level": "INFO", "name": "telemetry-podman", "message": "\ud83d\udcca Updated Podman telemetry for server: core-banking-prime-srv-02", "server": "core-banking-prime-srv-02", "service": "api-gateway", "request_id": "system"}
{"timestamp": "2026-04-14T15:02:02.397964Z", "level": "INFO", "name": "telemetry-podman", "message": "\ud83d\udcca Updated Podman telemetry for server: core-banking-prime-srv-03", "server": "core-banking-prime-srv-03", "service": "api-gateway", "request_id": "system"}
{"timestamp": "2026-04-14T15:02:03.407303Z", "level": "INFO", "name": "telemetry-podman", "message": "\ud83d\udcca Updated Podman telemetry for server: nexus-payments-srv-01", "server": "nexus-payments-srv-01", "service": "api-gateway", "request_id": "system"}
{"timestamp": "2026-04-14T15:02:04.418441Z", "level": "INFO", "name": "telemetry-podman", "message": "\ud83d\udcca Updated Podman telemetry for server: nexus-payments-srv-02", "server": "nexus-payments-srv-02", "service": "api-gateway", "request_id": "system"}
{"timestamp": "2026-04-14T15:02:05.429568Z", "level": "INFO", "name": "telemetry-podman", "message": "\ud83d\udcca Updated Podman telemetry for server: nexus-payments-srv-03", "server": "nexus-payments-srv-03", "service": "api-gateway", "request_id": "system"}
{"timestamp": "2026-04-14T15:02:06.441030Z", "level": "INFO", "name": "telemetry-podman", "message": "\ud83d\udcca Updated Podman telemetry for server: insight-analytics-srv-01", "server": "insight-analytics-srv-01", "service": "api-gateway", "request_id": "system"}
{"timestamp": "2026-04-14T15:02:07.450816Z", "level": "INFO", "name": "telemetry-podman", "message": "\ud83d\udcca Updated Podman telemetry for server: insight-analytics-srv-02", "server": "insight-analytics-srv-02", "service": "api-gateway", "request_id": "system"}
{"timestamp": "2026-04-14T15:02:08.459426Z", "level": "INFO", "name": "telemetry-podman", "message": "\ud83d\udcca Updated Podman telemetry for server: insight-analytics-srv-03", "server": "insight-analytics-srv-03", "service": "api-gateway", "request_id": "system"}
{"timestamp": "2026-04-14T15:07:00.374861Z", "level": "INFO", "name": "telemetry-podman", "message": "\ud83d\udcca Updated Podman telemetry for server: core-banking-prime-srv-01", "server": "core-banking-prime-srv-01", "service": "api-gateway", "request_id": "system"}
{"timestamp": "2026-04-14T15:07:01.383057Z", "level": "INFO", "name": "telemetry-podman", "message": "\ud83d\udcca Updated Podman telemetry for server: core-banking-prime-srv-02", "server": "core-banking-prime-srv-02", "service": "api-gateway", "request_id": "system"}
{"timestamp": "2026-04-14T15:07:02.392041Z", "level": "INFO", "name": "telemetry-podman", "message": "\ud83d\udcca Updated Podman telemetry for server: core-banking-prime-srv-03", "server": "core-banking-prime-srv-03", "service": "api-gateway", "request_id": "system"}
{"timestamp": "2026-04-14T15:07:03.403935Z", "level": "INFO", "name": "telemetry-podman", "message": "\ud83d\udcca Updated Podman telemetry for server: nexus-payments-srv-01", "server": "nexus-payments-srv-01", "service": "api-gateway", "request_id": "system"}
{"timestamp": "2026-04-14T15:07:04.415280Z", "level": "INFO", "name": "telemetry-podman", "message": "\ud83d\udcca Updated Podman telemetry for server: nexus-payments-srv-02", "server": "nexus-payments-srv-02", "service": "api-gateway", "request_id": "system"}
{"timestamp": "2026-04-14T15:07:05.423928Z", "level": "INFO", "name": "telemetry-podman", "message": "\ud83d\udcca Updated Podman telemetry for server: nexus-payments-srv-03", "server": "nexus-payments-srv-03", "service": "api-gateway", "request_id": "system"}
{"timestamp": "2026-04-14T15:07:06.428247Z", "level": "INFO", "name": "telemetry-podman", "message": "\ud83d\udcca Updated Podman telemetry for server: insight-analytics-srv-01", "server": "insight-analytics-srv-01", "service": "api-gateway", "request_id": "system"}
{"timestamp": "2026-04-14T15:07:07.439949Z", "level": "INFO", "name": "telemetry-podman", "message": "\ud83d\udcca Updated Podman telemetry for server: insight-analytics-srv-02", "server": "insight-analytics-srv-02", "service": "api-gateway", "request_id": "system"}
{"timestamp": "2026-04-14T15:07:08.449419Z", "level": "INFO", "name": "telemetry-podman", "message": "\ud83d\udcca Updated Podman telemetry for server: insight-analytics-srv-03", "server": "insight-analytics-srv-03", "service": "api-gateway", "request_id": "system"}
{"timestamp": "2026-04-14T15:10:53.886127Z", "level": "INFO", "name": "telemetry-podman", "message": "\ud83d\uded1 Telemetry Engine Shutdown Successfully", "service": "api-gateway", "request_id": "system"}
{"timestamp": "2026-04-14T15:10:54.320799Z", "level": "INFO", "name": "telemetry-podman", "message": "\u2705 Podman Telemetry Registered (every 5m)", "service": "api-gateway", "request_id": "system"}
{"timestamp": "2026-04-14T15:10:54.321089Z", "level": "INFO", "name": "telemetry-podman", "message": "\ud83d\ude80 Telemetry Engine Started", "service": "api-gateway", "request_id": "system"}
{"timestamp": "2026-04-14T15:15:02.781790Z", "level": "INFO", "name": "telemetry-podman", "message": "\ud83d\uded1 Telemetry Engine Shutdown Successfully", "service": "api-gateway", "request_id": "system"}
{"timestamp": "2026-04-14T15:15:04.182096Z", "level": "INFO", "name": "telemetry-podman", "message": "\u2705 Podman Telemetry Registered (every 5m)", "service": "api-gateway", "request_id": "system"}
{"timestamp": "2026-04-14T15:15:04.182397Z", "level": "INFO", "name": "telemetry-podman", "message": "\ud83d\ude80 Telemetry Engine Started", "service": "api-gateway", "request_id": "system"}
{"timestamp": "2026-04-14T15:20:05.213296Z", "level": "INFO", "name": "telemetry-podman", "message": "\ud83d\udcca Updated Podman telemetry for server: core-banking-prime-srv-01", "server": "core-banking-prime-srv-01", "service": "api-gateway", "request_id": "system"}
{"timestamp": "2026-04-14T15:20:06.218863Z", "level": "INFO", "name": "telemetry-podman", "message": "\ud83d\udcca Updated Podman telemetry for server: core-banking-prime-srv-02", "server": "core-banking-prime-srv-02", "service": "api-gateway", "request_id": "system"}
{"timestamp": "2026-04-14T15:20:07.223392Z", "level": "INFO", "name": "telemetry-podman", "message": "\ud83d\udcca Updated Podman telemetry for server: core-banking-prime-srv-03", "server": "core-banking-prime-srv-03", "service": "api-gateway", "request_id": "system"}
{"timestamp": "2026-04-14T15:20:08.232145Z", "level": "INFO", "name": "telemetry-podman", "message": "\ud83d\udcca Updated Podman telemetry for server: nexus-payments-srv-01", "server": "nexus-payments-srv-01", "service": "api-gateway", "request_id": "system"}
{"timestamp": "2026-04-14T15:20:09.240452Z", "level": "INFO", "name": "telemetry-podman", "message": "\ud83d\udcca Updated Podman telemetry for server: nexus-payments-srv-02", "server": "nexus-payments-srv-02", "service": "api-gateway", "request_id": "system"}
{"timestamp": "2026-04-14T15:20:10.244263Z", "level": "INFO", "name": "telemetry-podman", "message": "\ud83d\udcca Updated Podman telemetry for server: nexus-payments-srv-03", "server": "nexus-payments-srv-03", "service": "api-gateway", "request_id": "system"}
{"timestamp": "2026-04-14T15:20:11.249725Z", "level": "INFO", "name": "telemetry-podman", "message": "\ud83d\udcca Updated Podman telemetry for server: insight-analytics-srv-01", "server": "insight-analytics-srv-01", "service": "api-gateway", "request_id": "system"}
{"timestamp": "2026-04-14T15:20:12.253148Z", "level": "INFO", "name": "telemetry-podman", "message": "\ud83d\udcca Updated Podman telemetry for server: insight-analytics-srv-02", "server": "insight-analytics-srv-02", "service": "api-gateway", "request_id": "system"}
{"timestamp": "2026-04-14T15:20:13.263344Z", "level": "INFO", "name": "telemetry-podman", "message": "\ud83d\udcca Updated Podman telemetry for server: insight-analytics-srv-03", "server": "insight-analytics-srv-03", "service": "api-gateway", "request_id": "system"}
{"timestamp": "2026-04-14T15:25:05.217232Z", "level": "INFO", "name": "telemetry-podman", "message": "\ud83d\udcca Updated Podman telemetry for server: core-banking-prime-srv-01", "server": "core-banking-prime-srv-01", "service": "api-gateway", "request_id": "system"}
{"timestamp": "2026-04-14T15:25:06.222431Z", "level": "INFO", "name": "telemetry-podman", "message": "\ud83d\udcca Updated Podman telemetry for server: core-banking-prime-srv-02", "server": "core-banking-prime-srv-02", "service": "api-gateway", "request_id": "system"}
{"timestamp": "2026-04-14T15:25:07.226168Z", "level": "INFO", "name": "telemetry-podman", "message": "\ud83d\udcca Updated Podman telemetry for server: core-banking-prime-srv-03", "server": "core-banking-prime-srv-03", "service": "api-gateway", "request_id": "system"}
{"timestamp": "2026-04-14T15:25:08.235368Z", "level": "INFO", "name": "telemetry-podman", "message": "\ud83d\udcca Updated Podman telemetry for server: nexus-payments-srv-01", "server": "nexus-payments-srv-01", "service": "api-gateway", "request_id": "system"}
{"timestamp": "2026-04-14T15:25:09.242056Z", "level": "INFO", "name": "telemetry-podman", "message": "\ud83d\udcca Updated Podman telemetry for server: nexus-payments-srv-02", "server": "nexus-payments-srv-02", "service": "api-gateway", "request_id": "system"}
{"timestamp": "2026-04-14T15:25:10.248664Z", "level": "INFO", "name": "telemetry-podman", "message": "\ud83d\udcca Updated Podman telemetry for server: nexus-payments-srv-03", "server": "nexus-payments-srv-03", "service": "api-gateway", "request_id": "system"}
{"timestamp": "2026-04-14T15:25:11.256261Z", "level": "INFO", "name": "telemetry-podman", "message": "\ud83d\udcca Updated Podman telemetry for server: insight-analytics-srv-01", "server": "insight-analytics-srv-01", "service": "api-gateway", "request_id": "system"}
{"timestamp": "2026-04-14T15:25:12.264021Z", "level": "INFO", "name": "telemetry-podman", "message": "\ud83d\udcca Updated Podman telemetry for server: insight-analytics-srv-02", "server": "insight-analytics-srv-02", "service": "api-gateway", "request_id": "system"}
{"timestamp": "2026-04-14T15:25:13.271800Z", "level": "INFO", "name": "telemetry-podman", "message": "\ud83d\udcca Updated Podman telemetry for server: insight-analytics-srv-03", "server": "insight-analytics-srv-03", "service": "api-gateway", "request_id": "system"}
{"timestamp": "2026-04-14T15:30:05.205249Z", "level": "INFO", "name": "telemetry-podman", "message": "\ud83d\udcca Updated Podman telemetry for server: core-banking-prime-srv-01", "server": "core-banking-prime-srv-01", "service": "api-gateway", "request_id": "system"}
{"timestamp": "2026-04-14T15:30:06.215157Z", "level": "INFO", "name": "telemetry-podman", "message": "\ud83d\udcca Updated Podman telemetry for server: core-banking-prime-srv-02", "server": "core-banking-prime-srv-02", "service": "api-gateway", "request_id": "system"}
{"timestamp": "2026-04-14T15:30:07.224067Z", "level": "INFO", "name": "telemetry-podman", "message": "\ud83d\udcca Updated Podman telemetry for server: core-banking-prime-srv-03", "server": "core-banking-prime-srv-03", "service": "api-gateway", "request_id": "system"}
{"timestamp": "2026-04-14T15:30:08.235312Z", "level": "INFO", "name": "telemetry-podman", "message": "\ud83d\udcca Updated Podman telemetry for server: nexus-payments-srv-01", "server": "nexus-payments-srv-01", "service": "api-gateway", "request_id": "system"}
{"timestamp": "2026-04-14T15:30:09.245536Z", "level": "INFO", "name": "telemetry-podman", "message": "\ud83d\udcca Updated Podman telemetry for server: nexus-payments-srv-02", "server": "nexus-payments-srv-02", "service": "api-gateway", "request_id": "system"}
{"timestamp": "2026-04-14T15:30:10.256141Z", "level": "INFO", "name": "telemetry-podman", "message": "\ud83d\udcca Updated Podman telemetry for server: nexus-payments-srv-03", "server": "nexus-payments-srv-03", "service": "api-gateway", "request_id": "system"}
{"timestamp": "2026-04-14T15:30:11.263713Z", "level": "INFO", "name": "telemetry-podman", "message": "\ud83d\udcca Updated Podman telemetry for server: insight-analytics-srv-01", "server": "insight-analytics-srv-01", "service": "api-gateway", "request_id": "system"}
{"timestamp": "2026-04-14T15:30:12.275278Z", "level": "INFO", "name": "telemetry-podman", "message": "\ud83d\udcca Updated Podman telemetry for server: insight-analytics-srv-02", "server": "insight-analytics-srv-02", "service": "api-gateway", "request_id": "system"}
{"timestamp": "2026-04-14T15:30:13.283469Z", "level": "INFO", "name": "telemetry-podman", "message": "\ud83d\udcca Updated Podman telemetry for server: insight-analytics-srv-03", "server": "insight-analytics-srv-03", "service": "api-gateway", "request_id": "system"}
{"timestamp": "2026-04-14T15:35:05.202417Z", "level": "INFO", "name": "telemetry-podman", "message": "\ud83d\udcca Updated Podman telemetry for server: core-banking-prime-srv-01", "server": "core-banking-prime-srv-01", "service": "api-gateway", "request_id": "system"}
{"timestamp": "2026-04-14T15:35:06.211204Z", "level": "INFO", "name": "telemetry-podman", "message": "\ud83d\udcca Updated Podman telemetry for server: core-banking-prime-srv-02", "server": "core-banking-prime-srv-02", "service": "api-gateway", "request_id": "system"}
{"timestamp": "2026-04-14T15:35:07.218868Z", "level": "INFO", "name": "telemetry-podman", "message": "\ud83d\udcca Updated Podman telemetry for server: core-banking-prime-srv-03", "server": "core-banking-prime-srv-03", "service": "api-gateway", "request_id": "system"}
{"timestamp": "2026-04-14T15:35:08.227157Z", "level": "INFO", "name": "telemetry-podman", "message": "\ud83d\udcca Updated Podman telemetry for server: nexus-payments-srv-01", "server": "nexus-payments-srv-01", "service": "api-gateway", "request_id": "system"}
{"timestamp": "2026-04-14T15:35:09.235581Z", "level": "INFO", "name": "telemetry-podman", "message": "\ud83d\udcca Updated Podman telemetry for server: nexus-payments-srv-02", "server": "nexus-payments-srv-02", "service": "api-gateway", "request_id": "system"}
{"timestamp": "2026-04-14T15:35:10.243760Z", "level": "INFO", "name": "telemetry-podman", "message": "\ud83d\udcca Updated Podman telemetry for server: nexus-payments-srv-03", "server": "nexus-payments-srv-03", "service": "api-gateway", "request_id": "system"}
{"timestamp": "2026-04-14T15:35:11.248809Z", "level": "INFO", "name": "telemetry-podman", "message": "\ud83d\udcca Updated Podman telemetry for server: insight-analytics-srv-01", "server": "insight-analytics-srv-01", "service": "api-gateway", "request_id": "system"}
{"timestamp": "2026-04-14T15:35:12.257817Z", "level": "INFO", "name": "telemetry-podman", "message": "\ud83d\udcca Updated Podman telemetry for server: insight-analytics-srv-02", "server": "insight-analytics-srv-02", "service": "api-gateway", "request_id": "system"}
{"timestamp": "2026-04-14T15:35:13.267342Z", "level": "INFO", "name": "telemetry-podman", "message": "\ud83d\udcca Updated Podman telemetry for server: insight-analytics-srv-03", "server": "insight-analytics-srv-03", "service": "api-gateway", "request_id": "system"}
{"timestamp": "2026-04-14T15:40:05.206881Z", "level": "INFO", "name": "telemetry-podman", "message": "\ud83d\udcca Updated Podman telemetry for server: core-banking-prime-srv-01", "server": "core-banking-prime-srv-01", "service": "api-gateway", "request_id": "system"}
{"timestamp": "2026-04-14T15:40:06.216631Z", "level": "INFO", "name": "telemetry-podman", "message": "\ud83d\udcca Updated Podman telemetry for server: core-banking-prime-srv-02", "server": "core-banking-prime-srv-02", "service": "api-gateway", "request_id": "system"}
{"timestamp": "2026-04-14T15:40:07.224122Z", "level": "INFO", "name": "telemetry-podman", "message": "\ud83d\udcca Updated Podman telemetry for server: core-banking-prime-srv-03", "server": "core-banking-prime-srv-03", "service": "api-gateway", "request_id": "system"}
{"timestamp": "2026-04-14T15:40:08.232392Z", "level": "INFO", "name": "telemetry-podman", "message": "\ud83d\udcca Updated Podman telemetry for server: nexus-payments-srv-01", "server": "nexus-payments-srv-01", "service": "api-gateway", "request_id": "system"}
{"timestamp": "2026-04-14T15:40:09.243064Z", "level": "INFO", "name": "telemetry-podman", "message": "\ud83d\udcca Updated Podman telemetry for server: nexus-payments-srv-02", "server": "nexus-payments-srv-02", "service": "api-gateway", "request_id": "system"}
{"timestamp": "2026-04-14T15:40:10.253804Z", "level": "INFO", "name": "telemetry-podman", "message": "\ud83d\udcca Updated Podman telemetry for server: nexus-payments-srv-03", "server": "nexus-payments-srv-03", "service": "api-gateway", "request_id": "system"}
{"timestamp": "2026-04-14T15:40:11.262987Z", "level": "INFO", "name": "telemetry-podman", "message": "\ud83d\udcca Updated Podman telemetry for server: insight-analytics-srv-01", "server": "insight-analytics-srv-01", "service": "api-gateway", "request_id": "system"}
{"timestamp": "2026-04-14T15:40:12.269766Z", "level": "INFO", "name": "telemetry-podman", "message": "\ud83d\udcca Updated Podman telemetry for server: insight-analytics-srv-02", "server": "insight-analytics-srv-02", "service": "api-gateway", "request_id": "system"}
{"timestamp": "2026-04-14T15:40:13.280178Z", "level": "INFO", "name": "telemetry-podman", "message": "\ud83d\udcca Updated Podman telemetry for server: insight-analytics-srv-03", "server": "insight-analytics-srv-03", "service": "api-gateway", "request_id": "system"}
{"timestamp": "2026-04-14T15:45:05.201196Z", "level": "INFO", "name": "telemetry-podman", "message": "\ud83d\udcca Updated Podman telemetry for server: core-banking-prime-srv-01", "server": "core-banking-prime-srv-01", "service": "api-gateway", "request_id": "system"}
{"timestamp": "2026-04-14T15:45:06.207297Z", "level": "INFO", "name": "telemetry-podman", "message": "\ud83d\udcca Updated Podman telemetry for server: core-banking-prime-srv-02", "server": "core-banking-prime-srv-02", "service": "api-gateway", "request_id": "system"}
{"timestamp": "2026-04-14T15:45:07.214590Z", "level": "INFO", "name": "telemetry-podman", "message": "\ud83d\udcca Updated Podman telemetry for server: core-banking-prime-srv-03", "server": "core-banking-prime-srv-03", "service": "api-gateway", "request_id": "system"}
{"timestamp": "2026-04-14T15:45:08.221301Z", "level": "INFO", "name": "telemetry-podman", "message": "\ud83d\udcca Updated Podman telemetry for server: nexus-payments-srv-01", "server": "nexus-payments-srv-01", "service": "api-gateway", "request_id": "system"}
{"timestamp": "2026-04-14T15:45:09.231203Z", "level": "INFO", "name": "telemetry-podman", "message": "\ud83d\udcca Updated Podman telemetry for server: nexus-payments-srv-02", "server": "nexus-payments-srv-02", "service": "api-gateway", "request_id": "system"}
{"timestamp": "2026-04-14T15:45:10.237214Z", "level": "INFO", "name": "telemetry-podman", "message": "\ud83d\udcca Updated Podman telemetry for server: nexus-payments-srv-03", "server": "nexus-payments-srv-03", "service": "api-gateway", "request_id": "system"}
{"timestamp": "2026-04-14T15:45:11.242161Z", "level": "INFO", "name": "telemetry-podman", "message": "\ud83d\udcca Updated Podman telemetry for server: insight-analytics-srv-01", "server": "insight-analytics-srv-01", "service": "api-gateway", "request_id": "system"}
{"timestamp": "2026-04-14T15:45:12.248601Z", "level": "INFO", "name": "telemetry-podman", "message": "\ud83d\udcca Updated Podman telemetry for server: insight-analytics-srv-02", "server": "insight-analytics-srv-02", "service": "api-gateway", "request_id": "system"}
{"timestamp": "2026-04-14T15:45:13.255808Z", "level": "INFO", "name": "telemetry-podman", "message": "\ud83d\udcca Updated Podman telemetry for server: insight-analytics-srv-03", "server": "insight-analytics-srv-03", "service": "api-gateway", "request_id": "system"}
{"timestamp": "2026-04-14T15:50:05.206343Z", "level": "INFO", "name": "telemetry-podman", "message": "\ud83d\udcca Updated Podman telemetry for server: core-banking-prime-srv-01", "server": "core-banking-prime-srv-01", "service": "api-gateway", "request_id": "system"}
{"timestamp": "2026-04-14T15:50:06.214317Z", "level": "INFO", "name": "telemetry-podman", "message": "\ud83d\udcca Updated Podman telemetry for server: core-banking-prime-srv-02", "server": "core-banking-prime-srv-02", "service": "api-gateway", "request_id": "system"}
{"timestamp": "2026-04-14T15:50:07.224567Z", "level": "INFO", "name": "telemetry-podman", "message": "\ud83d\udcca Updated Podman telemetry for server: core-banking-prime-srv-03", "server": "core-banking-prime-srv-03", "service": "api-gateway", "request_id": "system"}
{"timestamp": "2026-04-14T15:50:08.238807Z", "level": "INFO", "name": "telemetry-podman", "message": "\ud83d\udcca Updated Podman telemetry for server: nexus-payments-srv-01", "server": "nexus-payments-srv-01", "service": "api-gateway", "request_id": "system"}
{"timestamp": "2026-04-14T15:50:09.247991Z", "level": "INFO", "name": "telemetry-podman", "message": "\ud83d\udcca Updated Podman telemetry for server: nexus-payments-srv-02", "server": "nexus-payments-srv-02", "service": "api-gateway", "request_id": "system"}
{"timestamp": "2026-04-14T15:50:10.256462Z", "level": "INFO", "name": "telemetry-podman", "message": "\ud83d\udcca Updated Podman telemetry for server: nexus-payments-srv-03", "server": "nexus-payments-srv-03", "service": "api-gateway", "request_id": "system"}
{"timestamp": "2026-04-14T15:50:11.262369Z", "level": "INFO", "name": "telemetry-podman", "message": "\ud83d\udcca Updated Podman telemetry for server: insight-analytics-srv-01", "server": "insight-analytics-srv-01", "service": "api-gateway", "request_id": "system"}
{"timestamp": "2026-04-14T15:50:12.275963Z", "level": "INFO", "name": "telemetry-podman", "message": "\ud83d\udcca Updated Podman telemetry for server: insight-analytics-srv-02", "server": "insight-analytics-srv-02", "service": "api-gateway", "request_id": "system"}
{"timestamp": "2026-04-14T15:50:13.286622Z", "level": "INFO", "name": "telemetry-podman", "message": "\ud83d\udcca Updated Podman telemetry for server: insight-analytics-srv-03", "server": "insight-analytics-srv-03", "service": "api-gateway", "request_id": "system"}
{"timestamp": "2026-04-14T16:00:05.210847Z", "level": "INFO", "name": "telemetry-podman", "message": "\ud83d\udcca Updated Podman telemetry for server: core-banking-prime-srv-01", "server": "core-banking-prime-srv-01", "service": "api-gateway", "request_id": "system"}
{"timestamp": "2026-04-14T16:00:06.220978Z", "level": "INFO", "name": "telemetry-podman", "message": "\ud83d\udcca Updated Podman telemetry for server: core-banking-prime-srv-02", "server": "core-banking-prime-srv-02", "service": "api-gateway", "request_id": "system"}
{"timestamp": "2026-04-14T16:00:07.231546Z", "level": "INFO", "name": "telemetry-podman", "message": "\ud83d\udcca Updated Podman telemetry for server: core-banking-prime-srv-03", "server": "core-banking-prime-srv-03", "service": "api-gateway", "request_id": "system"}
{"timestamp": "2026-04-14T16:00:08.244228Z", "level": "INFO", "name": "telemetry-podman", "message": "\ud83d\udcca Updated Podman telemetry for server: nexus-payments-srv-01", "server": "nexus-payments-srv-01", "service": "api-gateway", "request_id": "system"}
{"timestamp": "2026-04-14T16:00:09.252810Z", "level": "INFO", "name": "telemetry-podman", "message": "\ud83d\udcca Updated Podman telemetry for server: nexus-payments-srv-02", "server": "nexus-payments-srv-02", "service": "api-gateway", "request_id": "system"}
{"timestamp": "2026-04-14T16:00:10.264100Z", "level": "INFO", "name": "telemetry-podman", "message": "\ud83d\udcca Updated Podman telemetry for server: nexus-payments-srv-03", "server": "nexus-payments-srv-03", "service": "api-gateway", "request_id": "system"}
{"timestamp": "2026-04-14T16:00:11.275228Z", "level": "INFO", "name": "telemetry-podman", "message": "\ud83d\udcca Updated Podman telemetry for server: insight-analytics-srv-01", "server": "insight-analytics-srv-01", "service": "api-gateway", "request_id": "system"}
{"timestamp": "2026-04-14T16:00:12.284215Z", "level": "INFO", "name": "telemetry-podman", "message": "\ud83d\udcca Updated Podman telemetry for server: insight-analytics-srv-02", "server": "insight-analytics-srv-02", "service": "api-gateway", "request_id": "system"}
{"timestamp": "2026-04-14T16:00:13.293837Z", "level": "INFO", "name": "telemetry-podman", "message": "\ud83d\udcca Updated Podman telemetry for server: insight-analytics-srv-03", "server": "insight-analytics-srv-03", "service": "api-gateway", "request_id": "system"}
{"timestamp": "2026-04-14T16:05:05.204336Z", "level": "INFO", "name": "telemetry-podman", "message": "\ud83d\udcca Updated Podman telemetry for server: core-banking-prime-srv-01", "server": "core-banking-prime-srv-01", "service": "api-gateway", "request_id": "system"}
{"timestamp": "2026-04-14T16:05:06.214786Z", "level": "INFO", "name": "telemetry-podman", "message": "\ud83d\udcca Updated Podman telemetry for server: core-banking-prime-srv-02", "server": "core-banking-prime-srv-02", "service": "api-gateway", "request_id": "system"}
{"timestamp": "2026-04-14T16:05:07.226100Z", "level": "INFO", "name": "telemetry-podman", "message": "\ud83d\udcca Updated Podman telemetry for server: core-banking-prime-srv-03", "server": "core-banking-prime-srv-03", "service": "api-gateway", "request_id": "system"}
{"timestamp": "2026-04-14T16:05:08.236069Z", "level": "INFO", "name": "telemetry-podman", "message": "\ud83d\udcca Updated Podman telemetry for server: nexus-payments-srv-01", "server": "nexus-payments-srv-01", "service": "api-gateway", "request_id": "system"}
{"timestamp": "2026-04-14T16:05:09.244704Z", "level": "INFO", "name": "telemetry-podman", "message": "\ud83d\udcca Updated Podman telemetry for server: nexus-payments-srv-02", "server": "nexus-payments-srv-02", "service": "api-gateway", "request_id": "system"}
{"timestamp": "2026-04-14T16:05:10.255283Z", "level": "INFO", "name": "telemetry-podman", "message": "\ud83d\udcca Updated Podman telemetry for server: nexus-payments-srv-03", "server": "nexus-payments-srv-03", "service": "api-gateway", "request_id": "system"}
{"timestamp": "2026-04-14T16:05:11.265901Z", "level": "INFO", "name": "telemetry-podman", "message": "\ud83d\udcca Updated Podman telemetry for server: insight-analytics-srv-01", "server": "insight-analytics-srv-01", "service": "api-gateway", "request_id": "system"}
{"timestamp": "2026-04-14T16:05:12.273780Z", "level": "INFO", "name": "telemetry-podman", "message": "\ud83d\udcca Updated Podman telemetry for server: insight-analytics-srv-02", "server": "insight-analytics-srv-02", "service": "api-gateway", "request_id": "system"}
{"timestamp": "2026-04-14T16:05:13.281442Z", "level": "INFO", "name": "telemetry-podman", "message": "\ud83d\udcca Updated Podman telemetry for server: insight-analytics-srv-03", "server": "insight-analytics-srv-03", "service": "api-gateway", "request_id": "system"}
{"timestamp": "2026-04-14T16:10:05.213682Z", "level": "INFO", "name": "telemetry-podman", "message": "\ud83d\udcca Updated Podman telemetry for server: core-banking-prime-srv-01", "server": "core-banking-prime-srv-01", "service": "api-gateway", "request_id": "system"}
{"timestamp": "2026-04-14T16:10:06.225080Z", "level": "INFO", "name": "telemetry-podman", "message": "\ud83d\udcca Updated Podman telemetry for server: core-banking-prime-srv-02", "server": "core-banking-prime-srv-02", "service": "api-gateway", "request_id": "system"}
{"timestamp": "2026-04-14T16:10:07.234221Z", "level": "INFO", "name": "telemetry-podman", "message": "\ud83d\udcca Updated Podman telemetry for server: core-banking-prime-srv-03", "server": "core-banking-prime-srv-03", "service": "api-gateway", "request_id": "system"}
{"timestamp": "2026-04-14T16:10:08.243182Z", "level": "INFO", "name": "telemetry-podman", "message": "\ud83d\udcca Updated Podman telemetry for server: nexus-payments-srv-01", "server": "nexus-payments-srv-01", "service": "api-gateway", "request_id": "system"}
{"timestamp": "2026-04-14T16:10:09.254967Z", "level": "INFO", "name": "telemetry-podman", "message": "\ud83d\udcca Updated Podman telemetry for server: nexus-payments-srv-02", "server": "nexus-payments-srv-02", "service": "api-gateway", "request_id": "system"}
{"timestamp": "2026-04-14T16:10:10.266153Z", "level": "INFO", "name": "telemetry-podman", "message": "\ud83d\udcca Updated Podman telemetry for server: nexus-payments-srv-03", "server": "nexus-payments-srv-03", "service": "api-gateway", "request_id": "system"}
{"timestamp": "2026-04-14T16:10:11.274409Z", "level": "INFO", "name": "telemetry-podman", "message": "\ud83d\udcca Updated Podman telemetry for server: insight-analytics-srv-01", "server": "insight-analytics-srv-01", "service": "api-gateway", "request_id": "system"}
{"timestamp": "2026-04-14T16:10:12.283994Z", "level": "INFO", "name": "telemetry-podman", "message": "\ud83d\udcca Updated Podman telemetry for server: insight-analytics-srv-02", "server": "insight-analytics-srv-02", "service": "api-gateway", "request_id": "system"}
{"timestamp": "2026-04-14T16:10:13.292601Z", "level": "INFO", "name": "telemetry-podman", "message": "\ud83d\udcca Updated Podman telemetry for server: insight-analytics-srv-03", "server": "insight-analytics-srv-03", "service": "api-gateway", "request_id": "system"}
{"timestamp": "2026-04-14T16:15:05.208916Z", "level": "INFO", "name": "telemetry-podman", "message": "\ud83d\udcca Updated Podman telemetry for server: core-banking-prime-srv-01", "server": "core-banking-prime-srv-01", "service": "api-gateway", "request_id": "system"}
{"timestamp": "2026-04-14T16:15:06.216498Z", "level": "INFO", "name": "telemetry-podman", "message": "\ud83d\udcca Updated Podman telemetry for server: core-banking-prime-srv-02", "server": "core-banking-prime-srv-02", "service": "api-gateway", "request_id": "system"}
{"timestamp": "2026-04-14T16:15:07.227572Z", "level": "INFO", "name": "telemetry-podman", "message": "\ud83d\udcca Updated Podman telemetry for server: core-banking-prime-srv-03", "server": "core-banking-prime-srv-03", "service": "api-gateway", "request_id": "system"}
{"timestamp": "2026-04-14T16:15:08.239054Z", "level": "INFO", "name": "telemetry-podman", "message": "\ud83d\udcca Updated Podman telemetry for server: nexus-payments-srv-01", "server": "nexus-payments-srv-01", "service": "api-gateway", "request_id": "system"}
{"timestamp": "2026-04-14T16:15:09.251978Z", "level": "INFO", "name": "telemetry-podman", "message": "\ud83d\udcca Updated Podman telemetry for server: nexus-payments-srv-02", "server": "nexus-payments-srv-02", "service": "api-gateway", "request_id": "system"}
{"timestamp": "2026-04-14T16:15:10.263687Z", "level": "INFO", "name": "telemetry-podman", "message": "\ud83d\udcca Updated Podman telemetry for server: nexus-payments-srv-03", "server": "nexus-payments-srv-03", "service": "api-gateway", "request_id": "system"}
{"timestamp": "2026-04-14T16:15:11.275101Z", "level": "INFO", "name": "telemetry-podman", "message": "\ud83d\udcca Updated Podman telemetry for server: insight-analytics-srv-01", "server": "insight-analytics-srv-01", "service": "api-gateway", "request_id": "system"}
{"timestamp": "2026-04-14T16:15:12.285738Z", "level": "INFO", "name": "telemetry-podman", "message": "\ud83d\udcca Updated Podman telemetry for server: insight-analytics-srv-02", "server": "insight-analytics-srv-02", "service": "api-gateway", "request_id": "system"}
{"timestamp": "2026-04-14T16:15:13.296790Z", "level": "INFO", "name": "telemetry-podman", "message": "\ud83d\udcca Updated Podman telemetry for server: insight-analytics-srv-03", "server": "insight-analytics-srv-03", "service": "api-gateway", "request_id": "system"}
{"timestamp": "2026-04-14T16:20:05.206471Z", "level": "INFO", "name": "telemetry-podman", "message": "\ud83d\udcca Updated Podman telemetry for server: core-banking-prime-srv-01", "server": "core-banking-prime-srv-01", "service": "api-gateway", "request_id": "system"}
{"timestamp": "2026-04-14T16:20:06.214307Z", "level": "INFO", "name": "telemetry-podman", "message": "\ud83d\udcca Updated Podman telemetry for server: core-banking-prime-srv-02", "server": "core-banking-prime-srv-02", "service": "api-gateway", "request_id": "system"}
{"timestamp": "2026-04-14T16:20:07.222881Z", "level": "INFO", "name": "telemetry-podman", "message": "\ud83d\udcca Updated Podman telemetry for server: core-banking-prime-srv-03", "server": "core-banking-prime-srv-03", "service": "api-gateway", "request_id": "system"}
{"timestamp": "2026-04-14T16:20:08.233073Z", "level": "INFO", "name": "telemetry-podman", "message": "\ud83d\udcca Updated Podman telemetry for server: nexus-payments-srv-01", "server": "nexus-payments-srv-01", "service": "api-gateway", "request_id": "system"}
{"timestamp": "2026-04-14T16:20:09.244092Z", "level": "INFO", "name": "telemetry-podman", "message": "\ud83d\udcca Updated Podman telemetry for server: nexus-payments-srv-02", "server": "nexus-payments-srv-02", "service": "api-gateway", "request_id": "system"}
{"timestamp": "2026-04-14T16:20:10.254647Z", "level": "INFO", "name": "telemetry-podman", "message": "\ud83d\udcca Updated Podman telemetry for server: nexus-payments-srv-03", "server": "nexus-payments-srv-03", "service": "api-gateway", "request_id": "system"}
{"timestamp": "2026-04-14T16:20:11.264339Z", "level": "INFO", "name": "telemetry-podman", "message": "\ud83d\udcca Updated Podman telemetry for server: insight-analytics-srv-01", "server": "insight-analytics-srv-01", "service": "api-gateway", "request_id": "system"}
{"timestamp": "2026-04-14T16:20:12.274197Z", "level": "INFO", "name": "telemetry-podman", "message": "\ud83d\udcca Updated Podman telemetry for server: insight-analytics-srv-02", "server": "insight-analytics-srv-02", "service": "api-gateway", "request_id": "system"}
{"timestamp": "2026-04-14T16:20:13.284705Z", "level": "INFO", "name": "telemetry-podman", "message": "\ud83d\udcca Updated Podman telemetry for server: insight-analytics-srv-03", "server": "insight-analytics-srv-03", "service": "api-gateway", "request_id": "system"}
{"timestamp": "2026-04-14T16:25:03.121654Z", "level": "INFO", "name": "telemetry-podman", "message": "\ud83d\uded1 Telemetry Engine Shutdown Successfully", "service": "api-gateway", "request_id": "system"}
{"timestamp": "2026-04-14T16:25:03.566475Z", "level": "INFO", "name": "telemetry-podman", "message": "\u2705 Podman Telemetry Registered (every 5m)", "service": "api-gateway", "request_id": "system"}
{"timestamp": "2026-04-14T16:25:03.566776Z", "level": "INFO", "name": "telemetry-podman", "message": "\ud83d\ude80 Telemetry Engine Started", "service": "api-gateway", "request_id": "system"}
{"timestamp": "2026-04-14T16:30:04.597845Z", "level": "INFO", "name": "telemetry-podman", "message": "\ud83d\udcca Updated Podman telemetry for server: core-banking-prime-srv-01", "server": "core-banking-prime-srv-01", "service": "api-gateway", "request_id": "system"}
{"timestamp": "2026-04-14T16:30:05.606662Z", "level": "INFO", "name": "telemetry-podman", "message": "\ud83d\udcca Updated Podman telemetry for server: core-banking-prime-srv-02", "server": "core-banking-prime-srv-02", "service": "api-gateway", "request_id": "system"}
{"timestamp": "2026-04-14T16:30:06.617975Z", "level": "INFO", "name": "telemetry-podman", "message": "\ud83d\udcca Updated Podman telemetry for server: core-banking-prime-srv-03", "server": "core-banking-prime-srv-03", "service": "api-gateway", "request_id": "system"}
{"timestamp": "2026-04-14T16:30:07.629297Z", "level": "INFO", "name": "telemetry-podman", "message": "\ud83d\udcca Updated Podman telemetry for server: nexus-payments-srv-01", "server": "nexus-payments-srv-01", "service": "api-gateway", "request_id": "system"}
{"timestamp": "2026-04-14T16:30:08.640295Z", "level": "INFO", "name": "telemetry-podman", "message": "\ud83d\udcca Updated Podman telemetry for server: nexus-payments-srv-02", "server": "nexus-payments-srv-02", "service": "api-gateway", "request_id": "system"}
{"timestamp": "2026-04-14T16:30:09.651389Z", "level": "INFO", "name": "telemetry-podman", "message": "\ud83d\udcca Updated Podman telemetry for server: nexus-payments-srv-03", "server": "nexus-payments-srv-03", "service": "api-gateway", "request_id": "system"}
{"timestamp": "2026-04-14T16:30:10.659339Z", "level": "INFO", "name": "telemetry-podman", "message": "\ud83d\udcca Updated Podman telemetry for server: insight-analytics-srv-01", "server": "insight-analytics-srv-01", "service": "api-gateway", "request_id": "system"}
{"timestamp": "2026-04-14T16:30:11.669842Z", "level": "INFO", "name": "telemetry-podman", "message": "\ud83d\udcca Updated Podman telemetry for server: insight-analytics-srv-02", "server": "insight-analytics-srv-02", "service": "api-gateway", "request_id": "system"}
{"timestamp": "2026-04-14T16:30:12.679239Z", "level": "INFO", "name": "telemetry-podman", "message": "\ud83d\udcca Updated Podman telemetry for server: insight-analytics-srv-03", "server": "insight-analytics-srv-03", "service": "api-gateway", "request_id": "system"}
{"timestamp": "2026-04-14T16:30:13.690244Z", "level": "INFO", "name": "telemetry-podman", "message": "\ud83d\udcca Updated Podman telemetry for server: my-test-srv01", "server": "my-test-srv01", "service": "api-gateway", "request_id": "system"}
{"timestamp": "2026-04-14T16:35:04.584881Z", "level": "INFO", "name": "telemetry-podman", "message": "\ud83d\udcca Updated Podman telemetry for server: core-banking-prime-srv-01", "server": "core-banking-prime-srv-01", "service": "api-gateway", "request_id": "system"}
{"timestamp": "2026-04-14T16:35:05.595947Z", "level": "INFO", "name": "telemetry-podman", "message": "\ud83d\udcca Updated Podman telemetry for server: core-banking-prime-srv-02", "server": "core-banking-prime-srv-02", "service": "api-gateway", "request_id": "system"}
{"timestamp": "2026-04-14T16:35:06.604311Z", "level": "INFO", "name": "telemetry-podman", "message": "\ud83d\udcca Updated Podman telemetry for server: core-banking-prime-srv-03", "server": "core-banking-prime-srv-03", "service": "api-gateway", "request_id": "system"}
{"timestamp": "2026-04-14T16:35:07.611581Z", "level": "INFO", "name": "telemetry-podman", "message": "\ud83d\udcca Updated Podman telemetry for server: nexus-payments-srv-01", "server": "nexus-payments-srv-01", "service": "api-gateway", "request_id": "system"}
{"timestamp": "2026-04-14T16:35:08.618529Z", "level": "INFO", "name": "telemetry-podman", "message": "\ud83d\udcca Updated Podman telemetry for server: nexus-payments-srv-02", "server": "nexus-payments-srv-02", "service": "api-gateway", "request_id": "system"}
{"timestamp": "2026-04-14T16:35:09.628226Z", "level": "INFO", "name": "telemetry-podman", "message": "\ud83d\udcca Updated Podman telemetry for server: nexus-payments-srv-03", "server": "nexus-payments-srv-03", "service": "api-gateway", "request_id": "system"}
{"timestamp": "2026-04-14T16:35:10.638710Z", "level": "INFO", "name": "telemetry-podman", "message": "\ud83d\udcca Updated Podman telemetry for server: insight-analytics-srv-01", "server": "insight-analytics-srv-01", "service": "api-gateway", "request_id": "system"}
{"timestamp": "2026-04-14T16:35:11.645594Z", "level": "INFO", "name": "telemetry-podman", "message": "\ud83d\udcca Updated Podman telemetry for server: insight-analytics-srv-02", "server": "insight-analytics-srv-02", "service": "api-gateway", "request_id": "system"}
{"timestamp": "2026-04-14T16:35:12.654240Z", "level": "INFO", "name": "telemetry-podman", "message": "\ud83d\udcca Updated Podman telemetry for server: insight-analytics-srv-03", "server": "insight-analytics-srv-03", "service": "api-gateway", "request_id": "system"}
{"timestamp": "2026-04-14T16:35:13.663873Z", "level": "INFO", "name": "telemetry-podman", "message": "\ud83d\udcca Updated Podman telemetry for server: my-test-srv01", "server": "my-test-srv01", "service": "api-gateway", "request_id": "system"}
{"timestamp": "2026-04-14T16:40:04.586564Z", "level": "INFO", "name": "telemetry-podman", "message": "\ud83d\udcca Updated Podman telemetry for server: core-banking-prime-srv-01", "server": "core-banking-prime-srv-01", "service": "api-gateway", "request_id": "system"}
{"timestamp": "2026-04-14T16:40:05.598929Z", "level": "INFO", "name": "telemetry-podman", "message": "\ud83d\udcca Updated Podman telemetry for server: core-banking-prime-srv-02", "server": "core-banking-prime-srv-02", "service": "api-gateway", "request_id": "system"}
{"timestamp": "2026-04-14T16:40:06.611426Z", "level": "INFO", "name": "telemetry-podman", "message": "\ud83d\udcca Updated Podman telemetry for server: core-banking-prime-srv-03", "server": "core-banking-prime-srv-03", "service": "api-gateway", "request_id": "system"}
{"timestamp": "2026-04-14T16:40:07.618815Z", "level": "INFO", "name": "telemetry-podman", "message": "\ud83d\udcca Updated Podman telemetry for server: nexus-payments-srv-01", "server": "nexus-payments-srv-01", "service": "api-gateway", "request_id": "system"}
{"timestamp": "2026-04-14T16:40:08.629324Z", "level": "INFO", "name": "telemetry-podman", "message": "\ud83d\udcca Updated Podman telemetry for server: nexus-payments-srv-02", "server": "nexus-payments-srv-02", "service": "api-gateway", "request_id": "system"}
{"timestamp": "2026-04-14T16:40:09.639312Z", "level": "INFO", "name": "telemetry-podman", "message": "\ud83d\udcca Updated Podman telemetry for server: nexus-payments-srv-03", "server": "nexus-payments-srv-03", "service": "api-gateway", "request_id": "system"}
{"timestamp": "2026-04-14T16:40:10.651579Z", "level": "INFO", "name": "telemetry-podman", "message": "\ud83d\udcca Updated Podman telemetry for server: insight-analytics-srv-01", "server": "insight-analytics-srv-01", "service": "api-gateway", "request_id": "system"}
{"timestamp": "2026-04-14T16:40:11.663217Z", "level": "INFO", "name": "telemetry-podman", "message": "\ud83d\udcca Updated Podman telemetry for server: insight-analytics-srv-02", "server": "insight-analytics-srv-02", "service": "api-gateway", "request_id": "system"}
{"timestamp": "2026-04-14T16:40:12.672918Z", "level": "INFO", "name": "telemetry-podman", "message": "\ud83d\udcca Updated Podman telemetry for server: insight-analytics-srv-03", "server": "insight-analytics-srv-03", "service": "api-gateway", "request_id": "system"}
{"timestamp": "2026-04-14T16:40:13.681216Z", "level": "INFO", "name": "telemetry-podman", "message": "\ud83d\udcca Updated Podman telemetry for server: my-test-srv01", "server": "my-test-srv01", "service": "api-gateway", "request_id": "system"}
{"timestamp": "2026-04-14T16:45:04.588782Z", "level": "INFO", "name": "telemetry-podman", "message": "\ud83d\udcca Updated Podman telemetry for server: core-banking-prime-srv-01", "server": "core-banking-prime-srv-01", "service": "api-gateway", "request_id": "system"}
{"timestamp": "2026-04-14T16:45:05.600777Z", "level": "INFO", "name": "telemetry-podman", "message": "\ud83d\udcca Updated Podman telemetry for server: core-banking-prime-srv-02", "server": "core-banking-prime-srv-02", "service": "api-gateway", "request_id": "system"}
{"timestamp": "2026-04-14T16:45:06.610940Z", "level": "INFO", "name": "telemetry-podman", "message": "\ud83d\udcca Updated Podman telemetry for server: core-banking-prime-srv-03", "server": "core-banking-prime-srv-03", "service": "api-gateway", "request_id": "system"}
{"timestamp": "2026-04-14T16:45:07.622799Z", "level": "INFO", "name": "telemetry-podman", "message": "\ud83d\udcca Updated Podman telemetry for server: nexus-payments-srv-01", "server": "nexus-payments-srv-01", "service": "api-gateway", "request_id": "system"}
{"timestamp": "2026-04-14T16:45:08.630991Z", "level": "INFO", "name": "telemetry-podman", "message": "\ud83d\udcca Updated Podman telemetry for server: nexus-payments-srv-02", "server": "nexus-payments-srv-02", "service": "api-gateway", "request_id": "system"}
{"timestamp": "2026-04-14T16:45:09.641080Z", "level": "INFO", "name": "telemetry-podman", "message": "\ud83d\udcca Updated Podman telemetry for server: nexus-payments-srv-03", "server": "nexus-payments-srv-03", "service": "api-gateway", "request_id": "system"}
{"timestamp": "2026-04-14T16:45:10.650845Z", "level": "INFO", "name": "telemetry-podman", "message": "\ud83d\udcca Updated Podman telemetry for server: insight-analytics-srv-01", "server": "insight-analytics-srv-01", "service": "api-gateway", "request_id": "system"}
{"timestamp": "2026-04-14T16:45:11.661100Z", "level": "INFO", "name": "telemetry-podman", "message": "\ud83d\udcca Updated Podman telemetry for server: insight-analytics-srv-02", "server": "insight-analytics-srv-02", "service": "api-gateway", "request_id": "system"}
{"timestamp": "2026-04-14T16:45:12.672330Z", "level": "INFO", "name": "telemetry-podman", "message": "\ud83d\udcca Updated Podman telemetry for server: insight-analytics-srv-03", "server": "insight-analytics-srv-03", "service": "api-gateway", "request_id": "system"}
{"timestamp": "2026-04-14T16:45:13.681256Z", "level": "INFO", "name": "telemetry-podman", "message": "\ud83d\udcca Updated Podman telemetry for server: my-test-srv01", "server": "my-test-srv01", "service": "api-gateway", "request_id": "system"}
{"timestamp": "2026-04-14T16:50:04.590973Z", "level": "INFO", "name": "telemetry-podman", "message": "\ud83d\udcca Updated Podman telemetry for server: core-banking-prime-srv-01", "server": "core-banking-prime-srv-01", "service": "api-gateway", "request_id": "system"}
{"timestamp": "2026-04-14T16:50:05.599706Z", "level": "INFO", "name": "telemetry-podman", "message": "\ud83d\udcca Updated Podman telemetry for server: core-banking-prime-srv-02", "server": "core-banking-prime-srv-02", "service": "api-gateway", "request_id": "system"}
{"timestamp": "2026-04-14T16:50:06.608894Z", "level": "INFO", "name": "telemetry-podman", "message": "\ud83d\udcca Updated Podman telemetry for server: core-banking-prime-srv-03", "server": "core-banking-prime-srv-03", "service": "api-gateway", "request_id": "system"}
{"timestamp": "2026-04-14T16:50:07.620728Z", "level": "INFO", "name": "telemetry-podman", "message": "\ud83d\udcca Updated Podman telemetry for server: nexus-payments-srv-01", "server": "nexus-payments-srv-01", "service": "api-gateway", "request_id": "system"}
{"timestamp": "2026-04-14T16:50:08.630175Z", "level": "INFO", "name": "telemetry-podman", "message": "\ud83d\udcca Updated Podman telemetry for server: nexus-payments-srv-02", "server": "nexus-payments-srv-02", "service": "api-gateway", "request_id": "system"}
{"timestamp": "2026-04-14T16:50:09.639355Z", "level": "INFO", "name": "telemetry-podman", "message": "\ud83d\udcca Updated Podman telemetry for server: nexus-payments-srv-03", "server": "nexus-payments-srv-03", "service": "api-gateway", "request_id": "system"}
{"timestamp": "2026-04-14T16:50:10.649905Z", "level": "INFO", "name": "telemetry-podman", "message": "\ud83d\udcca Updated Podman telemetry for server: insight-analytics-srv-01", "server": "insight-analytics-srv-01", "service": "api-gateway", "request_id": "system"}
{"timestamp": "2026-04-14T16:50:11.661324Z", "level": "INFO", "name": "telemetry-podman", "message": "\ud83d\udcca Updated Podman telemetry for server: insight-analytics-srv-02", "server": "insight-analytics-srv-02", "service": "api-gateway", "request_id": "system"}
{"timestamp": "2026-04-14T16:50:12.673922Z", "level": "INFO", "name": "telemetry-podman", "message": "\ud83d\udcca Updated Podman telemetry for server: insight-analytics-srv-03", "server": "insight-analytics-srv-03", "service": "api-gateway", "request_id": "system"}
{"timestamp": "2026-04-14T16:50:13.682918Z", "level": "INFO", "name": "telemetry-podman", "message": "\ud83d\udcca Updated Podman telemetry for server: my-test-srv01", "server": "my-test-srv01", "service": "api-gateway", "request_id": "system"}
{"timestamp": "2026-04-14T16:55:04.594243Z", "level": "INFO", "name": "telemetry-podman", "message": "\ud83d\udcca Updated Podman telemetry for server: core-banking-prime-srv-01", "server": "core-banking-prime-srv-01", "service": "api-gateway", "request_id": "system"}
{"timestamp": "2026-04-14T16:55:05.604884Z", "level": "INFO", "name": "telemetry-podman", "message": "\ud83d\udcca Updated Podman telemetry for server: core-banking-prime-srv-02", "server": "core-banking-prime-srv-02", "service": "api-gateway", "request_id": "system"}
{"timestamp": "2026-04-14T16:55:06.616812Z", "level": "INFO", "name": "telemetry-podman", "message": "\ud83d\udcca Updated Podman telemetry for server: core-banking-prime-srv-03", "server": "core-banking-prime-srv-03", "service": "api-gateway", "request_id": "system"}
{"timestamp": "2026-04-14T16:55:07.625077Z", "level": "INFO", "name": "telemetry-podman", "message": "\ud83d\udcca Updated Podman telemetry for server: nexus-payments-srv-01", "server": "nexus-payments-srv-01", "service": "api-gateway", "request_id": "system"}
{"timestamp": "2026-04-14T16:55:08.635562Z", "level": "INFO", "name": "telemetry-podman", "message": "\ud83d\udcca Updated Podman telemetry for server: nexus-payments-srv-02", "server": "nexus-payments-srv-02", "service": "api-gateway", "request_id": "system"}
{"timestamp": "2026-04-14T16:55:09.646547Z", "level": "INFO", "name": "telemetry-podman", "message": "\ud83d\udcca Updated Podman telemetry for server: nexus-payments-srv-03", "server": "nexus-payments-srv-03", "service": "api-gateway", "request_id": "system"}
{"timestamp": "2026-04-14T16:55:10.658295Z", "level": "INFO", "name": "telemetry-podman", "message": "\ud83d\udcca Updated Podman telemetry for server: insight-analytics-srv-01", "server": "insight-analytics-srv-01", "service": "api-gateway", "request_id": "system"}
{"timestamp": "2026-04-14T16:55:11.670242Z", "level": "INFO", "name": "telemetry-podman", "message": "\ud83d\udcca Updated Podman telemetry for server: insight-analytics-srv-02", "server": "insight-analytics-srv-02", "service": "api-gateway", "request_id": "system"}
{"timestamp": "2026-04-14T16:55:12.680031Z", "level": "INFO", "name": "telemetry-podman", "message": "\ud83d\udcca Updated Podman telemetry for server: insight-analytics-srv-03", "server": "insight-analytics-srv-03", "service": "api-gateway", "request_id": "system"}
{"timestamp": "2026-04-14T16:55:13.689985Z", "level": "INFO", "name": "telemetry-podman", "message": "\ud83d\udcca Updated Podman telemetry for server: my-test-srv01", "server": "my-test-srv01", "service": "api-gateway", "request_id": "system"}
{"timestamp": "2026-04-14T17:00:04.594543Z", "level": "INFO", "name": "telemetry-podman", "message": "\ud83d\udcca Updated Podman telemetry for server: core-banking-prime-srv-01", "server": "core-banking-prime-srv-01", "service": "api-gateway", "request_id": "system"}
{"timestamp": "2026-04-14T17:00:05.606500Z", "level": "INFO", "name": "telemetry-podman", "message": "\ud83d\udcca Updated Podman telemetry for server: core-banking-prime-srv-02", "server": "core-banking-prime-srv-02", "service": "api-gateway", "request_id": "system"}
{"timestamp": "2026-04-14T17:00:06.618468Z", "level": "INFO", "name": "telemetry-podman", "message": "\ud83d\udcca Updated Podman telemetry for server: core-banking-prime-srv-03", "server": "core-banking-prime-srv-03", "service": "api-gateway", "request_id": "system"}
{"timestamp": "2026-04-14T17:00:07.626565Z", "level": "INFO", "name": "telemetry-podman", "message": "\ud83d\udcca Updated Podman telemetry for server: nexus-payments-srv-01", "server": "nexus-payments-srv-01", "service": "api-gateway", "request_id": "system"}
{"timestamp": "2026-04-14T17:00:08.634580Z", "level": "INFO", "name": "telemetry-podman", "message": "\ud83d\udcca Updated Podman telemetry for server: nexus-payments-srv-02", "server": "nexus-payments-srv-02", "service": "api-gateway", "request_id": "system"}
{"timestamp": "2026-04-14T17:00:09.642425Z", "level": "INFO", "name": "telemetry-podman", "message": "\ud83d\udcca Updated Podman telemetry for server: nexus-payments-srv-03", "server": "nexus-payments-srv-03", "service": "api-gateway", "request_id": "system"}
{"timestamp": "2026-04-14T17:00:10.653083Z", "level": "INFO", "name": "telemetry-podman", "message": "\ud83d\udcca Updated Podman telemetry for server: insight-analytics-srv-01", "server": "insight-analytics-srv-01", "service": "api-gateway", "request_id": "system"}
{"timestamp": "2026-04-14T17:00:11.663480Z", "level": "INFO", "name": "telemetry-podman", "message": "\ud83d\udcca Updated Podman telemetry for server: insight-analytics-srv-02", "server": "insight-analytics-srv-02", "service": "api-gateway", "request_id": "system"}
{"timestamp": "2026-04-14T17:00:12.674118Z", "level": "INFO", "name": "telemetry-podman", "message": "\ud83d\udcca Updated Podman telemetry for server: insight-analytics-srv-03", "server": "insight-analytics-srv-03", "service": "api-gateway", "request_id": "system"}
{"timestamp": "2026-04-14T17:00:13.684315Z", "level": "INFO", "name": "telemetry-podman", "message": "\ud83d\udcca Updated Podman telemetry for server: my-test-srv01", "server": "my-test-srv01", "service": "api-gateway", "request_id": "system"}
{"timestamp": "2026-04-14T17:05:04.596196Z", "level": "INFO", "name": "telemetry-podman", "message": "\ud83d\udcca Updated Podman telemetry for server: core-banking-prime-srv-01", "server": "core-banking-prime-srv-01", "service": "api-gateway", "request_id": "system"}
{"timestamp": "2026-04-14T17:05:05.606354Z", "level": "INFO", "name": "telemetry-podman", "message": "\ud83d\udcca Updated Podman telemetry for server: core-banking-prime-srv-02", "server": "core-banking-prime-srv-02", "service": "api-gateway", "request_id": "system"}
{"timestamp": "2026-04-14T17:05:06.617158Z", "level": "INFO", "name": "telemetry-podman", "message": "\ud83d\udcca Updated Podman telemetry for server: core-banking-prime-srv-03", "server": "core-banking-prime-srv-03", "service": "api-gateway", "request_id": "system"}
{"timestamp": "2026-04-14T17:05:07.629001Z", "level": "INFO", "name": "telemetry-podman", "message": "\ud83d\udcca Updated Podman telemetry for server: nexus-payments-srv-01", "server": "nexus-payments-srv-01", "service": "api-gateway", "request_id": "system"}
{"timestamp": "2026-04-14T17:05:08.639377Z", "level": "INFO", "name": "telemetry-podman", "message": "\ud83d\udcca Updated Podman telemetry for server: nexus-payments-srv-02", "server": "nexus-payments-srv-02", "service": "api-gateway", "request_id": "system"}
{"timestamp": "2026-04-14T17:05:09.649006Z", "level": "INFO", "name": "telemetry-podman", "message": "\ud83d\udcca Updated Podman telemetry for server: nexus-payments-srv-03", "server": "nexus-payments-srv-03", "service": "api-gateway", "request_id": "system"}
{"timestamp": "2026-04-14T17:05:10.660096Z", "level": "INFO", "name": "telemetry-podman", "message": "\ud83d\udcca Updated Podman telemetry for server: insight-analytics-srv-01", "server": "insight-analytics-srv-01", "service": "api-gateway", "request_id": "system"}
{"timestamp": "2026-04-14T17:05:11.672035Z", "level": "INFO", "name": "telemetry-podman", "message": "\ud83d\udcca Updated Podman telemetry for server: insight-analytics-srv-02", "server": "insight-analytics-srv-02", "service": "api-gateway", "request_id": "system"}
{"timestamp": "2026-04-14T17:05:12.684998Z", "level": "INFO", "name": "telemetry-podman", "message": "\ud83d\udcca Updated Podman telemetry for server: insight-analytics-srv-03", "server": "insight-analytics-srv-03", "service": "api-gateway", "request_id": "system"}
{"timestamp": "2026-04-14T17:05:13.696691Z", "level": "INFO", "name": "telemetry-podman", "message": "\ud83d\udcca Updated Podman telemetry for server: my-test-srv01", "server": "my-test-srv01", "service": "api-gateway", "request_id": "system"}
{"timestamp": "2026-04-14T17:10:04.589172Z", "level": "INFO", "name": "telemetry-podman", "message": "\ud83d\udcca Updated Podman telemetry for server: core-banking-prime-srv-01", "server": "core-banking-prime-srv-01", "service": "api-gateway", "request_id": "system"}
{"timestamp": "2026-04-14T17:10:05.599932Z", "level": "INFO", "name": "telemetry-podman", "message": "\ud83d\udcca Updated Podman telemetry for server: core-banking-prime-srv-02", "server": "core-banking-prime-srv-02", "service": "api-gateway", "request_id": "system"}
{"timestamp": "2026-04-14T17:10:06.610128Z", "level": "INFO", "name": "telemetry-podman", "message": "\ud83d\udcca Updated Podman telemetry for server: core-banking-prime-srv-03", "server": "core-banking-prime-srv-03", "service": "api-gateway", "request_id": "system"}
{"timestamp": "2026-04-14T17:10:07.619226Z", "level": "INFO", "name": "telemetry-podman", "message": "\ud83d\udcca Updated Podman telemetry for server: nexus-payments-srv-01", "server": "nexus-payments-srv-01", "service": "api-gateway", "request_id": "system"}
{"timestamp": "2026-04-14T17:10:08.631571Z", "level": "INFO", "name": "telemetry-podman", "message": "\ud83d\udcca Updated Podman telemetry for server: nexus-payments-srv-02", "server": "nexus-payments-srv-02", "service": "api-gateway", "request_id": "system"}
{"timestamp": "2026-04-14T17:10:09.641503Z", "level": "INFO", "name": "telemetry-podman", "message": "\ud83d\udcca Updated Podman telemetry for server: nexus-payments-srv-03", "server": "nexus-payments-srv-03", "service": "api-gateway", "request_id": "system"}
{"timestamp": "2026-04-14T17:10:10.653066Z", "level": "INFO", "name": "telemetry-podman", "message": "\ud83d\udcca Updated Podman telemetry for server: insight-analytics-srv-01", "server": "insight-analytics-srv-01", "service": "api-gateway", "request_id": "system"}
{"timestamp": "2026-04-14T17:10:11.664814Z", "level": "INFO", "name": "telemetry-podman", "message": "\ud83d\udcca Updated Podman telemetry for server: insight-analytics-srv-02", "server": "insight-analytics-srv-02", "service": "api-gateway", "request_id": "system"}
{"timestamp": "2026-04-14T17:10:12.676090Z", "level": "INFO", "name": "telemetry-podman", "message": "\ud83d\udcca Updated Podman telemetry for server: insight-analytics-srv-03", "server": "insight-analytics-srv-03", "service": "api-gateway", "request_id": "system"}
{"timestamp": "2026-04-14T17:10:13.684643Z", "level": "INFO", "name": "telemetry-podman", "message": "\ud83d\udcca Updated Podman telemetry for server: my-test-srv01", "server": "my-test-srv01", "service": "api-gateway", "request_id": "system"}
{"timestamp": "2026-04-14T17:15:04.589744Z", "level": "INFO", "name": "telemetry-podman", "message": "\ud83d\udcca Updated Podman telemetry for server: core-banking-prime-srv-01", "server": "core-banking-prime-srv-01", "service": "api-gateway", "request_id": "system"}
{"timestamp": "2026-04-14T17:15:05.598763Z", "level": "INFO", "name": "telemetry-podman", "message": "\ud83d\udcca Updated Podman telemetry for server: core-banking-prime-srv-02", "server": "core-banking-prime-srv-02", "service": "api-gateway", "request_id": "system"}
{"timestamp": "2026-04-14T17:15:06.610721Z", "level": "INFO", "name": "telemetry-podman", "message": "\ud83d\udcca Updated Podman telemetry for server: core-banking-prime-srv-03", "server": "core-banking-prime-srv-03", "service": "api-gateway", "request_id": "system"}
{"timestamp": "2026-04-14T17:15:07.619403Z", "level": "INFO", "name": "telemetry-podman", "message": "\ud83d\udcca Updated Podman telemetry for server: nexus-payments-srv-01", "server": "nexus-payments-srv-01", "service": "api-gateway", "request_id": "system"}
{"timestamp": "2026-04-14T17:15:08.631477Z", "level": "INFO", "name": "telemetry-podman", "message": "\ud83d\udcca Updated Podman telemetry for server: nexus-payments-srv-02", "server": "nexus-payments-srv-02", "service": "api-gateway", "request_id": "system"}
{"timestamp": "2026-04-14T17:15:09.642909Z", "level": "INFO", "name": "telemetry-podman", "message": "\ud83d\udcca Updated Podman telemetry for server: nexus-payments-srv-03", "server": "nexus-payments-srv-03", "service": "api-gateway", "request_id": "system"}
{"timestamp": "2026-04-14T17:15:10.653078Z", "level": "INFO", "name": "telemetry-podman", "message": "\ud83d\udcca Updated Podman telemetry for server: insight-analytics-srv-01", "server": "insight-analytics-srv-01", "service": "api-gateway", "request_id": "system"}
{"timestamp": "2026-04-14T17:15:11.660023Z", "level": "INFO", "name": "telemetry-podman", "message": "\ud83d\udcca Updated Podman telemetry for server: insight-analytics-srv-02", "server": "insight-analytics-srv-02", "service": "api-gateway", "request_id": "system"}
{"timestamp": "2026-04-14T17:15:12.667901Z", "level": "INFO", "name": "telemetry-podman", "message": "\ud83d\udcca Updated Podman telemetry for server: insight-analytics-srv-03", "server": "insight-analytics-srv-03", "service": "api-gateway", "request_id": "system"}
{"timestamp": "2026-04-14T17:15:13.680025Z", "level": "INFO", "name": "telemetry-podman", "message": "\ud83d\udcca Updated Podman telemetry for server: my-test-srv01", "server": "my-test-srv01", "service": "api-gateway", "request_id": "system"}
{"timestamp": "2026-04-14T17:20:04.593735Z", "level": "INFO", "name": "telemetry-podman", "message": "\ud83d\udcca Updated Podman telemetry for server: core-banking-prime-srv-01", "server": "core-banking-prime-srv-01", "service": "api-gateway", "request_id": "system"}
{"timestamp": "2026-04-14T17:20:05.604972Z", "level": "INFO", "name": "telemetry-podman", "message": "\ud83d\udcca Updated Podman telemetry for server: core-banking-prime-srv-02", "server": "core-banking-prime-srv-02", "service": "api-gateway", "request_id": "system"}
{"timestamp": "2026-04-14T17:20:06.615071Z", "level": "INFO", "name": "telemetry-podman", "message": "\ud83d\udcca Updated Podman telemetry for server: core-banking-prime-srv-03", "server": "core-banking-prime-srv-03", "service": "api-gateway", "request_id": "system"}
{"timestamp": "2026-04-14T17:20:07.626519Z", "level": "INFO", "name": "telemetry-podman", "message": "\ud83d\udcca Updated Podman telemetry for server: nexus-payments-srv-01", "server": "nexus-payments-srv-01", "service": "api-gateway", "request_id": "system"}
{"timestamp": "2026-04-14T17:20:08.637785Z", "level": "INFO", "name": "telemetry-podman", "message": "\ud83d\udcca Updated Podman telemetry for server: nexus-payments-srv-02", "server": "nexus-payments-srv-02", "service": "api-gateway", "request_id": "system"}
{"timestamp": "2026-04-14T17:20:09.647130Z", "level": "INFO", "name": "telemetry-podman", "message": "\ud83d\udcca Updated Podman telemetry for server: nexus-payments-srv-03", "server": "nexus-payments-srv-03", "service": "api-gateway", "request_id": "system"}
{"timestamp": "2026-04-14T17:20:10.658374Z", "level": "INFO", "name": "telemetry-podman", "message": "\ud83d\udcca Updated Podman telemetry for server: insight-analytics-srv-01", "server": "insight-analytics-srv-01", "service": "api-gateway", "request_id": "system"}
{"timestamp": "2026-04-14T17:20:11.670625Z", "level": "INFO", "name": "telemetry-podman", "message": "\ud83d\udcca Updated Podman telemetry for server: insight-analytics-srv-02", "server": "insight-analytics-srv-02", "service": "api-gateway", "request_id": "system"}
{"timestamp": "2026-04-14T17:20:12.681170Z", "level": "INFO", "name": "telemetry-podman", "message": "\ud83d\udcca Updated Podman telemetry for server: insight-analytics-srv-03", "server": "insight-analytics-srv-03", "service": "api-gateway", "request_id": "system"}
{"timestamp": "2026-04-14T17:20:13.691118Z", "level": "INFO", "name": "telemetry-podman", "message": "\ud83d\udcca Updated Podman telemetry for server: my-test-srv01", "server": "my-test-srv01", "service": "api-gateway", "request_id": "system"}
{"timestamp": "2026-04-14T17:25:04.590788Z", "level": "INFO", "name": "telemetry-podman", "message": "\ud83d\udcca Updated Podman telemetry for server: core-banking-prime-srv-01", "server": "core-banking-prime-srv-01", "service": "api-gateway", "request_id": "system"}
{"timestamp": "2026-04-14T17:25:05.599356Z", "level": "INFO", "name": "telemetry-podman", "message": "\ud83d\udcca Updated Podman telemetry for server: core-banking-prime-srv-02", "server": "core-banking-prime-srv-02", "service": "api-gateway", "request_id": "system"}
{"timestamp": "2026-04-14T17:25:06.609312Z", "level": "INFO", "name": "telemetry-podman", "message": "\ud83d\udcca Updated Podman telemetry for server: core-banking-prime-srv-03", "server": "core-banking-prime-srv-03", "service": "api-gateway", "request_id": "system"}
{"timestamp": "2026-04-14T17:25:07.619897Z", "level": "INFO", "name": "telemetry-podman", "message": "\ud83d\udcca Updated Podman telemetry for server: nexus-payments-srv-01", "server": "nexus-payments-srv-01", "service": "api-gateway", "request_id": "system"}
{"timestamp": "2026-04-14T17:25:08.632286Z", "level": "INFO", "name": "telemetry-podman", "message": "\ud83d\udcca Updated Podman telemetry for server: nexus-payments-srv-02", "server": "nexus-payments-srv-02", "service": "api-gateway", "request_id": "system"}
{"timestamp": "2026-04-14T17:25:09.642650Z", "level": "INFO", "name": "telemetry-podman", "message": "\ud83d\udcca Updated Podman telemetry for server: nexus-payments-srv-03", "server": "nexus-payments-srv-03", "service": "api-gateway", "request_id": "system"}
{"timestamp": "2026-04-14T17:25:10.651016Z", "level": "INFO", "name": "telemetry-podman", "message": "\ud83d\udcca Updated Podman telemetry for server: insight-analytics-srv-01", "server": "insight-analytics-srv-01", "service": "api-gateway", "request_id": "system"}
{"timestamp": "2026-04-14T17:25:11.662744Z", "level": "INFO", "name": "telemetry-podman", "message": "\ud83d\udcca Updated Podman telemetry for server: insight-analytics-srv-02", "server": "insight-analytics-srv-02", "service": "api-gateway", "request_id": "system"}
{"timestamp": "2026-04-14T17:25:12.674339Z", "level": "INFO", "name": "telemetry-podman", "message": "\ud83d\udcca Updated Podman telemetry for server: insight-analytics-srv-03", "server": "insight-analytics-srv-03", "service": "api-gateway", "request_id": "system"}
{"timestamp": "2026-04-14T17:25:13.681750Z", "level": "INFO", "name": "telemetry-podman", "message": "\ud83d\udcca Updated Podman telemetry for server: my-test-srv01", "server": "my-test-srv01", "service": "api-gateway", "request_id": "system"}
{"timestamp": "2026-04-14T17:30:04.589840Z", "level": "INFO", "name": "telemetry-podman", "message": "\ud83d\udcca Updated Podman telemetry for server: core-banking-prime-srv-01", "server": "core-banking-prime-srv-01", "service": "api-gateway", "request_id": "system"}
{"timestamp": "2026-04-14T17:30:05.600655Z", "level": "INFO", "name": "telemetry-podman", "message": "\ud83d\udcca Updated Podman telemetry for server: core-banking-prime-srv-02", "server": "core-banking-prime-srv-02", "service": "api-gateway", "request_id": "system"}
{"timestamp": "2026-04-14T17:30:06.606308Z", "level": "INFO", "name": "telemetry-podman", "message": "\ud83d\udcca Updated Podman telemetry for server: core-banking-prime-srv-03", "server": "core-banking-prime-srv-03", "service": "api-gateway", "request_id": "system"}
{"timestamp": "2026-04-14T17:30:07.617347Z", "level": "INFO", "name": "telemetry-podman", "message": "\ud83d\udcca Updated Podman telemetry for server: nexus-payments-srv-01", "server": "nexus-payments-srv-01", "service": "api-gateway", "request_id": "system"}
{"timestamp": "2026-04-14T17:30:08.630406Z", "level": "INFO", "name": "telemetry-podman", "message": "\ud83d\udcca Updated Podman telemetry for server: nexus-payments-srv-02", "server": "nexus-payments-srv-02", "service": "api-gateway", "request_id": "system"}
{"timestamp": "2026-04-14T17:30:09.642623Z", "level": "INFO", "name": "telemetry-podman", "message": "\ud83d\udcca Updated Podman telemetry for server: nexus-payments-srv-03", "server": "nexus-payments-srv-03", "service": "api-gateway", "request_id": "system"}
{"timestamp": "2026-04-14T17:30:10.649725Z", "level": "INFO", "name": "telemetry-podman", "message": "\ud83d\udcca Updated Podman telemetry for server: insight-analytics-srv-01", "server": "insight-analytics-srv-01", "service": "api-gateway", "request_id": "system"}
{"timestamp": "2026-04-14T17:30:11.658167Z", "level": "INFO", "name": "telemetry-podman", "message": "\ud83d\udcca Updated Podman telemetry for server: insight-analytics-srv-02", "server": "insight-analytics-srv-02", "service": "api-gateway", "request_id": "system"}
{"timestamp": "2026-04-14T17:30:12.668341Z", "level": "INFO", "name": "telemetry-podman", "message": "\ud83d\udcca Updated Podman telemetry for server: insight-analytics-srv-03", "server": "insight-analytics-srv-03", "service": "api-gateway", "request_id": "system"}
{"timestamp": "2026-04-14T17:30:13.678817Z", "level": "INFO", "name": "telemetry-podman", "message": "\ud83d\udcca Updated Podman telemetry for server: my-test-srv01", "server": "my-test-srv01", "service": "api-gateway", "request_id": "system"}
{"timestamp": "2026-04-14T17:35:04.593049Z", "level": "INFO", "name": "telemetry-podman", "message": "\ud83d\udcca Updated Podman telemetry for server: core-banking-prime-srv-01", "server": "core-banking-prime-srv-01", "service": "api-gateway", "request_id": "system"}
{"timestamp": "2026-04-14T17:35:05.598829Z", "level": "INFO", "name": "telemetry-podman", "message": "\ud83d\udcca Updated Podman telemetry for server: core-banking-prime-srv-02", "server": "core-banking-prime-srv-02", "service": "api-gateway", "request_id": "system"}
{"timestamp": "2026-04-14T17:35:06.609058Z", "level": "INFO", "name": "telemetry-podman", "message": "\ud83d\udcca Updated Podman telemetry for server: core-banking-prime-srv-03", "server": "core-banking-prime-srv-03", "service": "api-gateway", "request_id": "system"}
{"timestamp": "2026-04-14T17:35:07.618200Z", "level": "INFO", "name": "telemetry-podman", "message": "\ud83d\udcca Updated Podman telemetry for server: nexus-payments-srv-01", "server": "nexus-payments-srv-01", "service": "api-gateway", "request_id": "system"}
{"timestamp": "2026-04-14T17:35:08.627843Z", "level": "INFO", "name": "telemetry-podman", "message": "\ud83d\udcca Updated Podman telemetry for server: nexus-payments-srv-02", "server": "nexus-payments-srv-02", "service": "api-gateway", "request_id": "system"}
{"timestamp": "2026-04-14T17:35:09.639949Z", "level": "INFO", "name": "telemetry-podman", "message": "\ud83d\udcca Updated Podman telemetry for server: nexus-payments-srv-03", "server": "nexus-payments-srv-03", "service": "api-gateway", "request_id": "system"}
{"timestamp": "2026-04-14T17:35:10.649586Z", "level": "INFO", "name": "telemetry-podman", "message": "\ud83d\udcca Updated Podman telemetry for server: insight-analytics-srv-01", "server": "insight-analytics-srv-01", "service": "api-gateway", "request_id": "system"}
{"timestamp": "2026-04-14T17:35:11.660790Z", "level": "INFO", "name": "telemetry-podman", "message": "\ud83d\udcca Updated Podman telemetry for server: insight-analytics-srv-02", "server": "insight-analytics-srv-02", "service": "api-gateway", "request_id": "system"}
{"timestamp": "2026-04-14T17:35:12.671316Z", "level": "INFO", "name": "telemetry-podman", "message": "\ud83d\udcca Updated Podman telemetry for server: insight-analytics-srv-03", "server": "insight-analytics-srv-03", "service": "api-gateway", "request_id": "system"}
{"timestamp": "2026-04-14T17:35:13.683293Z", "level": "INFO", "name": "telemetry-podman", "message": "\ud83d\udcca Updated Podman telemetry for server: my-test-srv01", "server": "my-test-srv01", "service": "api-gateway", "request_id": "system"}
{"timestamp": "2026-04-14T17:40:04.587212Z", "level": "INFO", "name": "telemetry-podman", "message": "\ud83d\udcca Updated Podman telemetry for server: core-banking-prime-srv-01", "server": "core-banking-prime-srv-01", "service": "api-gateway", "request_id": "system"}
{"timestamp": "2026-04-14T17:40:05.593366Z", "level": "INFO", "name": "telemetry-podman", "message": "\ud83d\udcca Updated Podman telemetry for server: core-banking-prime-srv-02", "server": "core-banking-prime-srv-02", "service": "api-gateway", "request_id": "system"}
{"timestamp": "2026-04-14T17:40:06.605056Z", "level": "INFO", "name": "telemetry-podman", "message": "\ud83d\udcca Updated Podman telemetry for server: core-banking-prime-srv-03", "server": "core-banking-prime-srv-03", "service": "api-gateway", "request_id": "system"}
{"timestamp": "2026-04-14T17:40:07.614948Z", "level": "INFO", "name": "telemetry-podman", "message": "\ud83d\udcca Updated Podman telemetry for server: nexus-payments-srv-01", "server": "nexus-payments-srv-01", "service": "api-gateway", "request_id": "system"}
{"timestamp": "2026-04-14T17:40:08.623975Z", "level": "INFO", "name": "telemetry-podman", "message": "\ud83d\udcca Updated Podman telemetry for server: nexus-payments-srv-02", "server": "nexus-payments-srv-02", "service": "api-gateway", "request_id": "system"}
{"timestamp": "2026-04-14T17:40:09.634467Z", "level": "INFO", "name": "telemetry-podman", "message": "\ud83d\udcca Updated Podman telemetry for server: nexus-payments-srv-03", "server": "nexus-payments-srv-03", "service": "api-gateway", "request_id": "system"}
{"timestamp": "2026-04-14T17:40:10.644234Z", "level": "INFO", "name": "telemetry-podman", "message": "\ud83d\udcca Updated Podman telemetry for server: insight-analytics-srv-01", "server": "insight-analytics-srv-01", "service": "api-gateway", "request_id": "system"}
{"timestamp": "2026-04-14T17:40:11.655163Z", "level": "INFO", "name": "telemetry-podman", "message": "\ud83d\udcca Updated Podman telemetry for server: insight-analytics-srv-02", "server": "insight-analytics-srv-02", "service": "api-gateway", "request_id": "system"}
{"timestamp": "2026-04-14T17:40:12.662926Z", "level": "INFO", "name": "telemetry-podman", "message": "\ud83d\udcca Updated Podman telemetry for server: insight-analytics-srv-03", "server": "insight-analytics-srv-03", "service": "api-gateway", "request_id": "system"}
{"timestamp": "2026-04-14T17:40:13.675209Z", "level": "INFO", "name": "telemetry-podman", "message": "\ud83d\udcca Updated Podman telemetry for server: my-test-srv01", "server": "my-test-srv01", "service": "api-gateway", "request_id": "system"}
{"timestamp": "2026-04-14T17:45:04.590315Z", "level": "INFO", "name": "telemetry-podman", "message": "\ud83d\udcca Updated Podman telemetry for server: core-banking-prime-srv-01", "server": "core-banking-prime-srv-01", "service": "api-gateway", "request_id": "system"}
{"timestamp": "2026-04-14T17:45:05.598139Z", "level": "INFO", "name": "telemetry-podman", "message": "\ud83d\udcca Updated Podman telemetry for server: core-banking-prime-srv-02", "server": "core-banking-prime-srv-02", "service": "api-gateway", "request_id": "system"}
{"timestamp": "2026-04-14T17:45:06.607458Z", "level": "INFO", "name": "telemetry-podman", "message": "\ud83d\udcca Updated Podman telemetry for server: core-banking-prime-srv-03", "server": "core-banking-prime-srv-03", "service": "api-gateway", "request_id": "system"}
{"timestamp": "2026-04-14T17:45:07.617657Z", "level": "INFO", "name": "telemetry-podman", "message": "\ud83d\udcca Updated Podman telemetry for server: nexus-payments-srv-01", "server": "nexus-payments-srv-01", "service": "api-gateway", "request_id": "system"}
{"timestamp": "2026-04-14T17:45:08.628139Z", "level": "INFO", "name": "telemetry-podman", "message": "\ud83d\udcca Updated Podman telemetry for server: nexus-payments-srv-02", "server": "nexus-payments-srv-02", "service": "api-gateway", "request_id": "system"}
{"timestamp": "2026-04-14T17:45:09.636292Z", "level": "INFO", "name": "telemetry-podman", "message": "\ud83d\udcca Updated Podman telemetry for server: nexus-payments-srv-03", "server": "nexus-payments-srv-03", "service": "api-gateway", "request_id": "system"}
{"timestamp": "2026-04-14T17:45:10.646733Z", "level": "INFO", "name": "telemetry-podman", "message": "\ud83d\udcca Updated Podman telemetry for server: insight-analytics-srv-01", "server": "insight-analytics-srv-01", "service": "api-gateway", "request_id": "system"}
{"timestamp": "2026-04-14T17:45:11.657450Z", "level": "INFO", "name": "telemetry-podman", "message": "\ud83d\udcca Updated Podman telemetry for server: insight-analytics-srv-02", "server": "insight-analytics-srv-02", "service": "api-gateway", "request_id": "system"}
{"timestamp": "2026-04-14T17:45:12.667069Z", "level": "INFO", "name": "telemetry-podman", "message": "\ud83d\udcca Updated Podman telemetry for server: insight-analytics-srv-03", "server": "insight-analytics-srv-03", "service": "api-gateway", "request_id": "system"}
{"timestamp": "2026-04-14T17:45:13.676611Z", "level": "INFO", "name": "telemetry-podman", "message": "\ud83d\udcca Updated Podman telemetry for server: my-test-srv01", "server": "my-test-srv01", "service": "api-gateway", "request_id": "system"}
{"timestamp": "2026-04-14T17:50:04.587164Z", "level": "INFO", "name": "telemetry-podman", "message": "\ud83d\udcca Updated Podman telemetry for server: core-banking-prime-srv-01", "server": "core-banking-prime-srv-01", "service": "api-gateway", "request_id": "system"}
{"timestamp": "2026-04-14T17:50:05.595371Z", "level": "INFO", "name": "telemetry-podman", "message": "\ud83d\udcca Updated Podman telemetry for server: core-banking-prime-srv-02", "server": "core-banking-prime-srv-02", "service": "api-gateway", "request_id": "system"}
{"timestamp": "2026-04-14T17:50:06.606929Z", "level": "INFO", "name": "telemetry-podman", "message": "\ud83d\udcca Updated Podman telemetry for server: core-banking-prime-srv-03", "server": "core-banking-prime-srv-03", "service": "api-gateway", "request_id": "system"}
{"timestamp": "2026-04-14T17:50:07.619231Z", "level": "INFO", "name": "telemetry-podman", "message": "\ud83d\udcca Updated Podman telemetry for server: nexus-payments-srv-01", "server": "nexus-payments-srv-01", "service": "api-gateway", "request_id": "system"}
{"timestamp": "2026-04-14T17:50:08.626373Z", "level": "INFO", "name": "telemetry-podman", "message": "\ud83d\udcca Updated Podman telemetry for server: nexus-payments-srv-02", "server": "nexus-payments-srv-02", "service": "api-gateway", "request_id": "system"}
{"timestamp": "2026-04-14T17:50:09.637850Z", "level": "INFO", "name": "telemetry-podman", "message": "\ud83d\udcca Updated Podman telemetry for server: nexus-payments-srv-03", "server": "nexus-payments-srv-03", "service": "api-gateway", "request_id": "system"}
{"timestamp": "2026-04-14T17:50:10.649699Z", "level": "INFO", "name": "telemetry-podman", "message": "\ud83d\udcca Updated Podman telemetry for server: insight-analytics-srv-01", "server": "insight-analytics-srv-01", "service": "api-gateway", "request_id": "system"}
{"timestamp": "2026-04-14T17:50:11.655778Z", "level": "INFO", "name": "telemetry-podman", "message": "\ud83d\udcca Updated Podman telemetry for server: insight-analytics-srv-02", "server": "insight-analytics-srv-02", "service": "api-gateway", "request_id": "system"}
{"timestamp": "2026-04-14T17:50:12.663889Z", "level": "INFO", "name": "telemetry-podman", "message": "\ud83d\udcca Updated Podman telemetry for server: insight-analytics-srv-03", "server": "insight-analytics-srv-03", "service": "api-gateway", "request_id": "system"}
{"timestamp": "2026-04-14T17:50:13.674035Z", "level": "INFO", "name": "telemetry-podman", "message": "\ud83d\udcca Updated Podman telemetry for server: my-test-srv01", "server": "my-test-srv01", "service": "api-gateway", "request_id": "system"}
{"timestamp": "2026-04-14T17:51:08.111009Z", "level": "INFO", "name": "telemetry-podman", "message": "\ud83d\uded1 Telemetry Engine Shutdown Successfully", "service": "api-gateway", "request_id": "system"}
{"timestamp": "2026-04-14T17:56:18.401890Z", "level": "INFO", "name": "telemetry-podman", "message": "\u2705 Podman Telemetry Registered (every 5m)", "service": "api-gateway", "request_id": "system"}
{"timestamp": "2026-04-14T17:56:18.402491Z", "level": "INFO", "name": "telemetry-podman", "message": "\ud83d\ude80 Telemetry Engine Started", "service": "api-gateway", "request_id": "system"}
{"timestamp": "2026-04-14T17:56:44.247830Z", "level": "INFO", "name": "telemetry-podman", "message": "\ud83d\uded1 Telemetry Engine Shutdown Successfully", "service": "api-gateway", "request_id": "system"}
{"timestamp": "2026-04-14T17:56:44.575196Z", "level": "INFO", "name": "telemetry-podman", "message": "\u2705 Podman Telemetry Registered (every 5m)", "service": "api-gateway", "request_id": "system"}
{"timestamp": "2026-04-14T17:56:44.575548Z", "level": "INFO", "name": "telemetry-podman", "message": "\ud83d\ude80 Telemetry Engine Started", "service": "api-gateway", "request_id": "system"}
{"timestamp": "2026-04-14T18:01:45.614162Z", "level": "INFO", "name": "telemetry-podman", "message": "\ud83d\udcca Updated Podman telemetry for server: core-banking-prime-srv-01", "server": "core-banking-prime-srv-01", "service": "api-gateway", "request_id": "system"}
{"timestamp": "2026-04-14T18:01:46.622627Z", "level": "INFO", "name": "telemetry-podman", "message": "\ud83d\udcca Updated Podman telemetry for server: core-banking-prime-srv-02", "server": "core-banking-prime-srv-02", "service": "api-gateway", "request_id": "system"}
{"timestamp": "2026-04-14T18:01:47.631770Z", "level": "INFO", "name": "telemetry-podman", "message": "\ud83d\udcca Updated Podman telemetry for server: core-banking-prime-srv-03", "server": "core-banking-prime-srv-03", "service": "api-gateway", "request_id": "system"}
{"timestamp": "2026-04-14T18:01:48.642917Z", "level": "INFO", "name": "telemetry-podman", "message": "\ud83d\udcca Updated Podman telemetry for server: nexus-payments-srv-01", "server": "nexus-payments-srv-01", "service": "api-gateway", "request_id": "system"}
{"timestamp": "2026-04-14T18:01:49.651501Z", "level": "INFO", "name": "telemetry-podman", "message": "\ud83d\udcca Updated Podman telemetry for server: nexus-payments-srv-02", "server": "nexus-payments-srv-02", "service": "api-gateway", "request_id": "system"}
{"timestamp": "2026-04-14T18:01:50.662152Z", "level": "INFO", "name": "telemetry-podman", "message": "\ud83d\udcca Updated Podman telemetry for server: nexus-payments-srv-03", "server": "nexus-payments-srv-03", "service": "api-gateway", "request_id": "system"}
{"timestamp": "2026-04-14T18:01:51.672189Z", "level": "INFO", "name": "telemetry-podman", "message": "\ud83d\udcca Updated Podman telemetry for server: insight-analytics-srv-01", "server": "insight-analytics-srv-01", "service": "api-gateway", "request_id": "system"}
{"timestamp": "2026-04-14T18:01:52.681493Z", "level": "INFO", "name": "telemetry-podman", "message": "\ud83d\udcca Updated Podman telemetry for server: insight-analytics-srv-02", "server": "insight-analytics-srv-02", "service": "api-gateway", "request_id": "system"}
{"timestamp": "2026-04-14T18:01:53.693570Z", "level": "INFO", "name": "telemetry-podman", "message": "\ud83d\udcca Updated Podman telemetry for server: insight-analytics-srv-03", "server": "insight-analytics-srv-03", "service": "api-gateway", "request_id": "system"}
{"timestamp": "2026-04-14T18:06:45.596653Z", "level": "INFO", "name": "telemetry-podman", "message": "\ud83d\udcca Updated Podman telemetry for server: core-banking-prime-srv-01", "server": "core-banking-prime-srv-01", "service": "api-gateway", "request_id": "system"}
{"timestamp": "2026-04-14T18:06:46.607771Z", "level": "INFO", "name": "telemetry-podman", "message": "\ud83d\udcca Updated Podman telemetry for server: core-banking-prime-srv-02", "server": "core-banking-prime-srv-02", "service": "api-gateway", "request_id": "system"}
{"timestamp": "2026-04-14T18:06:47.617365Z", "level": "INFO", "name": "telemetry-podman", "message": "\ud83d\udcca Updated Podman telemetry for server: core-banking-prime-srv-03", "server": "core-banking-prime-srv-03", "service": "api-gateway", "request_id": "system"}
{"timestamp": "2026-04-14T18:06:48.626673Z", "level": "INFO", "name": "telemetry-podman", "message": "\ud83d\udcca Updated Podman telemetry for server: nexus-payments-srv-01", "server": "nexus-payments-srv-01", "service": "api-gateway", "request_id": "system"}
{"timestamp": "2026-04-14T18:06:49.637332Z", "level": "INFO", "name": "telemetry-podman", "message": "\ud83d\udcca Updated Podman telemetry for server: nexus-payments-srv-02", "server": "nexus-payments-srv-02", "service": "api-gateway", "request_id": "system"}
{"timestamp": "2026-04-14T18:06:50.646918Z", "level": "INFO", "name": "telemetry-podman", "message": "\ud83d\udcca Updated Podman telemetry for server: nexus-payments-srv-03", "server": "nexus-payments-srv-03", "service": "api-gateway", "request_id": "system"}
{"timestamp": "2026-04-14T18:06:51.655651Z", "level": "INFO", "name": "telemetry-podman", "message": "\ud83d\udcca Updated Podman telemetry for server: insight-analytics-srv-01", "server": "insight-analytics-srv-01", "service": "api-gateway", "request_id": "system"}
{"timestamp": "2026-04-14T18:06:52.666878Z", "level": "INFO", "name": "telemetry-podman", "message": "\ud83d\udcca Updated Podman telemetry for server: insight-analytics-srv-02", "server": "insight-analytics-srv-02", "service": "api-gateway", "request_id": "system"}
{"timestamp": "2026-04-14T18:06:53.675599Z", "level": "INFO", "name": "telemetry-podman", "message": "\ud83d\udcca Updated Podman telemetry for server: insight-analytics-srv-03", "server": "insight-analytics-srv-03", "service": "api-gateway", "request_id": "system"}
{"timestamp": "2026-04-14T18:06:54.687652Z", "level": "INFO", "name": "telemetry-podman", "message": "\ud83d\udcca Updated Podman telemetry for server: my-test-srv01", "server": "my-test-srv01", "service": "api-gateway", "request_id": "system"}
{"timestamp": "2026-04-14T18:11:45.599009Z", "level": "INFO", "name": "telemetry-podman", "message": "\ud83d\udcca Updated Podman telemetry for server: core-banking-prime-srv-01", "server": "core-banking-prime-srv-01", "service": "api-gateway", "request_id": "system"}
{"timestamp": "2026-04-14T18:11:46.610017Z", "level": "INFO", "name": "telemetry-podman", "message": "\ud83d\udcca Updated Podman telemetry for server: core-banking-prime-srv-02", "server": "core-banking-prime-srv-02", "service": "api-gateway", "request_id": "system"}
{"timestamp": "2026-04-14T18:11:47.619898Z", "level": "INFO", "name": "telemetry-podman", "message": "\ud83d\udcca Updated Podman telemetry for server: core-banking-prime-srv-03", "server": "core-banking-prime-srv-03", "service": "api-gateway", "request_id": "system"}
{"timestamp": "2026-04-14T18:11:48.629625Z", "level": "INFO", "name": "telemetry-podman", "message": "\ud83d\udcca Updated Podman telemetry for server: nexus-payments-srv-01", "server": "nexus-payments-srv-01", "service": "api-gateway", "request_id": "system"}
{"timestamp": "2026-04-14T18:11:49.640791Z", "level": "INFO", "name": "telemetry-podman", "message": "\ud83d\udcca Updated Podman telemetry for server: nexus-payments-srv-02", "server": "nexus-payments-srv-02", "service": "api-gateway", "request_id": "system"}
{"timestamp": "2026-04-14T18:11:50.650033Z", "level": "INFO", "name": "telemetry-podman", "message": "\ud83d\udcca Updated Podman telemetry for server: nexus-payments-srv-03", "server": "nexus-payments-srv-03", "service": "api-gateway", "request_id": "system"}
{"timestamp": "2026-04-14T18:11:51.660457Z", "level": "INFO", "name": "telemetry-podman", "message": "\ud83d\udcca Updated Podman telemetry for server: insight-analytics-srv-01", "server": "insight-analytics-srv-01", "service": "api-gateway", "request_id": "system"}
{"timestamp": "2026-04-14T18:11:52.671049Z", "level": "INFO", "name": "telemetry-podman", "message": "\ud83d\udcca Updated Podman telemetry for server: insight-analytics-srv-02", "server": "insight-analytics-srv-02", "service": "api-gateway", "request_id": "system"}
{"timestamp": "2026-04-14T18:11:53.683059Z", "level": "INFO", "name": "telemetry-podman", "message": "\ud83d\udcca Updated Podman telemetry for server: insight-analytics-srv-03", "server": "insight-analytics-srv-03", "service": "api-gateway", "request_id": "system"}
{"timestamp": "2026-04-14T18:11:54.695241Z", "level": "INFO", "name": "telemetry-podman", "message": "\ud83d\udcca Updated Podman telemetry for server: my-test-srv01", "server": "my-test-srv01", "service": "api-gateway", "request_id": "system"}
{"timestamp": "2026-04-14T18:16:45.595213Z", "level": "INFO", "name": "telemetry-podman", "message": "\ud83d\udcca Updated Podman telemetry for server: core-banking-prime-srv-01", "server": "core-banking-prime-srv-01", "service": "api-gateway", "request_id": "system"}
{"timestamp": "2026-04-14T18:16:46.606680Z", "level": "INFO", "name": "telemetry-podman", "message": "\ud83d\udcca Updated Podman telemetry for server: core-banking-prime-srv-02", "server": "core-banking-prime-srv-02", "service": "api-gateway", "request_id": "system"}
{"timestamp": "2026-04-14T18:16:47.616056Z", "level": "INFO", "name": "telemetry-podman", "message": "\ud83d\udcca Updated Podman telemetry for server: core-banking-prime-srv-03", "server": "core-banking-prime-srv-03", "service": "api-gateway", "request_id": "system"}
{"timestamp": "2026-04-14T18:16:48.623697Z", "level": "INFO", "name": "telemetry-podman", "message": "\ud83d\udcca Updated Podman telemetry for server: nexus-payments-srv-01", "server": "nexus-payments-srv-01", "service": "api-gateway", "request_id": "system"}
{"timestamp": "2026-04-14T18:16:49.632670Z", "level": "INFO", "name": "telemetry-podman", "message": "\ud83d\udcca Updated Podman telemetry for server: nexus-payments-srv-02", "server": "nexus-payments-srv-02", "service": "api-gateway", "request_id": "system"}
{"timestamp": "2026-04-14T18:16:50.642225Z", "level": "INFO", "name": "telemetry-podman", "message": "\ud83d\udcca Updated Podman telemetry for server: nexus-payments-srv-03", "server": "nexus-payments-srv-03", "service": "api-gateway", "request_id": "system"}
{"timestamp": "2026-04-14T18:16:51.651178Z", "level": "INFO", "name": "telemetry-podman", "message": "\ud83d\udcca Updated Podman telemetry for server: insight-analytics-srv-01", "server": "insight-analytics-srv-01", "service": "api-gateway", "request_id": "system"}
{"timestamp": "2026-04-14T18:16:52.662174Z", "level": "INFO", "name": "telemetry-podman", "message": "\ud83d\udcca Updated Podman telemetry for server: insight-analytics-srv-02", "server": "insight-analytics-srv-02", "service": "api-gateway", "request_id": "system"}
{"timestamp": "2026-04-14T18:16:53.672061Z", "level": "INFO", "name": "telemetry-podman", "message": "\ud83d\udcca Updated Podman telemetry for server: insight-analytics-srv-03", "server": "insight-analytics-srv-03", "service": "api-gateway", "request_id": "system"}
{"timestamp": "2026-04-14T18:16:54.680623Z", "level": "INFO", "name": "telemetry-podman", "message": "\ud83d\udcca Updated Podman telemetry for server: my-test-srv01", "server": "my-test-srv01", "service": "api-gateway", "request_id": "system"}
{"timestamp": "2026-04-14T18:21:45.605130Z", "level": "INFO", "name": "telemetry-podman", "message": "\ud83d\udcca Updated Podman telemetry for server: core-banking-prime-srv-01", "server": "core-banking-prime-srv-01", "service": "api-gateway", "request_id": "system"}
{"timestamp": "2026-04-14T18:21:46.613964Z", "level": "INFO", "name": "telemetry-podman", "message": "\ud83d\udcca Updated Podman telemetry for server: core-banking-prime-srv-02", "server": "core-banking-prime-srv-02", "service": "api-gateway", "request_id": "system"}
{"timestamp": "2026-04-14T18:21:47.617974Z", "level": "INFO", "name": "telemetry-podman", "message": "\ud83d\udcca Updated Podman telemetry for server: core-banking-prime-srv-03", "server": "core-banking-prime-srv-03", "service": "api-gateway", "request_id": "system"}
{"timestamp": "2026-04-14T18:21:48.627571Z", "level": "INFO", "name": "telemetry-podman", "message": "\ud83d\udcca Updated Podman telemetry for server: nexus-payments-srv-01", "server": "nexus-payments-srv-01", "service": "api-gateway", "request_id": "system"}
{"timestamp": "2026-04-14T18:21:49.633405Z", "level": "INFO", "name": "telemetry-podman", "message": "\ud83d\udcca Updated Podman telemetry for server: nexus-payments-srv-02", "server": "nexus-payments-srv-02", "service": "api-gateway", "request_id": "system"}
{"timestamp": "2026-04-14T18:21:50.638373Z", "level": "INFO", "name": "telemetry-podman", "message": "\ud83d\udcca Updated Podman telemetry for server: nexus-payments-srv-03", "server": "nexus-payments-srv-03", "service": "api-gateway", "request_id": "system"}
{"timestamp": "2026-04-14T18:21:51.648144Z", "level": "INFO", "name": "telemetry-podman", "message": "\ud83d\udcca Updated Podman telemetry for server: insight-analytics-srv-01", "server": "insight-analytics-srv-01", "service": "api-gateway", "request_id": "system"}
{"timestamp": "2026-04-14T18:21:52.656822Z", "level": "INFO", "name": "telemetry-podman", "message": "\ud83d\udcca Updated Podman telemetry for server: insight-analytics-srv-02", "server": "insight-analytics-srv-02", "service": "api-gateway", "request_id": "system"}
{"timestamp": "2026-04-14T18:21:53.666603Z", "level": "INFO", "name": "telemetry-podman", "message": "\ud83d\udcca Updated Podman telemetry for server: insight-analytics-srv-03", "server": "insight-analytics-srv-03", "service": "api-gateway", "request_id": "system"}
{"timestamp": "2026-04-14T18:21:54.675183Z", "level": "INFO", "name": "telemetry-podman", "message": "\ud83d\udcca Updated Podman telemetry for server: my-test-srv01", "server": "my-test-srv01", "service": "api-gateway", "request_id": "system"}
{"timestamp": "2026-04-14T18:26:45.601439Z", "level": "INFO", "name": "telemetry-podman", "message": "\ud83d\udcca Updated Podman telemetry for server: core-banking-prime-srv-01", "server": "core-banking-prime-srv-01", "service": "api-gateway", "request_id": "system"}
{"timestamp": "2026-04-14T18:26:46.614357Z", "level": "INFO", "name": "telemetry-podman", "message": "\ud83d\udcca Updated Podman telemetry for server: core-banking-prime-srv-02", "server": "core-banking-prime-srv-02", "service": "api-gateway", "request_id": "system"}
{"timestamp": "2026-04-14T18:26:47.621613Z", "level": "INFO", "name": "telemetry-podman", "message": "\ud83d\udcca Updated Podman telemetry for server: core-banking-prime-srv-03", "server": "core-banking-prime-srv-03", "service": "api-gateway", "request_id": "system"}
{"timestamp": "2026-04-14T18:26:48.631324Z", "level": "INFO", "name": "telemetry-podman", "message": "\ud83d\udcca Updated Podman telemetry for server: nexus-payments-srv-01", "server": "nexus-payments-srv-01", "service": "api-gateway", "request_id": "system"}
{"timestamp": "2026-04-14T18:26:49.642782Z", "level": "INFO", "name": "telemetry-podman", "message": "\ud83d\udcca Updated Podman telemetry for server: nexus-payments-srv-02", "server": "nexus-payments-srv-02", "service": "api-gateway", "request_id": "system"}
{"timestamp": "2026-04-14T18:26:50.652630Z", "level": "INFO", "name": "telemetry-podman", "message": "\ud83d\udcca Updated Podman telemetry for server: nexus-payments-srv-03", "server": "nexus-payments-srv-03", "service": "api-gateway", "request_id": "system"}
{"timestamp": "2026-04-14T18:26:51.661442Z", "level": "INFO", "name": "telemetry-podman", "message": "\ud83d\udcca Updated Podman telemetry for server: insight-analytics-srv-01", "server": "insight-analytics-srv-01", "service": "api-gateway", "request_id": "system"}
{"timestamp": "2026-04-14T18:26:52.673874Z", "level": "INFO", "name": "telemetry-podman", "message": "\ud83d\udcca Updated Podman telemetry for server: insight-analytics-srv-02", "server": "insight-analytics-srv-02", "service": "api-gateway", "request_id": "system"}
{"timestamp": "2026-04-14T18:26:53.685652Z", "level": "INFO", "name": "telemetry-podman", "message": "\ud83d\udcca Updated Podman telemetry for server: insight-analytics-srv-03", "server": "insight-analytics-srv-03", "service": "api-gateway", "request_id": "system"}
{"timestamp": "2026-04-14T18:26:54.696268Z", "level": "INFO", "name": "telemetry-podman", "message": "\ud83d\udcca Updated Podman telemetry for server: my-test-srv01", "server": "my-test-srv01", "service": "api-gateway", "request_id": "system"}
{"timestamp": "2026-04-14T18:31:45.598954Z", "level": "INFO", "name": "telemetry-podman", "message": "\ud83d\udcca Updated Podman telemetry for server: core-banking-prime-srv-01", "server": "core-banking-prime-srv-01", "service": "api-gateway", "request_id": "system"}
{"timestamp": "2026-04-14T18:31:46.607659Z", "level": "INFO", "name": "telemetry-podman", "message": "\ud83d\udcca Updated Podman telemetry for server: core-banking-prime-srv-02", "server": "core-banking-prime-srv-02", "service": "api-gateway", "request_id": "system"}
{"timestamp": "2026-04-14T18:31:47.617446Z", "level": "INFO", "name": "telemetry-podman", "message": "\ud83d\udcca Updated Podman telemetry for server: core-banking-prime-srv-03", "server": "core-banking-prime-srv-03", "service": "api-gateway", "request_id": "system"}
{"timestamp": "2026-04-14T18:31:48.627572Z", "level": "INFO", "name": "telemetry-podman", "message": "\ud83d\udcca Updated Podman telemetry for server: nexus-payments-srv-01", "server": "nexus-payments-srv-01", "service": "api-gateway", "request_id": "system"}
{"timestamp": "2026-04-14T18:31:49.635847Z", "level": "INFO", "name": "telemetry-podman", "message": "\ud83d\udcca Updated Podman telemetry for server: nexus-payments-srv-02", "server": "nexus-payments-srv-02", "service": "api-gateway", "request_id": "system"}
{"timestamp": "2026-04-14T18:31:50.641026Z", "level": "INFO", "name": "telemetry-podman", "message": "\ud83d\udcca Updated Podman telemetry for server: nexus-payments-srv-03", "server": "nexus-payments-srv-03", "service": "api-gateway", "request_id": "system"}
{"timestamp": "2026-04-14T18:31:51.644807Z", "level": "INFO", "name": "telemetry-podman", "message": "\ud83d\udcca Updated Podman telemetry for server: insight-analytics-srv-01", "server": "insight-analytics-srv-01", "service": "api-gateway", "request_id": "system"}
{"timestamp": "2026-04-14T18:31:52.655251Z", "level": "INFO", "name": "telemetry-podman", "message": "\ud83d\udcca Updated Podman telemetry for server: insight-analytics-srv-02", "server": "insight-analytics-srv-02", "service": "api-gateway", "request_id": "system"}
{"timestamp": "2026-04-14T18:31:53.664221Z", "level": "INFO", "name": "telemetry-podman", "message": "\ud83d\udcca Updated Podman telemetry for server: insight-analytics-srv-03", "server": "insight-analytics-srv-03", "service": "api-gateway", "request_id": "system"}
{"timestamp": "2026-04-14T18:31:54.673404Z", "level": "INFO", "name": "telemetry-podman", "message": "\ud83d\udcca Updated Podman telemetry for server: my-test-srv01", "server": "my-test-srv01", "service": "api-gateway", "request_id": "system"}
{"timestamp": "2026-04-14T18:36:45.593679Z", "level": "INFO", "name": "telemetry-podman", "message": "\ud83d\udcca Updated Podman telemetry for server: core-banking-prime-srv-01", "server": "core-banking-prime-srv-01", "service": "api-gateway", "request_id": "system"}
{"timestamp": "2026-04-14T18:36:46.604005Z", "level": "INFO", "name": "telemetry-podman", "message": "\ud83d\udcca Updated Podman telemetry for server: core-banking-prime-srv-02", "server": "core-banking-prime-srv-02", "service": "api-gateway", "request_id": "system"}
{"timestamp": "2026-04-14T18:36:47.609500Z", "level": "INFO", "name": "telemetry-podman", "message": "\ud83d\udcca Updated Podman telemetry for server: core-banking-prime-srv-03", "server": "core-banking-prime-srv-03", "service": "api-gateway", "request_id": "system"}
{"timestamp": "2026-04-14T18:36:48.615891Z", "level": "INFO", "name": "telemetry-podman", "message": "\ud83d\udcca Updated Podman telemetry for server: nexus-payments-srv-01", "server": "nexus-payments-srv-01", "service": "api-gateway", "request_id": "system"}
{"timestamp": "2026-04-14T18:36:49.623448Z", "level": "INFO", "name": "telemetry-podman", "message": "\ud83d\udcca Updated Podman telemetry for server: nexus-payments-srv-02", "server": "nexus-payments-srv-02", "service": "api-gateway", "request_id": "system"}
{"timestamp": "2026-04-14T18:36:50.628825Z", "level": "INFO", "name": "telemetry-podman", "message": "\ud83d\udcca Updated Podman telemetry for server: nexus-payments-srv-03", "server": "nexus-payments-srv-03", "service": "api-gateway", "request_id": "system"}
{"timestamp": "2026-04-14T18:36:51.638326Z", "level": "INFO", "name": "telemetry-podman", "message": "\ud83d\udcca Updated Podman telemetry for server: insight-analytics-srv-01", "server": "insight-analytics-srv-01", "service": "api-gateway", "request_id": "system"}
{"timestamp": "2026-04-14T18:36:52.646509Z", "level": "INFO", "name": "telemetry-podman", "message": "\ud83d\udcca Updated Podman telemetry for server: insight-analytics-srv-02", "server": "insight-analytics-srv-02", "service": "api-gateway", "request_id": "system"}
{"timestamp": "2026-04-14T18:36:53.656117Z", "level": "INFO", "name": "telemetry-podman", "message": "\ud83d\udcca Updated Podman telemetry for server: insight-analytics-srv-03", "server": "insight-analytics-srv-03", "service": "api-gateway", "request_id": "system"}
{"timestamp": "2026-04-14T18:36:54.667332Z", "level": "INFO", "name": "telemetry-podman", "message": "\ud83d\udcca Updated Podman telemetry for server: my-test-srv01", "server": "my-test-srv01", "service": "api-gateway", "request_id": "system"}
{"timestamp": "2026-04-14T18:41:45.602172Z", "level": "INFO", "name": "telemetry-podman", "message": "\ud83d\udcca Updated Podman telemetry for server: core-banking-prime-srv-01", "server": "core-banking-prime-srv-01", "service": "api-gateway", "request_id": "system"}
{"timestamp": "2026-04-14T18:41:46.607617Z", "level": "INFO", "name": "telemetry-podman", "message": "\ud83d\udcca Updated Podman telemetry for server: core-banking-prime-srv-02", "server": "core-banking-prime-srv-02", "service": "api-gateway", "request_id": "system"}
{"timestamp": "2026-04-14T18:41:47.613364Z", "level": "INFO", "name": "telemetry-podman", "message": "\ud83d\udcca Updated Podman telemetry for server: core-banking-prime-srv-03", "server": "core-banking-prime-srv-03", "service": "api-gateway", "request_id": "system"}
{"timestamp": "2026-04-14T18:41:48.624298Z", "level": "INFO", "name": "telemetry-podman", "message": "\ud83d\udcca Updated Podman telemetry for server: nexus-payments-srv-01", "server": "nexus-payments-srv-01", "service": "api-gateway", "request_id": "system"}
{"timestamp": "2026-04-14T18:41:49.634303Z", "level": "INFO", "name": "telemetry-podman", "message": "\ud83d\udcca Updated Podman telemetry for server: nexus-payments-srv-02", "server": "nexus-payments-srv-02", "service": "api-gateway", "request_id": "system"}
{"timestamp": "2026-04-14T18:41:50.644016Z", "level": "INFO", "name": "telemetry-podman", "message": "\ud83d\udcca Updated Podman telemetry for server: nexus-payments-srv-03", "server": "nexus-payments-srv-03", "service": "api-gateway", "request_id": "system"}
{"timestamp": "2026-04-14T18:41:51.653796Z", "level": "INFO", "name": "telemetry-podman", "message": "\ud83d\udcca Updated Podman telemetry for server: insight-analytics-srv-01", "server": "insight-analytics-srv-01", "service": "api-gateway", "request_id": "system"}
{"timestamp": "2026-04-14T18:41:52.663361Z", "level": "INFO", "name": "telemetry-podman", "message": "\ud83d\udcca Updated Podman telemetry for server: insight-analytics-srv-02", "server": "insight-analytics-srv-02", "service": "api-gateway", "request_id": "system"}
{"timestamp": "2026-04-14T18:41:53.672473Z", "level": "INFO", "name": "telemetry-podman", "message": "\ud83d\udcca Updated Podman telemetry for server: insight-analytics-srv-03", "server": "insight-analytics-srv-03", "service": "api-gateway", "request_id": "system"}
{"timestamp": "2026-04-14T18:41:54.683895Z", "level": "INFO", "name": "telemetry-podman", "message": "\ud83d\udcca Updated Podman telemetry for server: my-test-srv01", "server": "my-test-srv01", "service": "api-gateway", "request_id": "system"}
{"timestamp": "2026-04-14T18:46:45.601275Z", "level": "INFO", "name": "telemetry-podman", "message": "\ud83d\udcca Updated Podman telemetry for server: core-banking-prime-srv-01", "server": "core-banking-prime-srv-01", "service": "api-gateway", "request_id": "system"}
{"timestamp": "2026-04-14T18:46:46.612138Z", "level": "INFO", "name": "telemetry-podman", "message": "\ud83d\udcca Updated Podman telemetry for server: core-banking-prime-srv-02", "server": "core-banking-prime-srv-02", "service": "api-gateway", "request_id": "system"}
{"timestamp": "2026-04-14T18:46:47.618714Z", "level": "INFO", "name": "telemetry-podman", "message": "\ud83d\udcca Updated Podman telemetry for server: core-banking-prime-srv-03", "server": "core-banking-prime-srv-03", "service": "api-gateway", "request_id": "system"}
{"timestamp": "2026-04-14T18:46:48.625997Z", "level": "INFO", "name": "telemetry-podman", "message": "\ud83d\udcca Updated Podman telemetry for server: nexus-payments-srv-01", "server": "nexus-payments-srv-01", "service": "api-gateway", "request_id": "system"}
{"timestamp": "2026-04-14T18:46:49.635557Z", "level": "INFO", "name": "telemetry-podman", "message": "\ud83d\udcca Updated Podman telemetry for server: nexus-payments-srv-02", "server": "nexus-payments-srv-02", "service": "api-gateway", "request_id": "system"}
{"timestamp": "2026-04-14T18:46:50.646601Z", "level": "INFO", "name": "telemetry-podman", "message": "\ud83d\udcca Updated Podman telemetry for server: nexus-payments-srv-03", "server": "nexus-payments-srv-03", "service": "api-gateway", "request_id": "system"}
{"timestamp": "2026-04-14T18:46:51.654018Z", "level": "INFO", "name": "telemetry-podman", "message": "\ud83d\udcca Updated Podman telemetry for server: insight-analytics-srv-01", "server": "insight-analytics-srv-01", "service": "api-gateway", "request_id": "system"}
{"timestamp": "2026-04-14T18:46:52.666293Z", "level": "INFO", "name": "telemetry-podman", "message": "\ud83d\udcca Updated Podman telemetry for server: insight-analytics-srv-02", "server": "insight-analytics-srv-02", "service": "api-gateway", "request_id": "system"}
{"timestamp": "2026-04-14T18:46:53.676431Z", "level": "INFO", "name": "telemetry-podman", "message": "\ud83d\udcca Updated Podman telemetry for server: insight-analytics-srv-03", "server": "insight-analytics-srv-03", "service": "api-gateway", "request_id": "system"}
{"timestamp": "2026-04-14T18:46:54.686098Z", "level": "INFO", "name": "telemetry-podman", "message": "\ud83d\udcca Updated Podman telemetry for server: my-test-srv01", "server": "my-test-srv01", "service": "api-gateway", "request_id": "system"}
{"timestamp": "2026-04-14T18:51:45.617284Z", "level": "INFO", "name": "telemetry-podman", "message": "\ud83d\udcca Updated Podman telemetry for server: core-banking-prime-srv-01", "server": "core-banking-prime-srv-01", "service": "api-gateway", "request_id": "system"}
{"timestamp": "2026-04-14T18:51:46.623029Z", "level": "INFO", "name": "telemetry-podman", "message": "\ud83d\udcca Updated Podman telemetry for server: core-banking-prime-srv-02", "server": "core-banking-prime-srv-02", "service": "api-gateway", "request_id": "system"}
{"timestamp": "2026-04-14T18:51:47.627354Z", "level": "INFO", "name": "telemetry-podman", "message": "\ud83d\udcca Updated Podman telemetry for server: core-banking-prime-srv-03", "server": "core-banking-prime-srv-03", "service": "api-gateway", "request_id": "system"}
{"timestamp": "2026-04-14T18:51:48.634806Z", "level": "INFO", "name": "telemetry-podman", "message": "\ud83d\udcca Updated Podman telemetry for server: nexus-payments-srv-01", "server": "nexus-payments-srv-01", "service": "api-gateway", "request_id": "system"}
{"timestamp": "2026-04-14T18:51:49.639226Z", "level": "INFO", "name": "telemetry-podman", "message": "\ud83d\udcca Updated Podman telemetry for server: nexus-payments-srv-02", "server": "nexus-payments-srv-02", "service": "api-gateway", "request_id": "system"}
{"timestamp": "2026-04-14T18:51:50.644019Z", "level": "INFO", "name": "telemetry-podman", "message": "\ud83d\udcca Updated Podman telemetry for server: nexus-payments-srv-03", "server": "nexus-payments-srv-03", "service": "api-gateway", "request_id": "system"}
{"timestamp": "2026-04-14T18:51:51.649573Z", "level": "INFO", "name": "telemetry-podman", "message": "\ud83d\udcca Updated Podman telemetry for server: insight-analytics-srv-01", "server": "insight-analytics-srv-01", "service": "api-gateway", "request_id": "system"}
{"timestamp": "2026-04-14T18:51:52.654405Z", "level": "INFO", "name": "telemetry-podman", "message": "\ud83d\udcca Updated Podman telemetry for server: insight-analytics-srv-02", "server": "insight-analytics-srv-02", "service": "api-gateway", "request_id": "system"}
{"timestamp": "2026-04-14T18:51:53.658688Z", "level": "INFO", "name": "telemetry-podman", "message": "\ud83d\udcca Updated Podman telemetry for server: insight-analytics-srv-03", "server": "insight-analytics-srv-03", "service": "api-gateway", "request_id": "system"}
{"timestamp": "2026-04-14T18:51:54.664037Z", "level": "INFO", "name": "telemetry-podman", "message": "\ud83d\udcca Updated Podman telemetry for server: my-test-srv01", "server": "my-test-srv01", "service": "api-gateway", "request_id": "system"}
{"timestamp": "2026-04-14T18:56:45.599685Z", "level": "INFO", "name": "telemetry-podman", "message": "\ud83d\udcca Updated Podman telemetry for server: core-banking-prime-srv-01", "server": "core-banking-prime-srv-01", "service": "api-gateway", "request_id": "system"}
{"timestamp": "2026-04-14T18:56:46.611481Z", "level": "INFO", "name": "telemetry-podman", "message": "\ud83d\udcca Updated Podman telemetry for server: core-banking-prime-srv-02", "server": "core-banking-prime-srv-02", "service": "api-gateway", "request_id": "system"}
{"timestamp": "2026-04-14T18:56:47.621270Z", "level": "INFO", "name": "telemetry-podman", "message": "\ud83d\udcca Updated Podman telemetry for server: core-banking-prime-srv-03", "server": "core-banking-prime-srv-03", "service": "api-gateway", "request_id": "system"}
{"timestamp": "2026-04-14T18:56:48.632179Z", "level": "INFO", "name": "telemetry-podman", "message": "\ud83d\udcca Updated Podman telemetry for server: nexus-payments-srv-01", "server": "nexus-payments-srv-01", "service": "api-gateway", "request_id": "system"}
{"timestamp": "2026-04-14T18:56:49.644592Z", "level": "INFO", "name": "telemetry-podman", "message": "\ud83d\udcca Updated Podman telemetry for server: nexus-payments-srv-02", "server": "nexus-payments-srv-02", "service": "api-gateway", "request_id": "system"}
{"timestamp": "2026-04-14T18:56:50.656281Z", "level": "INFO", "name": "telemetry-podman", "message": "\ud83d\udcca Updated Podman telemetry for server: nexus-payments-srv-03", "server": "nexus-payments-srv-03", "service": "api-gateway", "request_id": "system"}
{"timestamp": "2026-04-14T18:56:51.667654Z", "level": "INFO", "name": "telemetry-podman", "message": "\ud83d\udcca Updated Podman telemetry for server: insight-analytics-srv-01", "server": "insight-analytics-srv-01", "service": "api-gateway", "request_id": "system"}
{"timestamp": "2026-04-14T18:56:52.675237Z", "level": "INFO", "name": "telemetry-podman", "message": "\ud83d\udcca Updated Podman telemetry for server: insight-analytics-srv-02", "server": "insight-analytics-srv-02", "service": "api-gateway", "request_id": "system"}
{"timestamp": "2026-04-14T18:56:53.683474Z", "level": "INFO", "name": "telemetry-podman", "message": "\ud83d\udcca Updated Podman telemetry for server: insight-analytics-srv-03", "server": "insight-analytics-srv-03", "service": "api-gateway", "request_id": "system"}
{"timestamp": "2026-04-14T18:56:54.694638Z", "level": "INFO", "name": "telemetry-podman", "message": "\ud83d\udcca Updated Podman telemetry for server: my-test-srv01", "server": "my-test-srv01", "service": "api-gateway", "request_id": "system"}
{"timestamp": "2026-04-14T18:56:55.703590Z", "level": "INFO", "name": "telemetry-podman", "message": "\ud83d\udcca Updated Podman telemetry for server: my-test-srv02", "server": "my-test-srv02", "service": "api-gateway", "request_id": "system"}
{"timestamp": "2026-04-14T19:01:45.600821Z", "level": "INFO", "name": "telemetry-podman", "message": "\ud83d\udcca Updated Podman telemetry for server: core-banking-prime-srv-01", "server": "core-banking-prime-srv-01", "service": "api-gateway", "request_id": "system"}
{"timestamp": "2026-04-14T19:01:46.611518Z", "level": "INFO", "name": "telemetry-podman", "message": "\ud83d\udcca Updated Podman telemetry for server: core-banking-prime-srv-02", "server": "core-banking-prime-srv-02", "service": "api-gateway", "request_id": "system"}
{"timestamp": "2026-04-14T19:01:47.619519Z", "level": "INFO", "name": "telemetry-podman", "message": "\ud83d\udcca Updated Podman telemetry for server: core-banking-prime-srv-03", "server": "core-banking-prime-srv-03", "service": "api-gateway", "request_id": "system"}
{"timestamp": "2026-04-14T19:01:48.631259Z", "level": "INFO", "name": "telemetry-podman", "message": "\ud83d\udcca Updated Podman telemetry for server: nexus-payments-srv-01", "server": "nexus-payments-srv-01", "service": "api-gateway", "request_id": "system"}
{"timestamp": "2026-04-14T19:01:49.642871Z", "level": "INFO", "name": "telemetry-podman", "message": "\ud83d\udcca Updated Podman telemetry for server: nexus-payments-srv-02", "server": "nexus-payments-srv-02", "service": "api-gateway", "request_id": "system"}
{"timestamp": "2026-04-14T19:01:50.653236Z", "level": "INFO", "name": "telemetry-podman", "message": "\ud83d\udcca Updated Podman telemetry for server: nexus-payments-srv-03", "server": "nexus-payments-srv-03", "service": "api-gateway", "request_id": "system"}
{"timestamp": "2026-04-14T19:01:51.660912Z", "level": "INFO", "name": "telemetry-podman", "message": "\ud83d\udcca Updated Podman telemetry for server: insight-analytics-srv-01", "server": "insight-analytics-srv-01", "service": "api-gateway", "request_id": "system"}
{"timestamp": "2026-04-14T19:01:52.670476Z", "level": "INFO", "name": "telemetry-podman", "message": "\ud83d\udcca Updated Podman telemetry for server: insight-analytics-srv-02", "server": "insight-analytics-srv-02", "service": "api-gateway", "request_id": "system"}
{"timestamp": "2026-04-14T19:01:53.681057Z", "level": "INFO", "name": "telemetry-podman", "message": "\ud83d\udcca Updated Podman telemetry for server: insight-analytics-srv-03", "server": "insight-analytics-srv-03", "service": "api-gateway", "request_id": "system"}
{"timestamp": "2026-04-14T19:01:54.690593Z", "level": "INFO", "name": "telemetry-podman", "message": "\ud83d\udcca Updated Podman telemetry for server: my-test-srv01", "server": "my-test-srv01", "service": "api-gateway", "request_id": "system"}
{"timestamp": "2026-04-14T19:01:55.696631Z", "level": "INFO", "name": "telemetry-podman", "message": "\ud83d\udcca Updated Podman telemetry for server: my-test-srv02", "server": "my-test-srv02", "service": "api-gateway", "request_id": "system"}
{"timestamp": "2026-04-14T19:06:45.589521Z", "level": "INFO", "name": "telemetry-podman", "message": "\ud83d\udcca Updated Podman telemetry for server: core-banking-prime-srv-01", "server": "core-banking-prime-srv-01", "service": "api-gateway", "request_id": "system"}
{"timestamp": "2026-04-14T19:06:46.601498Z", "level": "INFO", "name": "telemetry-podman", "message": "\ud83d\udcca Updated Podman telemetry for server: core-banking-prime-srv-02", "server": "core-banking-prime-srv-02", "service": "api-gateway", "request_id": "system"}
{"timestamp": "2026-04-14T19:06:47.612437Z", "level": "INFO", "name": "telemetry-podman", "message": "\ud83d\udcca Updated Podman telemetry for server: core-banking-prime-srv-03", "server": "core-banking-prime-srv-03", "service": "api-gateway", "request_id": "system"}
{"timestamp": "2026-04-14T19:06:48.621739Z", "level": "INFO", "name": "telemetry-podman", "message": "\ud83d\udcca Updated Podman telemetry for server: nexus-payments-srv-01", "server": "nexus-payments-srv-01", "service": "api-gateway", "request_id": "system"}
{"timestamp": "2026-04-14T19:06:49.629608Z", "level": "INFO", "name": "telemetry-podman", "message": "\ud83d\udcca Updated Podman telemetry for server: nexus-payments-srv-02", "server": "nexus-payments-srv-02", "service": "api-gateway", "request_id": "system"}
{"timestamp": "2026-04-14T19:06:50.639714Z", "level": "INFO", "name": "telemetry-podman", "message": "\ud83d\udcca Updated Podman telemetry for server: nexus-payments-srv-03", "server": "nexus-payments-srv-03", "service": "api-gateway", "request_id": "system"}
{"timestamp": "2026-04-14T19:06:51.651190Z", "level": "INFO", "name": "telemetry-podman", "message": "\ud83d\udcca Updated Podman telemetry for server: insight-analytics-srv-01", "server": "insight-analytics-srv-01", "service": "api-gateway", "request_id": "system"}
{"timestamp": "2026-04-14T19:06:52.662492Z", "level": "INFO", "name": "telemetry-podman", "message": "\ud83d\udcca Updated Podman telemetry for server: insight-analytics-srv-02", "server": "insight-analytics-srv-02", "service": "api-gateway", "request_id": "system"}
{"timestamp": "2026-04-14T19:06:53.672214Z", "level": "INFO", "name": "telemetry-podman", "message": "\ud83d\udcca Updated Podman telemetry for server: insight-analytics-srv-03", "server": "insight-analytics-srv-03", "service": "api-gateway", "request_id": "system"}
{"timestamp": "2026-04-14T19:11:45.614865Z", "level": "INFO", "name": "telemetry-podman", "message": "\ud83d\udcca Updated Podman telemetry for server: core-banking-prime-srv-01", "server": "core-banking-prime-srv-01", "service": "api-gateway", "request_id": "system"}
{"timestamp": "2026-04-14T19:11:46.625645Z", "level": "INFO", "name": "telemetry-podman", "message": "\ud83d\udcca Updated Podman telemetry for server: core-banking-prime-srv-02", "server": "core-banking-prime-srv-02", "service": "api-gateway", "request_id": "system"}
{"timestamp": "2026-04-14T19:11:47.634172Z", "level": "INFO", "name": "telemetry-podman", "message": "\ud83d\udcca Updated Podman telemetry for server: core-banking-prime-srv-03", "server": "core-banking-prime-srv-03", "service": "api-gateway", "request_id": "system"}
{"timestamp": "2026-04-14T19:11:48.646075Z", "level": "INFO", "name": "telemetry-podman", "message": "\ud83d\udcca Updated Podman telemetry for server: nexus-payments-srv-01", "server": "nexus-payments-srv-01", "service": "api-gateway", "request_id": "system"}
{"timestamp": "2026-04-14T19:11:49.656048Z", "level": "INFO", "name": "telemetry-podman", "message": "\ud83d\udcca Updated Podman telemetry for server: nexus-payments-srv-02", "server": "nexus-payments-srv-02", "service": "api-gateway", "request_id": "system"}
{"timestamp": "2026-04-14T19:11:50.665238Z", "level": "INFO", "name": "telemetry-podman", "message": "\ud83d\udcca Updated Podman telemetry for server: nexus-payments-srv-03", "server": "nexus-payments-srv-03", "service": "api-gateway", "request_id": "system"}
{"timestamp": "2026-04-14T19:11:51.675046Z", "level": "INFO", "name": "telemetry-podman", "message": "\ud83d\udcca Updated Podman telemetry for server: insight-analytics-srv-01", "server": "insight-analytics-srv-01", "service": "api-gateway", "request_id": "system"}
{"timestamp": "2026-04-14T19:11:52.686173Z", "level": "INFO", "name": "telemetry-podman", "message": "\ud83d\udcca Updated Podman telemetry for server: insight-analytics-srv-02", "server": "insight-analytics-srv-02", "service": "api-gateway", "request_id": "system"}
{"timestamp": "2026-04-14T19:11:53.697384Z", "level": "INFO", "name": "telemetry-podman", "message": "\ud83d\udcca Updated Podman telemetry for server: insight-analytics-srv-03", "server": "insight-analytics-srv-03", "service": "api-gateway", "request_id": "system"}
{"timestamp": "2026-04-14T19:16:45.610144Z", "level": "INFO", "name": "telemetry-podman", "message": "\ud83d\udcca Updated Podman telemetry for server: core-banking-prime-srv-01", "server": "core-banking-prime-srv-01", "service": "api-gateway", "request_id": "system"}
{"timestamp": "2026-04-14T19:16:46.622331Z", "level": "INFO", "name": "telemetry-podman", "message": "\ud83d\udcca Updated Podman telemetry for server: core-banking-prime-srv-02", "server": "core-banking-prime-srv-02", "service": "api-gateway", "request_id": "system"}
{"timestamp": "2026-04-14T19:16:47.630316Z", "level": "INFO", "name": "telemetry-podman", "message": "\ud83d\udcca Updated Podman telemetry for server: core-banking-prime-srv-03", "server": "core-banking-prime-srv-03", "service": "api-gateway", "request_id": "system"}
{"timestamp": "2026-04-14T19:16:48.638098Z", "level": "INFO", "name": "telemetry-podman", "message": "\ud83d\udcca Updated Podman telemetry for server: nexus-payments-srv-01", "server": "nexus-payments-srv-01", "service": "api-gateway", "request_id": "system"}
{"timestamp": "2026-04-14T19:16:49.648731Z", "level": "INFO", "name": "telemetry-podman", "message": "\ud83d\udcca Updated Podman telemetry for server: nexus-payments-srv-02", "server": "nexus-payments-srv-02", "service": "api-gateway", "request_id": "system"}
{"timestamp": "2026-04-14T19:16:50.659225Z", "level": "INFO", "name": "telemetry-podman", "message": "\ud83d\udcca Updated Podman telemetry for server: nexus-payments-srv-03", "server": "nexus-payments-srv-03", "service": "api-gateway", "request_id": "system"}
{"timestamp": "2026-04-14T19:16:51.671043Z", "level": "INFO", "name": "telemetry-podman", "message": "\ud83d\udcca Updated Podman telemetry for server: insight-analytics-srv-01", "server": "insight-analytics-srv-01", "service": "api-gateway", "request_id": "system"}
{"timestamp": "2026-04-14T19:16:52.681740Z", "level": "INFO", "name": "telemetry-podman", "message": "\ud83d\udcca Updated Podman telemetry for server: insight-analytics-srv-02", "server": "insight-analytics-srv-02", "service": "api-gateway", "request_id": "system"}
{"timestamp": "2026-04-14T19:16:53.690982Z", "level": "INFO", "name": "telemetry-podman", "message": "\ud83d\udcca Updated Podman telemetry for server: insight-analytics-srv-03", "server": "insight-analytics-srv-03", "service": "api-gateway", "request_id": "system"}
{"timestamp": "2026-04-14T19:17:28.110254Z", "level": "INFO", "name": "telemetry-podman", "message": "\ud83d\uded1 Telemetry Engine Shutdown Successfully", "service": "api-gateway", "request_id": "system"}
{"timestamp": "2026-04-14T19:17:28.561698Z", "level": "INFO", "name": "telemetry-podman", "message": "\u2705 Podman Telemetry Registered (every 5m)", "service": "api-gateway", "request_id": "system"}
{"timestamp": "2026-04-14T19:17:28.562220Z", "level": "INFO", "name": "telemetry-podman", "message": "\ud83d\ude80 Telemetry Engine Started", "service": "api-gateway", "request_id": "system"}
{"timestamp": "2026-04-14T19:17:59.858104Z", "level": "INFO", "name": "telemetry-podman", "message": "\ud83d\uded1 Telemetry Engine Shutdown Successfully", "service": "api-gateway", "request_id": "system"}
{"timestamp": "2026-04-14T19:18:00.321596Z", "level": "INFO", "name": "telemetry-podman", "message": "\u2705 Podman Telemetry Registered (every 5m)", "service": "api-gateway", "request_id": "system"}
{"timestamp": "2026-04-14T19:18:00.322204Z", "level": "INFO", "name": "telemetry-podman", "message": "\ud83d\ude80 Telemetry Engine Started", "service": "api-gateway", "request_id": "system"}
{"timestamp": "2026-04-14T19:18:02.036869Z", "level": "INFO", "name": "telemetry-podman", "message": "\ud83d\uded1 Telemetry Engine Shutdown Successfully", "service": "api-gateway", "request_id": "system"}
{"timestamp": "2026-04-14T19:18:02.989652Z", "level": "INFO", "name": "telemetry-podman", "message": "\u2705 Podman Telemetry Registered (every 5m)", "service": "api-gateway", "request_id": "system"}
{"timestamp": "2026-04-14T19:18:02.989997Z", "level": "INFO", "name": "telemetry-podman", "message": "\ud83d\ude80 Telemetry Engine Started", "service": "api-gateway", "request_id": "system"}
{"timestamp": "2026-04-14T19:18:03.900182Z", "level": "INFO", "name": "telemetry-podman", "message": "\ud83d\uded1 Telemetry Engine Shutdown Successfully", "service": "api-gateway", "request_id": "system"}
{"timestamp": "2026-04-14T19:18:04.248610Z", "level": "INFO", "name": "telemetry-podman", "message": "\u2705 Podman Telemetry Registered (every 5m)", "service": "api-gateway", "request_id": "system"}
{"timestamp": "2026-04-14T19:18:04.249153Z", "level": "INFO", "name": "telemetry-podman", "message": "\ud83d\ude80 Telemetry Engine Started", "service": "api-gateway", "request_id": "system"}
{"timestamp": "2026-04-14T19:18:06.068733Z", "level": "INFO", "name": "telemetry-podman", "message": "\ud83d\uded1 Telemetry Engine Shutdown Successfully", "service": "api-gateway", "request_id": "system"}
{"timestamp": "2026-04-14T19:18:06.426257Z", "level": "INFO", "name": "telemetry-podman", "message": "\u2705 Podman Telemetry Registered (every 5m)", "service": "api-gateway", "request_id": "system"}
{"timestamp": "2026-04-14T19:18:06.426610Z", "level": "INFO", "name": "telemetry-podman", "message": "\ud83d\ude80 Telemetry Engine Started", "service": "api-gateway", "request_id": "system"}
{"timestamp": "2026-04-14T19:18:08.243639Z", "level": "INFO", "name": "telemetry-podman", "message": "\ud83d\uded1 Telemetry Engine Shutdown Successfully", "service": "api-gateway", "request_id": "system"}
{"timestamp": "2026-04-14T19:18:08.606186Z", "level": "INFO", "name": "telemetry-podman", "message": "\u2705 Podman Telemetry Registered (every 5m)", "service": "api-gateway", "request_id": "system"}
{"timestamp": "2026-04-14T19:18:08.606526Z", "level": "INFO", "name": "telemetry-podman", "message": "\ud83d\ude80 Telemetry Engine Started", "service": "api-gateway", "request_id": "system"}
{"timestamp": "2026-04-14T19:18:10.527240Z", "level": "INFO", "name": "telemetry-podman", "message": "\ud83d\uded1 Telemetry Engine Shutdown Successfully", "service": "api-gateway", "request_id": "system"}
{"timestamp": "2026-04-14T19:18:10.921617Z", "level": "INFO", "name": "telemetry-podman", "message": "\u2705 Podman Telemetry Registered (every 5m)", "service": "api-gateway", "request_id": "system"}
{"timestamp": "2026-04-14T19:18:10.922079Z", "level": "INFO", "name": "telemetry-podman", "message": "\ud83d\ude80 Telemetry Engine Started", "service": "api-gateway", "request_id": "system"}
{"timestamp": "2026-04-14T19:18:12.837777Z", "level": "INFO", "name": "telemetry-podman", "message": "\ud83d\uded1 Telemetry Engine Shutdown Successfully", "service": "api-gateway", "request_id": "system"}
{"timestamp": "2026-04-14T19:18:13.222574Z", "level": "INFO", "name": "telemetry-podman", "message": "\u2705 Podman Telemetry Registered (every 5m)", "service": "api-gateway", "request_id": "system"}
{"timestamp": "2026-04-14T19:18:13.222916Z", "level": "INFO", "name": "telemetry-podman", "message": "\ud83d\ude80 Telemetry Engine Started", "service": "api-gateway", "request_id": "system"}
{"timestamp": "2026-04-14T19:18:15.038930Z", "level": "INFO", "name": "telemetry-podman", "message": "\ud83d\uded1 Telemetry Engine Shutdown Successfully", "service": "api-gateway", "request_id": "system"}
{"timestamp": "2026-04-14T19:18:15.400513Z", "level": "INFO", "name": "telemetry-podman", "message": "\u2705 Podman Telemetry Registered (every 5m)", "service": "api-gateway", "request_id": "system"}
{"timestamp": "2026-04-14T19:18:15.400875Z", "level": "INFO", "name": "telemetry-podman", "message": "\ud83d\ude80 Telemetry Engine Started", "service": "api-gateway", "request_id": "system"}
{"timestamp": "2026-04-14T19:18:15.603919Z", "level": "INFO", "name": "telemetry-podman", "message": "\ud83d\uded1 Telemetry Engine Shutdown Successfully", "service": "api-gateway", "request_id": "system"}
{"timestamp": "2026-04-14T19:18:15.958865Z", "level": "INFO", "name": "telemetry-podman", "message": "\u2705 Podman Telemetry Registered (every 5m)", "service": "api-gateway", "request_id": "system"}
{"timestamp": "2026-04-14T19:18:15.959206Z", "level": "INFO", "name": "telemetry-podman", "message": "\ud83d\ude80 Telemetry Engine Started", "service": "api-gateway", "request_id": "system"}
{"timestamp": "2026-04-14T19:18:17.069490Z", "level": "INFO", "name": "telemetry-podman", "message": "\ud83d\uded1 Telemetry Engine Shutdown Successfully", "service": "api-gateway", "request_id": "system"}
{"timestamp": "2026-04-14T19:18:17.450940Z", "level": "INFO", "name": "telemetry-podman", "message": "\u2705 Podman Telemetry Registered (every 5m)", "service": "api-gateway", "request_id": "system"}
{"timestamp": "2026-04-14T19:18:17.451277Z", "level": "INFO", "name": "telemetry-podman", "message": "\ud83d\ude80 Telemetry Engine Started", "service": "api-gateway", "request_id": "system"}
{"timestamp": "2026-04-14T19:18:34.924090Z", "level": "INFO", "name": "telemetry-podman", "message": "\ud83d\uded1 Telemetry Engine Shutdown Successfully", "service": "api-gateway", "request_id": "system"}
{"timestamp": "2026-04-14T19:18:35.298776Z", "level": "INFO", "name": "telemetry-podman", "message": "\u2705 Podman Telemetry Registered (every 5m)", "service": "api-gateway", "request_id": "system"}
{"timestamp": "2026-04-14T19:18:35.299114Z", "level": "INFO", "name": "telemetry-podman", "message": "\ud83d\ude80 Telemetry Engine Started", "service": "api-gateway", "request_id": "system"}
{"timestamp": "2026-04-14T19:18:41.461895Z", "level": "INFO", "name": "telemetry-podman", "message": "\ud83d\uded1 Telemetry Engine Shutdown Successfully", "service": "api-gateway", "request_id": "system"}
{"timestamp": "2026-04-14T19:18:41.845892Z", "level": "INFO", "name": "telemetry-podman", "message": "\u2705 Podman Telemetry Registered (every 5m)", "service": "api-gateway", "request_id": "system"}
{"timestamp": "2026-04-14T19:18:41.848728Z", "level": "INFO", "name": "telemetry-podman", "message": "\ud83d\ude80 Telemetry Engine Started", "service": "api-gateway", "request_id": "system"}
{"timestamp": "2026-04-14T19:18:51.444587Z", "level": "INFO", "name": "telemetry-podman", "message": "\ud83d\uded1 Telemetry Engine Shutdown Successfully", "service": "api-gateway", "request_id": "system"}
{"timestamp": "2026-04-14T19:23:50.862827Z", "level": "INFO", "name": "telemetry-podman", "message": "\u2705 Podman Telemetry Registered (every 5m)", "service": "api-gateway", "request_id": "system"}
{"timestamp": "2026-04-14T19:23:50.863410Z", "level": "INFO", "name": "telemetry-podman", "message": "\ud83d\ude80 Telemetry Engine Started", "service": "api-gateway", "request_id": "system"}
{"timestamp": "2026-04-14T19:24:41.204726Z", "level": "INFO", "name": "telemetry-podman", "message": "\ud83d\uded1 Telemetry Engine Shutdown Successfully", "service": "api-gateway", "request_id": "system"}
{"timestamp": "2026-04-14T19:38:32.885159Z", "level": "INFO", "name": "telemetry-podman", "message": "\u2705 Podman Telemetry Registered (every 5m)", "service": "api-gateway", "request_id": "system"}
{"timestamp": "2026-04-14T19:38:32.885679Z", "level": "INFO", "name": "telemetry-podman", "message": "\ud83d\ude80 Telemetry Engine Started", "service": "api-gateway", "request_id": "system"}
{"timestamp": "2026-04-14T19:43:33.924872Z", "level": "INFO", "name": "telemetry-podman", "message": "\ud83d\udcca Updated Podman telemetry for server: core-banking-prime-srv-01", "server": "core-banking-prime-srv-01", "service": "api-gateway", "request_id": "system"}
{"timestamp": "2026-04-14T19:43:34.937768Z", "level": "INFO", "name": "telemetry-podman", "message": "\ud83d\udcca Updated Podman telemetry for server: core-banking-prime-srv-02", "server": "core-banking-prime-srv-02", "service": "api-gateway", "request_id": "system"}
{"timestamp": "2026-04-14T19:43:35.947985Z", "level": "INFO", "name": "telemetry-podman", "message": "\ud83d\udcca Updated Podman telemetry for server: core-banking-prime-srv-03", "server": "core-banking-prime-srv-03", "service": "api-gateway", "request_id": "system"}
{"timestamp": "2026-04-14T19:43:36.956060Z", "level": "INFO", "name": "telemetry-podman", "message": "\ud83d\udcca Updated Podman telemetry for server: nexus-payments-srv-01", "server": "nexus-payments-srv-01", "service": "api-gateway", "request_id": "system"}
{"timestamp": "2026-04-14T19:43:37.968649Z", "level": "INFO", "name": "telemetry-podman", "message": "\ud83d\udcca Updated Podman telemetry for server: nexus-payments-srv-02", "server": "nexus-payments-srv-02", "service": "api-gateway", "request_id": "system"}
{"timestamp": "2026-04-14T19:43:38.980619Z", "level": "INFO", "name": "telemetry-podman", "message": "\ud83d\udcca Updated Podman telemetry for server: nexus-payments-srv-03", "server": "nexus-payments-srv-03", "service": "api-gateway", "request_id": "system"}
{"timestamp": "2026-04-14T19:43:39.988995Z", "level": "INFO", "name": "telemetry-podman", "message": "\ud83d\udcca Updated Podman telemetry for server: insight-analytics-srv-01", "server": "insight-analytics-srv-01", "service": "api-gateway", "request_id": "system"}
{"timestamp": "2026-04-14T19:43:40.995878Z", "level": "INFO", "name": "telemetry-podman", "message": "\ud83d\udcca Updated Podman telemetry for server: insight-analytics-srv-02", "server": "insight-analytics-srv-02", "service": "api-gateway", "request_id": "system"}
{"timestamp": "2026-04-14T19:43:42.004625Z", "level": "INFO", "name": "telemetry-podman", "message": "\ud83d\udcca Updated Podman telemetry for server: insight-analytics-srv-03", "server": "insight-analytics-srv-03", "service": "api-gateway", "request_id": "system"}
{"timestamp": "2026-04-14T19:48:33.906556Z", "level": "INFO", "name": "telemetry-podman", "message": "\ud83d\udcca Updated Podman telemetry for server: core-banking-prime-srv-01", "server": "core-banking-prime-srv-01", "service": "api-gateway", "request_id": "system"}
{"timestamp": "2026-04-14T19:48:34.917252Z", "level": "INFO", "name": "telemetry-podman", "message": "\ud83d\udcca Updated Podman telemetry for server: core-banking-prime-srv-02", "server": "core-banking-prime-srv-02", "service": "api-gateway", "request_id": "system"}
{"timestamp": "2026-04-14T19:48:35.927944Z", "level": "INFO", "name": "telemetry-podman", "message": "\ud83d\udcca Updated Podman telemetry for server: core-banking-prime-srv-03", "server": "core-banking-prime-srv-03", "service": "api-gateway", "request_id": "system"}
{"timestamp": "2026-04-14T19:48:36.936201Z", "level": "INFO", "name": "telemetry-podman", "message": "\ud83d\udcca Updated Podman telemetry for server: nexus-payments-srv-01", "server": "nexus-payments-srv-01", "service": "api-gateway", "request_id": "system"}
{"timestamp": "2026-04-14T19:48:37.947634Z", "level": "INFO", "name": "telemetry-podman", "message": "\ud83d\udcca Updated Podman telemetry for server: nexus-payments-srv-02", "server": "nexus-payments-srv-02", "service": "api-gateway", "request_id": "system"}
{"timestamp": "2026-04-14T19:48:38.956772Z", "level": "INFO", "name": "telemetry-podman", "message": "\ud83d\udcca Updated Podman telemetry for server: nexus-payments-srv-03", "server": "nexus-payments-srv-03", "service": "api-gateway", "request_id": "system"}
{"timestamp": "2026-04-14T19:48:39.966499Z", "level": "INFO", "name": "telemetry-podman", "message": "\ud83d\udcca Updated Podman telemetry for server: insight-analytics-srv-01", "server": "insight-analytics-srv-01", "service": "api-gateway", "request_id": "system"}
{"timestamp": "2026-04-14T19:48:40.978247Z", "level": "INFO", "name": "telemetry-podman", "message": "\ud83d\udcca Updated Podman telemetry for server: insight-analytics-srv-02", "server": "insight-analytics-srv-02", "service": "api-gateway", "request_id": "system"}
{"timestamp": "2026-04-14T19:48:41.988241Z", "level": "INFO", "name": "telemetry-podman", "message": "\ud83d\udcca Updated Podman telemetry for server: insight-analytics-srv-03", "server": "insight-analytics-srv-03", "service": "api-gateway", "request_id": "system"}
{"timestamp": "2026-04-14T19:53:33.900891Z", "level": "INFO", "name": "telemetry-podman", "message": "\ud83d\udcca Updated Podman telemetry for server: core-banking-prime-srv-01", "server": "core-banking-prime-srv-01", "service": "api-gateway", "request_id": "system"}
{"timestamp": "2026-04-14T19:53:34.912528Z", "level": "INFO", "name": "telemetry-podman", "message": "\ud83d\udcca Updated Podman telemetry for server: core-banking-prime-srv-02", "server": "core-banking-prime-srv-02", "service": "api-gateway", "request_id": "system"}
{"timestamp": "2026-04-14T19:53:35.920403Z", "level": "INFO", "name": "telemetry-podman", "message": "\ud83d\udcca Updated Podman telemetry for server: core-banking-prime-srv-03", "server": "core-banking-prime-srv-03", "service": "api-gateway", "request_id": "system"}
{"timestamp": "2026-04-14T19:53:36.929654Z", "level": "INFO", "name": "telemetry-podman", "message": "\ud83d\udcca Updated Podman telemetry for server: nexus-payments-srv-01", "server": "nexus-payments-srv-01", "service": "api-gateway", "request_id": "system"}
{"timestamp": "2026-04-14T19:53:37.937903Z", "level": "INFO", "name": "telemetry-podman", "message": "\ud83d\udcca Updated Podman telemetry for server: nexus-payments-srv-02", "server": "nexus-payments-srv-02", "service": "api-gateway", "request_id": "system"}
{"timestamp": "2026-04-14T19:53:38.948952Z", "level": "INFO", "name": "telemetry-podman", "message": "\ud83d\udcca Updated Podman telemetry for server: nexus-payments-srv-03", "server": "nexus-payments-srv-03", "service": "api-gateway", "request_id": "system"}
{"timestamp": "2026-04-14T19:53:39.960022Z", "level": "INFO", "name": "telemetry-podman", "message": "\ud83d\udcca Updated Podman telemetry for server: insight-analytics-srv-01", "server": "insight-analytics-srv-01", "service": "api-gateway", "request_id": "system"}
{"timestamp": "2026-04-14T19:53:40.970606Z", "level": "INFO", "name": "telemetry-podman", "message": "\ud83d\udcca Updated Podman telemetry for server: insight-analytics-srv-02", "server": "insight-analytics-srv-02", "service": "api-gateway", "request_id": "system"}
{"timestamp": "2026-04-14T19:53:41.980896Z", "level": "INFO", "name": "telemetry-podman", "message": "\ud83d\udcca Updated Podman telemetry for server: insight-analytics-srv-03", "server": "insight-analytics-srv-03", "service": "api-gateway", "request_id": "system"}
{"timestamp": "2026-04-14T19:58:33.905283Z", "level": "INFO", "name": "telemetry-podman", "message": "\ud83d\udcca Updated Podman telemetry for server: core-banking-prime-srv-01", "server": "core-banking-prime-srv-01", "service": "api-gateway", "request_id": "system"}
{"timestamp": "2026-04-14T19:58:34.913273Z", "level": "INFO", "name": "telemetry-podman", "message": "\ud83d\udcca Updated Podman telemetry for server: core-banking-prime-srv-02", "server": "core-banking-prime-srv-02", "service": "api-gateway", "request_id": "system"}
{"timestamp": "2026-04-14T19:58:35.924963Z", "level": "INFO", "name": "telemetry-podman", "message": "\ud83d\udcca Updated Podman telemetry for server: core-banking-prime-srv-03", "server": "core-banking-prime-srv-03", "service": "api-gateway", "request_id": "system"}
{"timestamp": "2026-04-14T19:58:36.933554Z", "level": "INFO", "name": "telemetry-podman", "message": "\ud83d\udcca Updated Podman telemetry for server: nexus-payments-srv-01", "server": "nexus-payments-srv-01", "service": "api-gateway", "request_id": "system"}
{"timestamp": "2026-04-14T19:58:37.941243Z", "level": "INFO", "name": "telemetry-podman", "message": "\ud83d\udcca Updated Podman telemetry for server: nexus-payments-srv-02", "server": "nexus-payments-srv-02", "service": "api-gateway", "request_id": "system"}
{"timestamp": "2026-04-14T19:58:38.951650Z", "level": "INFO", "name": "telemetry-podman", "message": "\ud83d\udcca Updated Podman telemetry for server: nexus-payments-srv-03", "server": "nexus-payments-srv-03", "service": "api-gateway", "request_id": "system"}
{"timestamp": "2026-04-14T19:58:39.963365Z", "level": "INFO", "name": "telemetry-podman", "message": "\ud83d\udcca Updated Podman telemetry for server: insight-analytics-srv-01", "server": "insight-analytics-srv-01", "service": "api-gateway", "request_id": "system"}
{"timestamp": "2026-04-14T19:58:40.972700Z", "level": "INFO", "name": "telemetry-podman", "message": "\ud83d\udcca Updated Podman telemetry for server: insight-analytics-srv-02", "server": "insight-analytics-srv-02", "service": "api-gateway", "request_id": "system"}
{"timestamp": "2026-04-14T19:58:41.986842Z", "level": "INFO", "name": "telemetry-podman", "message": "\ud83d\udcca Updated Podman telemetry for server: insight-analytics-srv-03", "server": "insight-analytics-srv-03", "service": "api-gateway", "request_id": "system"}
{"timestamp": "2026-04-14T20:00:12.637330Z", "level": "INFO", "name": "telemetry-podman", "message": "\ud83d\uded1 Telemetry Engine Shutdown Successfully", "service": "api-gateway", "request_id": "system"}
{"timestamp": "2026-04-14T20:00:13.066271Z", "level": "INFO", "name": "telemetry-podman", "message": "\u2705 Podman Telemetry Registered (every 5m)", "service": "api-gateway", "request_id": "system"}
{"timestamp": "2026-04-14T20:00:13.066789Z", "level": "INFO", "name": "telemetry-podman", "message": "\ud83d\ude80 Telemetry Engine Started", "service": "api-gateway", "request_id": "system"}
{"timestamp": "2026-04-14T20:00:43.756051Z", "level": "INFO", "name": "telemetry-podman", "message": "\ud83d\uded1 Telemetry Engine Shutdown Successfully", "service": "api-gateway", "request_id": "system"}
{"timestamp": "2026-04-14T20:00:44.164489Z", "level": "INFO", "name": "telemetry-podman", "message": "\u2705 Podman Telemetry Registered (every 5m)", "service": "api-gateway", "request_id": "system"}
{"timestamp": "2026-04-14T20:00:44.164937Z", "level": "INFO", "name": "telemetry-podman", "message": "\ud83d\ude80 Telemetry Engine Started", "service": "api-gateway", "request_id": "system"}
{"timestamp": "2026-04-14T20:00:53.655994Z", "level": "INFO", "name": "telemetry-podman", "message": "\ud83d\uded1 Telemetry Engine Shutdown Successfully", "service": "api-gateway", "request_id": "system"}
{"timestamp": "2026-04-14T20:00:53.982970Z", "level": "INFO", "name": "telemetry-podman", "message": "\u2705 Podman Telemetry Registered (every 5m)", "service": "api-gateway", "request_id": "system"}
{"timestamp": "2026-04-14T20:00:53.983269Z", "level": "INFO", "name": "telemetry-podman", "message": "\ud83d\ude80 Telemetry Engine Started", "service": "api-gateway", "request_id": "system"}
{"timestamp": "2026-04-14T20:01:12.863798Z", "level": "INFO", "name": "telemetry-podman", "message": "\ud83d\uded1 Telemetry Engine Shutdown Successfully", "service": "api-gateway", "request_id": "system"}
{"timestamp": "2026-04-14T20:01:13.185499Z", "level": "INFO", "name": "telemetry-podman", "message": "\u2705 Podman Telemetry Registered (every 5m)", "service": "api-gateway", "request_id": "system"}
{"timestamp": "2026-04-14T20:01:13.185782Z", "level": "INFO", "name": "telemetry-podman", "message": "\ud83d\ude80 Telemetry Engine Started", "service": "api-gateway", "request_id": "system"}
{"timestamp": "2026-04-14T20:01:23.890584Z", "level": "INFO", "name": "telemetry-podman", "message": "\ud83d\uded1 Telemetry Engine Shutdown Successfully", "service": "api-gateway", "request_id": "system"}
{"timestamp": "2026-04-14T20:01:24.227024Z", "level": "INFO", "name": "telemetry-podman", "message": "\u2705 Podman Telemetry Registered (every 5m)", "service": "api-gateway", "request_id": "system"}
{"timestamp": "2026-04-14T20:01:24.227319Z", "level": "INFO", "name": "telemetry-podman", "message": "\ud83d\ude80 Telemetry Engine Started", "service": "api-gateway", "request_id": "system"}
{"timestamp": "2026-04-14T20:01:35.739582Z", "level": "INFO", "name": "telemetry-podman", "message": "\ud83d\uded1 Telemetry Engine Shutdown Successfully", "service": "api-gateway", "request_id": "system"}
{"timestamp": "2026-04-14T20:21:25.987931Z", "level": "INFO", "name": "telemetry-podman", "message": "\u2705 Podman Telemetry Registered (every 5m)", "service": "api-gateway", "request_id": "system"}
{"timestamp": "2026-04-14T20:21:25.988484Z", "level": "INFO", "name": "telemetry-podman", "message": "\ud83d\ude80 Telemetry Engine Started", "service": "api-gateway", "request_id": "system"}
{"timestamp": "2026-04-14T20:24:12.893178Z", "level": "INFO", "name": "telemetry-podman", "message": "\ud83d\uded1 Telemetry Engine Shutdown Successfully", "service": "api-gateway", "request_id": "system"}
{"timestamp": "2026-04-14T20:29:04.042047Z", "level": "INFO", "name": "telemetry-podman", "message": "\u2705 Podman Telemetry Registered (every 5m)", "service": "api-gateway", "request_id": "system"}
{"timestamp": "2026-04-14T20:29:04.042664Z", "level": "INFO", "name": "telemetry-podman", "message": "\ud83d\ude80 Telemetry Engine Started", "service": "api-gateway", "request_id": "system"}
{"timestamp": "2026-04-14T20:29:06.568807Z", "level": "INFO", "name": "telemetry-podman", "message": "\ud83d\uded1 Telemetry Engine Shutdown Successfully", "service": "api-gateway", "request_id": "system"}
{"timestamp": "2026-04-14T20:29:26.683839Z", "level": "INFO", "name": "telemetry-podman", "message": "\u2705 Podman Telemetry Registered (every 5m)", "service": "api-gateway", "request_id": "system"}
{"timestamp": "2026-04-14T20:29:26.684379Z", "level": "INFO", "name": "telemetry-podman", "message": "\ud83d\ude80 Telemetry Engine Started", "service": "api-gateway", "request_id": "system"}
{"timestamp": "2026-04-14T20:31:51.140677Z", "level": "INFO", "name": "telemetry-podman", "message": "\ud83d\uded1 Telemetry Engine Shutdown Successfully", "service": "api-gateway", "request_id": "system"}
{"timestamp": "2026-04-14T20:31:56.446369Z", "level": "INFO", "name": "telemetry-podman", "message": "\u2705 Podman Telemetry Registered (every 5m)", "service": "api-gateway", "request_id": "system"}
{"timestamp": "2026-04-14T20:31:56.446801Z", "level": "INFO", "name": "telemetry-podman", "message": "\ud83d\ude80 Telemetry Engine Started", "service": "api-gateway", "request_id": "system"}
{"timestamp": "2026-04-14T20:33:48.498414Z", "level": "INFO", "name": "telemetry-podman", "message": "\ud83d\uded1 Telemetry Engine Shutdown Successfully", "service": "api-gateway", "request_id": "system"}
{"timestamp": "2026-04-14T20:33:53.679732Z", "level": "INFO", "name": "telemetry-podman", "message": "\u2705 Podman Telemetry Registered (every 5m)", "service": "api-gateway", "request_id": "system"}
{"timestamp": "2026-04-14T20:33:53.680117Z", "level": "INFO", "name": "telemetry-podman", "message": "\ud83d\ude80 Telemetry Engine Started", "service": "api-gateway", "request_id": "system"}
{"timestamp": "2026-04-14T20:38:54.706228Z", "level": "INFO", "name": "telemetry-podman", "message": "\ud83d\udcca Updated Podman telemetry for server: core-banking-prime-srv-01", "server": "core-banking-prime-srv-01", "service": "api-gateway", "request_id": "system"}
{"timestamp": "2026-04-14T20:38:55.713807Z", "level": "INFO", "name": "telemetry-podman", "message": "\ud83d\udcca Updated Podman telemetry for server: core-banking-prime-srv-02", "server": "core-banking-prime-srv-02", "service": "api-gateway", "request_id": "system"}
{"timestamp": "2026-04-14T20:38:56.720582Z", "level": "INFO", "name": "telemetry-podman", "message": "\ud83d\udcca Updated Podman telemetry for server: core-banking-prime-srv-03", "server": "core-banking-prime-srv-03", "service": "api-gateway", "request_id": "system"}
{"timestamp": "2026-04-14T20:38:57.732336Z", "level": "INFO", "name": "telemetry-podman", "message": "\ud83d\udcca Updated Podman telemetry for server: nexus-payments-srv-01", "server": "nexus-payments-srv-01", "service": "api-gateway", "request_id": "system"}
{"timestamp": "2026-04-14T20:38:58.741124Z", "level": "INFO", "name": "telemetry-podman", "message": "\ud83d\udcca Updated Podman telemetry for server: nexus-payments-srv-02", "server": "nexus-payments-srv-02", "service": "api-gateway", "request_id": "system"}
{"timestamp": "2026-04-14T20:38:59.749626Z", "level": "INFO", "name": "telemetry-podman", "message": "\ud83d\udcca Updated Podman telemetry for server: nexus-payments-srv-03", "server": "nexus-payments-srv-03", "service": "api-gateway", "request_id": "system"}
{"timestamp": "2026-04-14T20:39:00.760155Z", "level": "INFO", "name": "telemetry-podman", "message": "\ud83d\udcca Updated Podman telemetry for server: insight-analytics-srv-01", "server": "insight-analytics-srv-01", "service": "api-gateway", "request_id": "system"}
{"timestamp": "2026-04-14T20:39:01.770680Z", "level": "INFO", "name": "telemetry-podman", "message": "\ud83d\udcca Updated Podman telemetry for server: insight-analytics-srv-02", "server": "insight-analytics-srv-02", "service": "api-gateway", "request_id": "system"}
{"timestamp": "2026-04-14T20:39:02.778071Z", "level": "INFO", "name": "telemetry-podman", "message": "\ud83d\udcca Updated Podman telemetry for server: insight-analytics-srv-03", "server": "insight-analytics-srv-03", "service": "api-gateway", "request_id": "system"}
{"timestamp": "2026-04-14T20:39:42.334346Z", "level": "INFO", "name": "telemetry-podman", "message": "\ud83d\uded1 Telemetry Engine Shutdown Successfully", "service": "api-gateway", "request_id": "system"}
{"timestamp": "2026-04-14T20:39:49.316138Z", "level": "INFO", "name": "telemetry-podman", "message": "\u2705 Podman Telemetry Registered (every 5m)", "service": "api-gateway", "request_id": "system"}
{"timestamp": "2026-04-14T20:39:49.316553Z", "level": "INFO", "name": "telemetry-podman", "message": "\ud83d\ude80 Telemetry Engine Started", "service": "api-gateway", "request_id": "system"}
{"timestamp": "2026-04-14T20:44:50.360815Z", "level": "INFO", "name": "telemetry-podman", "message": "\ud83d\udcca Updated Podman telemetry for server: core-banking-prime-srv-01", "server": "core-banking-prime-srv-01", "service": "api-gateway", "request_id": "system"}
{"timestamp": "2026-04-14T20:44:51.372839Z", "level": "INFO", "name": "telemetry-podman", "message": "\ud83d\udcca Updated Podman telemetry for server: core-banking-prime-srv-02", "server": "core-banking-prime-srv-02", "service": "api-gateway", "request_id": "system"}
{"timestamp": "2026-04-14T20:44:52.383546Z", "level": "INFO", "name": "telemetry-podman", "message": "\ud83d\udcca Updated Podman telemetry for server: core-banking-prime-srv-03", "server": "core-banking-prime-srv-03", "service": "api-gateway", "request_id": "system"}
{"timestamp": "2026-04-14T20:44:53.391001Z", "level": "INFO", "name": "telemetry-podman", "message": "\ud83d\udcca Updated Podman telemetry for server: nexus-payments-srv-01", "server": "nexus-payments-srv-01", "service": "api-gateway", "request_id": "system"}
{"timestamp": "2026-04-14T20:44:54.400766Z", "level": "INFO", "name": "telemetry-podman", "message": "\ud83d\udcca Updated Podman telemetry for server: nexus-payments-srv-02", "server": "nexus-payments-srv-02", "service": "api-gateway", "request_id": "system"}
{"timestamp": "2026-04-14T20:44:55.412020Z", "level": "INFO", "name": "telemetry-podman", "message": "\ud83d\udcca Updated Podman telemetry for server: nexus-payments-srv-03", "server": "nexus-payments-srv-03", "service": "api-gateway", "request_id": "system"}
{"timestamp": "2026-04-14T20:44:56.424599Z", "level": "INFO", "name": "telemetry-podman", "message": "\ud83d\udcca Updated Podman telemetry for server: insight-analytics-srv-01", "server": "insight-analytics-srv-01", "service": "api-gateway", "request_id": "system"}
{"timestamp": "2026-04-14T20:44:57.432804Z", "level": "INFO", "name": "telemetry-podman", "message": "\ud83d\udcca Updated Podman telemetry for server: insight-analytics-srv-02", "server": "insight-analytics-srv-02", "service": "api-gateway", "request_id": "system"}
{"timestamp": "2026-04-14T20:44:58.444506Z", "level": "INFO", "name": "telemetry-podman", "message": "\ud83d\udcca Updated Podman telemetry for server: insight-analytics-srv-03", "server": "insight-analytics-srv-03", "service": "api-gateway", "request_id": "system"}
{"timestamp": "2026-04-14T20:47:17.328960Z", "level": "INFO", "name": "telemetry-podman", "message": "\ud83d\uded1 Telemetry Engine Shutdown Successfully", "service": "api-gateway", "request_id": "system"}
{"timestamp": "2026-04-14T20:47:22.672225Z", "level": "INFO", "name": "telemetry-podman", "message": "\u2705 Podman Telemetry Registered (every 5m)", "service": "api-gateway", "request_id": "system"}
{"timestamp": "2026-04-14T20:47:22.673133Z", "level": "INFO", "name": "telemetry-podman", "message": "\ud83d\ude80 Telemetry Engine Started", "service": "api-gateway", "request_id": "system"}
{"timestamp": "2026-04-14T20:52:23.702055Z", "level": "INFO", "name": "telemetry-podman", "message": "\ud83d\udcca Updated Podman telemetry for server: core-banking-prime-srv-01", "server": "core-banking-prime-srv-01", "service": "api-gateway", "request_id": "system"}
{"timestamp": "2026-04-14T20:52:24.710045Z", "level": "INFO", "name": "telemetry-podman", "message": "\ud83d\udcca Updated Podman telemetry for server: core-banking-prime-srv-02", "server": "core-banking-prime-srv-02", "service": "api-gateway", "request_id": "system"}
{"timestamp": "2026-04-14T20:52:25.720296Z", "level": "INFO", "name": "telemetry-podman", "message": "\ud83d\udcca Updated Podman telemetry for server: core-banking-prime-srv-03", "server": "core-banking-prime-srv-03", "service": "api-gateway", "request_id": "system"}
{"timestamp": "2026-04-14T20:52:26.728448Z", "level": "INFO", "name": "telemetry-podman", "message": "\ud83d\udcca Updated Podman telemetry for server: nexus-payments-srv-01", "server": "nexus-payments-srv-01", "service": "api-gateway", "request_id": "system"}
{"timestamp": "2026-04-14T20:52:27.740971Z", "level": "INFO", "name": "telemetry-podman", "message": "\ud83d\udcca Updated Podman telemetry for server: nexus-payments-srv-02", "server": "nexus-payments-srv-02", "service": "api-gateway", "request_id": "system"}
{"timestamp": "2026-04-14T20:52:28.749039Z", "level": "INFO", "name": "telemetry-podman", "message": "\ud83d\udcca Updated Podman telemetry for server: nexus-payments-srv-03", "server": "nexus-payments-srv-03", "service": "api-gateway", "request_id": "system"}
{"timestamp": "2026-04-14T20:52:29.759328Z", "level": "INFO", "name": "telemetry-podman", "message": "\ud83d\udcca Updated Podman telemetry for server: insight-analytics-srv-01", "server": "insight-analytics-srv-01", "service": "api-gateway", "request_id": "system"}
{"timestamp": "2026-04-14T20:52:30.770203Z", "level": "INFO", "name": "telemetry-podman", "message": "\ud83d\udcca Updated Podman telemetry for server: insight-analytics-srv-02", "server": "insight-analytics-srv-02", "service": "api-gateway", "request_id": "system"}
{"timestamp": "2026-04-14T20:52:31.779607Z", "level": "INFO", "name": "telemetry-podman", "message": "\ud83d\udcca Updated Podman telemetry for server: insight-analytics-srv-03", "server": "insight-analytics-srv-03", "service": "api-gateway", "request_id": "system"}
{"timestamp": "2026-04-14T20:52:38.133841Z", "level": "INFO", "name": "telemetry-podman", "message": "\ud83d\uded1 Telemetry Engine Shutdown Successfully", "service": "api-gateway", "request_id": "system"}
{"timestamp": "2026-04-14T20:52:41.332084Z", "level": "INFO", "name": "telemetry-podman", "message": "\u2705 Podman Telemetry Registered (every 5m)", "service": "api-gateway", "request_id": "system"}
{"timestamp": "2026-04-14T20:52:41.332587Z", "level": "INFO", "name": "telemetry-podman", "message": "\ud83d\ude80 Telemetry Engine Started", "service": "api-gateway", "request_id": "system"}
{"timestamp": "2026-04-14T20:57:42.388509Z", "level": "INFO", "name": "telemetry-podman", "message": "\ud83d\udcca Updated Podman telemetry for server: core-banking-prime-srv-01", "server": "core-banking-prime-srv-01", "service": "api-gateway", "request_id": "system"}
{"timestamp": "2026-04-14T20:57:43.396928Z", "level": "INFO", "name": "telemetry-podman", "message": "\ud83d\udcca Updated Podman telemetry for server: core-banking-prime-srv-02", "server": "core-banking-prime-srv-02", "service": "api-gateway", "request_id": "system"}
{"timestamp": "2026-04-14T20:57:44.404638Z", "level": "INFO", "name": "telemetry-podman", "message": "\ud83d\udcca Updated Podman telemetry for server: core-banking-prime-srv-03", "server": "core-banking-prime-srv-03", "service": "api-gateway", "request_id": "system"}
{"timestamp": "2026-04-14T20:57:45.411853Z", "level": "INFO", "name": "telemetry-podman", "message": "\ud83d\udcca Updated Podman telemetry for server: nexus-payments-srv-01", "server": "nexus-payments-srv-01", "service": "api-gateway", "request_id": "system"}
{"timestamp": "2026-04-14T20:57:46.421219Z", "level": "INFO", "name": "telemetry-podman", "message": "\ud83d\udcca Updated Podman telemetry for server: nexus-payments-srv-02", "server": "nexus-payments-srv-02", "service": "api-gateway", "request_id": "system"}
{"timestamp": "2026-04-14T20:57:47.429573Z", "level": "INFO", "name": "telemetry-podman", "message": "\ud83d\udcca Updated Podman telemetry for server: nexus-payments-srv-03", "server": "nexus-payments-srv-03", "service": "api-gateway", "request_id": "system"}
{"timestamp": "2026-04-14T20:57:48.441062Z", "level": "INFO", "name": "telemetry-podman", "message": "\ud83d\udcca Updated Podman telemetry for server: insight-analytics-srv-01", "server": "insight-analytics-srv-01", "service": "api-gateway", "request_id": "system"}
{"timestamp": "2026-04-14T20:57:49.452853Z", "level": "INFO", "name": "telemetry-podman", "message": "\ud83d\udcca Updated Podman telemetry for server: insight-analytics-srv-02", "server": "insight-analytics-srv-02", "service": "api-gateway", "request_id": "system"}
{"timestamp": "2026-04-14T20:57:50.464892Z", "level": "INFO", "name": "telemetry-podman", "message": "\ud83d\udcca Updated Podman telemetry for server: insight-analytics-srv-03", "server": "insight-analytics-srv-03", "service": "api-gateway", "request_id": "system"}
{"timestamp": "2026-04-14T21:02:31.738836Z", "level": "INFO", "name": "telemetry-podman", "message": "\ud83d\uded1 Telemetry Engine Shutdown Successfully", "service": "api-gateway", "request_id": "system"}
{"timestamp": "2026-04-14T21:02:37.788213Z", "level": "INFO", "name": "telemetry-podman", "message": "\u2705 Podman Telemetry Registered (every 5m)", "service": "api-gateway", "request_id": "system"}
{"timestamp": "2026-04-14T21:02:37.788530Z", "level": "INFO", "name": "telemetry-podman", "message": "\ud83d\ude80 Telemetry Engine Started", "service": "api-gateway", "request_id": "system"}
{"timestamp": "2026-04-14T21:04:29.348350Z", "level": "INFO", "name": "telemetry-podman", "message": "\ud83d\uded1 Telemetry Engine Shutdown Successfully", "service": "api-gateway", "request_id": "system"}
{"timestamp": "2026-04-14T21:04:32.786333Z", "level": "INFO", "name": "telemetry-podman", "message": "\u2705 Podman Telemetry Registered (every 5m)", "service": "api-gateway", "request_id": "system"}
{"timestamp": "2026-04-14T21:04:32.786645Z", "level": "INFO", "name": "telemetry-podman", "message": "\ud83d\ude80 Telemetry Engine Started", "service": "api-gateway", "request_id": "system"}
{"timestamp": "2026-04-14T21:04:39.145830Z", "level": "INFO", "name": "telemetry-podman", "message": "\ud83d\uded1 Telemetry Engine Shutdown Successfully", "service": "api-gateway", "request_id": "system"}
{"timestamp": "2026-04-14T21:04:44.151290Z", "level": "INFO", "name": "telemetry-podman", "message": "\u2705 Podman Telemetry Registered (every 5m)", "service": "api-gateway", "request_id": "system"}
{"timestamp": "2026-04-14T21:04:44.153682Z", "level": "INFO", "name": "telemetry-podman", "message": "\ud83d\ude80 Telemetry Engine Started", "service": "api-gateway", "request_id": "system"}
{"timestamp": "2026-04-14T21:09:45.176052Z", "level": "INFO", "name": "telemetry-podman", "message": "\ud83d\udcca Updated Podman telemetry for server: core-banking-prime-srv-01", "server": "core-banking-prime-srv-01", "service": "api-gateway", "request_id": "system"}
{"timestamp": "2026-04-14T21:09:46.187406Z", "level": "INFO", "name": "telemetry-podman", "message": "\ud83d\udcca Updated Podman telemetry for server: core-banking-prime-srv-02", "server": "core-banking-prime-srv-02", "service": "api-gateway", "request_id": "system"}
{"timestamp": "2026-04-14T21:09:47.198808Z", "level": "INFO", "name": "telemetry-podman", "message": "\ud83d\udcca Updated Podman telemetry for server: core-banking-prime-srv-03", "server": "core-banking-prime-srv-03", "service": "api-gateway", "request_id": "system"}
{"timestamp": "2026-04-14T21:09:48.209033Z", "level": "INFO", "name": "telemetry-podman", "message": "\ud83d\udcca Updated Podman telemetry for server: nexus-payments-srv-01", "server": "nexus-payments-srv-01", "service": "api-gateway", "request_id": "system"}
{"timestamp": "2026-04-14T21:09:49.221300Z", "level": "INFO", "name": "telemetry-podman", "message": "\ud83d\udcca Updated Podman telemetry for server: nexus-payments-srv-02", "server": "nexus-payments-srv-02", "service": "api-gateway", "request_id": "system"}
{"timestamp": "2026-04-14T21:09:50.231459Z", "level": "INFO", "name": "telemetry-podman", "message": "\ud83d\udcca Updated Podman telemetry for server: nexus-payments-srv-03", "server": "nexus-payments-srv-03", "service": "api-gateway", "request_id": "system"}
{"timestamp": "2026-04-14T21:09:51.238933Z", "level": "INFO", "name": "telemetry-podman", "message": "\ud83d\udcca Updated Podman telemetry for server: insight-analytics-srv-01", "server": "insight-analytics-srv-01", "service": "api-gateway", "request_id": "system"}
{"timestamp": "2026-04-14T21:09:52.249440Z", "level": "INFO", "name": "telemetry-podman", "message": "\ud83d\udcca Updated Podman telemetry for server: insight-analytics-srv-02", "server": "insight-analytics-srv-02", "service": "api-gateway", "request_id": "system"}
{"timestamp": "2026-04-14T21:09:53.256545Z", "level": "INFO", "name": "telemetry-podman", "message": "\ud83d\udcca Updated Podman telemetry for server: insight-analytics-srv-03", "server": "insight-analytics-srv-03", "service": "api-gateway", "request_id": "system"}
{"timestamp": "2026-04-14T21:14:45.170836Z", "level": "INFO", "name": "telemetry-podman", "message": "\ud83d\udcca Updated Podman telemetry for server: core-banking-prime-srv-01", "server": "core-banking-prime-srv-01", "service": "api-gateway", "request_id": "system"}
{"timestamp": "2026-04-14T21:14:46.181687Z", "level": "INFO", "name": "telemetry-podman", "message": "\ud83d\udcca Updated Podman telemetry for server: core-banking-prime-srv-02", "server": "core-banking-prime-srv-02", "service": "api-gateway", "request_id": "system"}
{"timestamp": "2026-04-14T21:14:47.188823Z", "level": "INFO", "name": "telemetry-podman", "message": "\ud83d\udcca Updated Podman telemetry for server: core-banking-prime-srv-03", "server": "core-banking-prime-srv-03", "service": "api-gateway", "request_id": "system"}
{"timestamp": "2026-04-14T21:14:48.197412Z", "level": "INFO", "name": "telemetry-podman", "message": "\ud83d\udcca Updated Podman telemetry for server: nexus-payments-srv-01", "server": "nexus-payments-srv-01", "service": "api-gateway", "request_id": "system"}
{"timestamp": "2026-04-14T21:14:49.206856Z", "level": "INFO", "name": "telemetry-podman", "message": "\ud83d\udcca Updated Podman telemetry for server: nexus-payments-srv-02", "server": "nexus-payments-srv-02", "service": "api-gateway", "request_id": "system"}
{"timestamp": "2026-04-14T21:14:50.217295Z", "level": "INFO", "name": "telemetry-podman", "message": "\ud83d\udcca Updated Podman telemetry for server: nexus-payments-srv-03", "server": "nexus-payments-srv-03", "service": "api-gateway", "request_id": "system"}
{"timestamp": "2026-04-14T21:14:51.228463Z", "level": "INFO", "name": "telemetry-podman", "message": "\ud83d\udcca Updated Podman telemetry for server: insight-analytics-srv-01", "server": "insight-analytics-srv-01", "service": "api-gateway", "request_id": "system"}
{"timestamp": "2026-04-14T21:14:52.237170Z", "level": "INFO", "name": "telemetry-podman", "message": "\ud83d\udcca Updated Podman telemetry for server: insight-analytics-srv-02", "server": "insight-analytics-srv-02", "service": "api-gateway", "request_id": "system"}
{"timestamp": "2026-04-14T21:14:53.248505Z", "level": "INFO", "name": "telemetry-podman", "message": "\ud83d\udcca Updated Podman telemetry for server: insight-analytics-srv-03", "server": "insight-analytics-srv-03", "service": "api-gateway", "request_id": "system"}
{"timestamp": "2026-04-14T21:19:45.170881Z", "level": "INFO", "name": "telemetry-podman", "message": "\ud83d\udcca Updated Podman telemetry for server: core-banking-prime-srv-01", "server": "core-banking-prime-srv-01", "service": "api-gateway", "request_id": "system"}
{"timestamp": "2026-04-14T21:19:46.177706Z", "level": "INFO", "name": "telemetry-podman", "message": "\ud83d\udcca Updated Podman telemetry for server: core-banking-prime-srv-02", "server": "core-banking-prime-srv-02", "service": "api-gateway", "request_id": "system"}
{"timestamp": "2026-04-14T21:19:47.184202Z", "level": "INFO", "name": "telemetry-podman", "message": "\ud83d\udcca Updated Podman telemetry for server: core-banking-prime-srv-03", "server": "core-banking-prime-srv-03", "service": "api-gateway", "request_id": "system"}
{"timestamp": "2026-04-14T21:19:48.193615Z", "level": "INFO", "name": "telemetry-podman", "message": "\ud83d\udcca Updated Podman telemetry for server: nexus-payments-srv-01", "server": "nexus-payments-srv-01", "service": "api-gateway", "request_id": "system"}
{"timestamp": "2026-04-14T21:19:49.202826Z", "level": "INFO", "name": "telemetry-podman", "message": "\ud83d\udcca Updated Podman telemetry for server: nexus-payments-srv-02", "server": "nexus-payments-srv-02", "service": "api-gateway", "request_id": "system"}
{"timestamp": "2026-04-14T21:19:50.213897Z", "level": "INFO", "name": "telemetry-podman", "message": "\ud83d\udcca Updated Podman telemetry for server: nexus-payments-srv-03", "server": "nexus-payments-srv-03", "service": "api-gateway", "request_id": "system"}
{"timestamp": "2026-04-14T21:19:51.223587Z", "level": "INFO", "name": "telemetry-podman", "message": "\ud83d\udcca Updated Podman telemetry for server: insight-analytics-srv-01", "server": "insight-analytics-srv-01", "service": "api-gateway", "request_id": "system"}
{"timestamp": "2026-04-14T21:19:52.232259Z", "level": "INFO", "name": "telemetry-podman", "message": "\ud83d\udcca Updated Podman telemetry for server: insight-analytics-srv-02", "server": "insight-analytics-srv-02", "service": "api-gateway", "request_id": "system"}
{"timestamp": "2026-04-14T21:19:53.242949Z", "level": "INFO", "name": "telemetry-podman", "message": "\ud83d\udcca Updated Podman telemetry for server: insight-analytics-srv-03", "server": "insight-analytics-srv-03", "service": "api-gateway", "request_id": "system"}
{"timestamp": "2026-04-14T21:24:45.175030Z", "level": "INFO", "name": "telemetry-podman", "message": "\ud83d\udcca Updated Podman telemetry for server: core-banking-prime-srv-01", "server": "core-banking-prime-srv-01", "service": "api-gateway", "request_id": "system"}
{"timestamp": "2026-04-14T21:24:46.185010Z", "level": "INFO", "name": "telemetry-podman", "message": "\ud83d\udcca Updated Podman telemetry for server: core-banking-prime-srv-02", "server": "core-banking-prime-srv-02", "service": "api-gateway", "request_id": "system"}
{"timestamp": "2026-04-14T21:24:47.195762Z", "level": "INFO", "name": "telemetry-podman", "message": "\ud83d\udcca Updated Podman telemetry for server: core-banking-prime-srv-03", "server": "core-banking-prime-srv-03", "service": "api-gateway", "request_id": "system"}
{"timestamp": "2026-04-14T21:24:48.205444Z", "level": "INFO", "name": "telemetry-podman", "message": "\ud83d\udcca Updated Podman telemetry for server: nexus-payments-srv-01", "server": "nexus-payments-srv-01", "service": "api-gateway", "request_id": "system"}
{"timestamp": "2026-04-14T21:24:49.216309Z", "level": "INFO", "name": "telemetry-podman", "message": "\ud83d\udcca Updated Podman telemetry for server: nexus-payments-srv-02", "server": "nexus-payments-srv-02", "service": "api-gateway", "request_id": "system"}
{"timestamp": "2026-04-14T21:24:50.227895Z", "level": "INFO", "name": "telemetry-podman", "message": "\ud83d\udcca Updated Podman telemetry for server: nexus-payments-srv-03", "server": "nexus-payments-srv-03", "service": "api-gateway", "request_id": "system"}
{"timestamp": "2026-04-14T21:24:51.238652Z", "level": "INFO", "name": "telemetry-podman", "message": "\ud83d\udcca Updated Podman telemetry for server: insight-analytics-srv-01", "server": "insight-analytics-srv-01", "service": "api-gateway", "request_id": "system"}
{"timestamp": "2026-04-14T21:24:52.248344Z", "level": "INFO", "name": "telemetry-podman", "message": "\ud83d\udcca Updated Podman telemetry for server: insight-analytics-srv-02", "server": "insight-analytics-srv-02", "service": "api-gateway", "request_id": "system"}
{"timestamp": "2026-04-14T21:24:53.260343Z", "level": "INFO", "name": "telemetry-podman", "message": "\ud83d\udcca Updated Podman telemetry for server: insight-analytics-srv-03", "server": "insight-analytics-srv-03", "service": "api-gateway", "request_id": "system"}
{"timestamp": "2026-04-14T21:27:38.788447Z", "level": "INFO", "name": "telemetry-podman", "message": "\ud83d\uded1 Telemetry Engine Shutdown Successfully", "service": "api-gateway", "request_id": "system"}
{"timestamp": "2026-04-16T15:34:09.311117Z", "level": "INFO", "name": "telemetry-podman", "message": "\u2705 Podman Telemetry Registered (every 5m)", "service": "api-gateway", "request_id": "system"}
{"timestamp": "2026-04-16T15:34:09.311711Z", "level": "INFO", "name": "telemetry-podman", "message": "\ud83d\ude80 Telemetry Engine Started", "service": "api-gateway", "request_id": "system"}
{"timestamp": "2026-04-16T15:36:42.639637Z", "level": "INFO", "name": "telemetry-podman", "message": "\ud83d\uded1 Telemetry Engine Shutdown Successfully", "service": "api-gateway", "request_id": "system"}
{"timestamp": "2026-04-16T15:36:47.980855Z", "level": "INFO", "name": "telemetry-podman", "message": "\u2705 Podman Telemetry Registered (every 5m)", "service": "api-gateway", "request_id": "system"}
{"timestamp": "2026-04-16T15:36:47.981165Z", "level": "INFO", "name": "telemetry-podman", "message": "\ud83d\ude80 Telemetry Engine Started", "service": "api-gateway", "request_id": "system"}
{"timestamp": "2026-04-16T15:41:49.034021Z", "level": "INFO", "name": "telemetry-podman", "message": "\ud83d\udcca Updated Podman telemetry for server: core-banking-prime-srv-01", "server": "core-banking-prime-srv-01", "service": "api-gateway", "request_id": "system"}
{"timestamp": "2026-04-16T15:41:50.045145Z", "level": "INFO", "name": "telemetry-podman", "message": "\ud83d\udcca Updated Podman telemetry for server: core-banking-prime-srv-02", "server": "core-banking-prime-srv-02", "service": "api-gateway", "request_id": "system"}
{"timestamp": "2026-04-16T15:41:51.053755Z", "level": "INFO", "name": "telemetry-podman", "message": "\ud83d\udcca Updated Podman telemetry for server: core-banking-prime-srv-03", "server": "core-banking-prime-srv-03", "service": "api-gateway", "request_id": "system"}
{"timestamp": "2026-04-16T15:41:52.065554Z", "level": "INFO", "name": "telemetry-podman", "message": "\ud83d\udcca Updated Podman telemetry for server: nexus-payments-srv-01", "server": "nexus-payments-srv-01", "service": "api-gateway", "request_id": "system"}
{"timestamp": "2026-04-16T15:41:53.074972Z", "level": "INFO", "name": "telemetry-podman", "message": "\ud83d\udcca Updated Podman telemetry for server: nexus-payments-srv-02", "server": "nexus-payments-srv-02", "service": "api-gateway", "request_id": "system"}
{"timestamp": "2026-04-16T15:41:54.085504Z", "level": "INFO", "name": "telemetry-podman", "message": "\ud83d\udcca Updated Podman telemetry for server: nexus-payments-srv-03", "server": "nexus-payments-srv-03", "service": "api-gateway", "request_id": "system"}
{"timestamp": "2026-04-16T15:41:55.096621Z", "level": "INFO", "name": "telemetry-podman", "message": "\ud83d\udcca Updated Podman telemetry for server: insight-analytics-srv-01", "server": "insight-analytics-srv-01", "service": "api-gateway", "request_id": "system"}
{"timestamp": "2026-04-16T15:41:56.107680Z", "level": "INFO", "name": "telemetry-podman", "message": "\ud83d\udcca Updated Podman telemetry for server: insight-analytics-srv-02", "server": "insight-analytics-srv-02", "service": "api-gateway", "request_id": "system"}
{"timestamp": "2026-04-16T15:41:57.115534Z", "level": "INFO", "name": "telemetry-podman", "message": "\ud83d\udcca Updated Podman telemetry for server: insight-analytics-srv-03", "server": "insight-analytics-srv-03", "service": "api-gateway", "request_id": "system"}
{"timestamp": "2026-04-16T15:46:49.002207Z", "level": "INFO", "name": "telemetry-podman", "message": "\ud83d\udcca Updated Podman telemetry for server: core-banking-prime-srv-01", "server": "core-banking-prime-srv-01", "service": "api-gateway", "request_id": "system"}
{"timestamp": "2026-04-16T15:46:50.011340Z", "level": "INFO", "name": "telemetry-podman", "message": "\ud83d\udcca Updated Podman telemetry for server: core-banking-prime-srv-02", "server": "core-banking-prime-srv-02", "service": "api-gateway", "request_id": "system"}
{"timestamp": "2026-04-16T15:46:51.020957Z", "level": "INFO", "name": "telemetry-podman", "message": "\ud83d\udcca Updated Podman telemetry for server: core-banking-prime-srv-03", "server": "core-banking-prime-srv-03", "service": "api-gateway", "request_id": "system"}
{"timestamp": "2026-04-16T15:46:52.031698Z", "level": "INFO", "name": "telemetry-podman", "message": "\ud83d\udcca Updated Podman telemetry for server: nexus-payments-srv-01", "server": "nexus-payments-srv-01", "service": "api-gateway", "request_id": "system"}
{"timestamp": "2026-04-16T15:46:53.043219Z", "level": "INFO", "name": "telemetry-podman", "message": "\ud83d\udcca Updated Podman telemetry for server: nexus-payments-srv-02", "server": "nexus-payments-srv-02", "service": "api-gateway", "request_id": "system"}
{"timestamp": "2026-04-16T15:46:54.055088Z", "level": "INFO", "name": "telemetry-podman", "message": "\ud83d\udcca Updated Podman telemetry for server: nexus-payments-srv-03", "server": "nexus-payments-srv-03", "service": "api-gateway", "request_id": "system"}
{"timestamp": "2026-04-16T15:46:55.065156Z", "level": "INFO", "name": "telemetry-podman", "message": "\ud83d\udcca Updated Podman telemetry for server: insight-analytics-srv-01", "server": "insight-analytics-srv-01", "service": "api-gateway", "request_id": "system"}
{"timestamp": "2026-04-16T15:46:56.073083Z", "level": "INFO", "name": "telemetry-podman", "message": "\ud83d\udcca Updated Podman telemetry for server: insight-analytics-srv-02", "server": "insight-analytics-srv-02", "service": "api-gateway", "request_id": "system"}
{"timestamp": "2026-04-16T15:46:57.083248Z", "level": "INFO", "name": "telemetry-podman", "message": "\ud83d\udcca Updated Podman telemetry for server: insight-analytics-srv-03", "server": "insight-analytics-srv-03", "service": "api-gateway", "request_id": "system"}
{"timestamp": "2026-04-16T15:51:49.002587Z", "level": "INFO", "name": "telemetry-podman", "message": "\ud83d\udcca Updated Podman telemetry for server: core-banking-prime-srv-01", "server": "core-banking-prime-srv-01", "service": "api-gateway", "request_id": "system"}
{"timestamp": "2026-04-16T15:51:50.012197Z", "level": "INFO", "name": "telemetry-podman", "message": "\ud83d\udcca Updated Podman telemetry for server: core-banking-prime-srv-02", "server": "core-banking-prime-srv-02", "service": "api-gateway", "request_id": "system"}
{"timestamp": "2026-04-16T15:51:51.021995Z", "level": "INFO", "name": "telemetry-podman", "message": "\ud83d\udcca Updated Podman telemetry for server: core-banking-prime-srv-03", "server": "core-banking-prime-srv-03", "service": "api-gateway", "request_id": "system"}
{"timestamp": "2026-04-16T15:51:52.035324Z", "level": "INFO", "name": "telemetry-podman", "message": "\ud83d\udcca Updated Podman telemetry for server: nexus-payments-srv-01", "server": "nexus-payments-srv-01", "service": "api-gateway", "request_id": "system"}
{"timestamp": "2026-04-16T15:51:53.047748Z", "level": "INFO", "name": "telemetry-podman", "message": "\ud83d\udcca Updated Podman telemetry for server: nexus-payments-srv-02", "server": "nexus-payments-srv-02", "service": "api-gateway", "request_id": "system"}
{"timestamp": "2026-04-16T15:51:54.056406Z", "level": "INFO", "name": "telemetry-podman", "message": "\ud83d\udcca Updated Podman telemetry for server: nexus-payments-srv-03", "server": "nexus-payments-srv-03", "service": "api-gateway", "request_id": "system"}
{"timestamp": "2026-04-16T15:51:55.063430Z", "level": "INFO", "name": "telemetry-podman", "message": "\ud83d\udcca Updated Podman telemetry for server: insight-analytics-srv-01", "server": "insight-analytics-srv-01", "service": "api-gateway", "request_id": "system"}
{"timestamp": "2026-04-16T15:51:56.074776Z", "level": "INFO", "name": "telemetry-podman", "message": "\ud83d\udcca Updated Podman telemetry for server: insight-analytics-srv-02", "server": "insight-analytics-srv-02", "service": "api-gateway", "request_id": "system"}
{"timestamp": "2026-04-16T15:51:57.085774Z", "level": "INFO", "name": "telemetry-podman", "message": "\ud83d\udcca Updated Podman telemetry for server: insight-analytics-srv-03", "server": "insight-analytics-srv-03", "service": "api-gateway", "request_id": "system"}
{"timestamp": "2026-04-16T15:56:26.646094Z", "level": "INFO", "name": "telemetry-podman", "message": "\ud83d\uded1 Telemetry Engine Shutdown Successfully", "service": "api-gateway", "request_id": "system"}
{"timestamp": "2026-04-16T15:56:30.110632Z", "level": "INFO", "name": "telemetry-podman", "message": "\u2705 Podman Telemetry Registered (every 5m)", "service": "api-gateway", "request_id": "system"}
{"timestamp": "2026-04-16T15:56:30.110986Z", "level": "INFO", "name": "telemetry-podman", "message": "\ud83d\ude80 Telemetry Engine Started", "service": "api-gateway", "request_id": "system"}
{"timestamp": "2026-04-16T15:56:41.815363Z", "level": "INFO", "name": "telemetry-podman", "message": "\ud83d\uded1 Telemetry Engine Shutdown Successfully", "service": "api-gateway", "request_id": "system"}
{"timestamp": "2026-04-16T15:56:44.976469Z", "level": "INFO", "name": "telemetry-podman", "message": "\u2705 Podman Telemetry Registered (every 5m)", "service": "api-gateway", "request_id": "system"}
{"timestamp": "2026-04-16T15:56:44.976862Z", "level": "INFO", "name": "telemetry-podman", "message": "\ud83d\ude80 Telemetry Engine Started", "service": "api-gateway", "request_id": "system"}
{"timestamp": "2026-04-16T15:56:54.464391Z", "level": "INFO", "name": "telemetry-podman", "message": "\ud83d\uded1 Telemetry Engine Shutdown Successfully", "service": "api-gateway", "request_id": "system"}
{"timestamp": "2026-04-16T15:56:57.724709Z", "level": "INFO", "name": "telemetry-podman", "message": "\u2705 Podman Telemetry Registered (every 5m)", "service": "api-gateway", "request_id": "system"}
{"timestamp": "2026-04-16T15:56:57.725107Z", "level": "INFO", "name": "telemetry-podman", "message": "\ud83d\ude80 Telemetry Engine Started", "service": "api-gateway", "request_id": "system"}
{"timestamp": "2026-04-16T16:00:18.377185Z", "level": "INFO", "name": "telemetry-podman", "message": "\ud83d\uded1 Telemetry Engine Shutdown Successfully", "service": "api-gateway", "request_id": "system"}
{"timestamp": "2026-04-16T16:00:21.056518Z", "level": "INFO", "name": "telemetry-podman", "message": "\u2705 Podman Telemetry Registered (every 5m)", "service": "api-gateway", "request_id": "system"}
{"timestamp": "2026-04-16T16:00:21.056866Z", "level": "INFO", "name": "telemetry-podman", "message": "\ud83d\ude80 Telemetry Engine Started", "service": "api-gateway", "request_id": "system"}
{"timestamp": "2026-04-16T16:00:28.524742Z", "level": "INFO", "name": "telemetry-podman", "message": "\ud83d\uded1 Telemetry Engine Shutdown Successfully", "service": "api-gateway", "request_id": "system"}
{"timestamp": "2026-04-16T16:00:31.144989Z", "level": "INFO", "name": "telemetry-podman", "message": "\u2705 Podman Telemetry Registered (every 5m)", "service": "api-gateway", "request_id": "system"}
{"timestamp": "2026-04-16T16:00:31.145351Z", "level": "INFO", "name": "telemetry-podman", "message": "\ud83d\ude80 Telemetry Engine Started", "service": "api-gateway", "request_id": "system"}
{"timestamp": "2026-04-16T16:00:43.153625Z", "level": "INFO", "name": "telemetry-podman", "message": "\ud83d\uded1 Telemetry Engine Shutdown Successfully", "service": "api-gateway", "request_id": "system"}
{"timestamp": "2026-04-16T16:00:45.818925Z", "level": "INFO", "name": "telemetry-podman", "message": "\u2705 Podman Telemetry Registered (every 5m)", "service": "api-gateway", "request_id": "system"}
{"timestamp": "2026-04-16T16:00:45.819313Z", "level": "INFO", "name": "telemetry-podman", "message": "\ud83d\ude80 Telemetry Engine Started", "service": "api-gateway", "request_id": "system"}
{"timestamp": "2026-04-16T16:05:46.838824Z", "level": "INFO", "name": "telemetry-podman", "message": "\ud83d\udcca Updated Podman telemetry for server: core-banking-prime-srv-01", "server": "core-banking-prime-srv-01", "service": "api-gateway", "request_id": "system"}
{"timestamp": "2026-04-16T16:05:47.845274Z", "level": "INFO", "name": "telemetry-podman", "message": "\ud83d\udcca Updated Podman telemetry for server: core-banking-prime-srv-02", "server": "core-banking-prime-srv-02", "service": "api-gateway", "request_id": "system"}
{"timestamp": "2026-04-16T16:05:48.849379Z", "level": "INFO", "name": "telemetry-podman", "message": "\ud83d\udcca Updated Podman telemetry for server: core-banking-prime-srv-03", "server": "core-banking-prime-srv-03", "service": "api-gateway", "request_id": "system"}
{"timestamp": "2026-04-16T16:05:49.860014Z", "level": "INFO", "name": "telemetry-podman", "message": "\ud83d\udcca Updated Podman telemetry for server: nexus-payments-srv-01", "server": "nexus-payments-srv-01", "service": "api-gateway", "request_id": "system"}
{"timestamp": "2026-04-16T16:05:50.870581Z", "level": "INFO", "name": "telemetry-podman", "message": "\ud83d\udcca Updated Podman telemetry for server: nexus-payments-srv-02", "server": "nexus-payments-srv-02", "service": "api-gateway", "request_id": "system"}
{"timestamp": "2026-04-16T16:05:51.881856Z", "level": "INFO", "name": "telemetry-podman", "message": "\ud83d\udcca Updated Podman telemetry for server: nexus-payments-srv-03", "server": "nexus-payments-srv-03", "service": "api-gateway", "request_id": "system"}
{"timestamp": "2026-04-16T16:05:52.892805Z", "level": "INFO", "name": "telemetry-podman", "message": "\ud83d\udcca Updated Podman telemetry for server: insight-analytics-srv-01", "server": "insight-analytics-srv-01", "service": "api-gateway", "request_id": "system"}
{"timestamp": "2026-04-16T16:05:53.903858Z", "level": "INFO", "name": "telemetry-podman", "message": "\ud83d\udcca Updated Podman telemetry for server: insight-analytics-srv-02", "server": "insight-analytics-srv-02", "service": "api-gateway", "request_id": "system"}
{"timestamp": "2026-04-16T16:05:54.915790Z", "level": "INFO", "name": "telemetry-podman", "message": "\ud83d\udcca Updated Podman telemetry for server: insight-analytics-srv-03", "server": "insight-analytics-srv-03", "service": "api-gateway", "request_id": "system"}
{"timestamp": "2026-04-16T16:10:46.838458Z", "level": "INFO", "name": "telemetry-podman", "message": "\ud83d\udcca Updated Podman telemetry for server: core-banking-prime-srv-01", "server": "core-banking-prime-srv-01", "service": "api-gateway", "request_id": "system"}
{"timestamp": "2026-04-16T16:10:47.848319Z", "level": "INFO", "name": "telemetry-podman", "message": "\ud83d\udcca Updated Podman telemetry for server: core-banking-prime-srv-02", "server": "core-banking-prime-srv-02", "service": "api-gateway", "request_id": "system"}
{"timestamp": "2026-04-16T16:10:48.859585Z", "level": "INFO", "name": "telemetry-podman", "message": "\ud83d\udcca Updated Podman telemetry for server: core-banking-prime-srv-03", "server": "core-banking-prime-srv-03", "service": "api-gateway", "request_id": "system"}
{"timestamp": "2026-04-16T16:10:49.871602Z", "level": "INFO", "name": "telemetry-podman", "message": "\ud83d\udcca Updated Podman telemetry for server: nexus-payments-srv-01", "server": "nexus-payments-srv-01", "service": "api-gateway", "request_id": "system"}
{"timestamp": "2026-04-16T16:10:50.877776Z", "level": "INFO", "name": "telemetry-podman", "message": "\ud83d\udcca Updated Podman telemetry for server: nexus-payments-srv-02", "server": "nexus-payments-srv-02", "service": "api-gateway", "request_id": "system"}
{"timestamp": "2026-04-16T16:10:51.888217Z", "level": "INFO", "name": "telemetry-podman", "message": "\ud83d\udcca Updated Podman telemetry for server: nexus-payments-srv-03", "server": "nexus-payments-srv-03", "service": "api-gateway", "request_id": "system"}
{"timestamp": "2026-04-16T16:10:52.898749Z", "level": "INFO", "name": "telemetry-podman", "message": "\ud83d\udcca Updated Podman telemetry for server: insight-analytics-srv-01", "server": "insight-analytics-srv-01", "service": "api-gateway", "request_id": "system"}
{"timestamp": "2026-04-16T16:10:53.906776Z", "level": "INFO", "name": "telemetry-podman", "message": "\ud83d\udcca Updated Podman telemetry for server: insight-analytics-srv-02", "server": "insight-analytics-srv-02", "service": "api-gateway", "request_id": "system"}
{"timestamp": "2026-04-16T16:10:54.918529Z", "level": "INFO", "name": "telemetry-podman", "message": "\ud83d\udcca Updated Podman telemetry for server: insight-analytics-srv-03", "server": "insight-analytics-srv-03", "service": "api-gateway", "request_id": "system"}
{"timestamp": "2026-04-16T16:16:12.830365Z", "level": "INFO", "name": "telemetry-podman", "message": "\u2705 Podman Telemetry Registered (every 5m)", "service": "api-gateway", "request_id": "system"}
{"timestamp": "2026-04-16T16:16:12.830692Z", "level": "INFO", "name": "telemetry-podman", "message": "\ud83d\ude80 Telemetry Engine Started", "service": "api-gateway", "request_id": "system"}
{"timestamp": "2026-04-16T16:20:55.154474Z", "level": "INFO", "name": "telemetry-podman", "message": "\ud83d\uded1 Telemetry Engine Shutdown Successfully", "service": "api-gateway", "request_id": "system"}
{"timestamp": "2026-04-16T16:20:59.849372Z", "level": "INFO", "name": "telemetry-podman", "message": "\u2705 Podman Telemetry Registered (every 5m)", "service": "api-gateway", "request_id": "system"}
{"timestamp": "2026-04-16T16:20:59.849690Z", "level": "INFO", "name": "telemetry-podman", "message": "\ud83d\ude80 Telemetry Engine Started", "service": "api-gateway", "request_id": "system"}
{"timestamp": "2026-04-16T16:21:18.418843Z", "level": "INFO", "name": "telemetry-podman", "message": "\u2705 Podman Telemetry Registered (every 5m)", "service": "api-gateway", "request_id": "system"}
{"timestamp": "2026-04-16T16:21:18.419201Z", "level": "INFO", "name": "telemetry-podman", "message": "\ud83d\ude80 Telemetry Engine Started", "service": "api-gateway", "request_id": "system"}
{"timestamp": "2026-04-16T16:24:22.106921Z", "level": "INFO", "name": "telemetry-podman", "message": "\u2705 Podman Telemetry Registered (every 5m)", "service": "api-gateway", "request_id": "system"}
{"timestamp": "2026-04-16T16:24:22.107244Z", "level": "INFO", "name": "telemetry-podman", "message": "\ud83d\ude80 Telemetry Engine Started", "service": "api-gateway", "request_id": "system"}
{"timestamp": "2026-04-16T16:29:23.130062Z", "level": "INFO", "name": "telemetry-podman", "message": "\ud83d\udcca Updated Podman telemetry for server: core-banking-prime-srv-01", "server": "core-banking-prime-srv-01", "service": "api-gateway", "request_id": "system"}
{"timestamp": "2026-04-16T16:29:24.156265Z", "level": "INFO", "name": "telemetry-podman", "message": "\ud83d\udcca Updated Podman telemetry for server: core-banking-prime-srv-02", "server": "core-banking-prime-srv-02", "service": "api-gateway", "request_id": "system"}
{"timestamp": "2026-04-16T16:29:25.162531Z", "level": "INFO", "name": "telemetry-podman", "message": "\ud83d\udcca Updated Podman telemetry for server: core-banking-prime-srv-03", "server": "core-banking-prime-srv-03", "service": "api-gateway", "request_id": "system"}
{"timestamp": "2026-04-16T16:29:26.168883Z", "level": "INFO", "name": "telemetry-podman", "message": "\ud83d\udcca Updated Podman telemetry for server: nexus-payments-srv-01", "server": "nexus-payments-srv-01", "service": "api-gateway", "request_id": "system"}
{"timestamp": "2026-04-16T16:29:27.173325Z", "level": "INFO", "name": "telemetry-podman", "message": "\ud83d\udcca Updated Podman telemetry for server: nexus-payments-srv-02", "server": "nexus-payments-srv-02", "service": "api-gateway", "request_id": "system"}
{"timestamp": "2026-04-16T16:29:28.180939Z", "level": "INFO", "name": "telemetry-podman", "message": "\ud83d\udcca Updated Podman telemetry for server: nexus-payments-srv-03", "server": "nexus-payments-srv-03", "service": "api-gateway", "request_id": "system"}
{"timestamp": "2026-04-16T16:29:29.185852Z", "level": "INFO", "name": "telemetry-podman", "message": "\ud83d\udcca Updated Podman telemetry for server: insight-analytics-srv-01", "server": "insight-analytics-srv-01", "service": "api-gateway", "request_id": "system"}
{"timestamp": "2026-04-16T16:29:30.193952Z", "level": "INFO", "name": "telemetry-podman", "message": "\ud83d\udcca Updated Podman telemetry for server: insight-analytics-srv-02", "server": "insight-analytics-srv-02", "service": "api-gateway", "request_id": "system"}
{"timestamp": "2026-04-16T16:29:31.202018Z", "level": "INFO", "name": "telemetry-podman", "message": "\ud83d\udcca Updated Podman telemetry for server: insight-analytics-srv-03", "server": "insight-analytics-srv-03", "service": "api-gateway", "request_id": "system"}
{"timestamp": "2026-04-16T16:34:23.141483Z", "level": "INFO", "name": "telemetry-podman", "message": "\ud83d\udcca Updated Podman telemetry for server: core-banking-prime-srv-01", "server": "core-banking-prime-srv-01", "service": "api-gateway", "request_id": "system"}
{"timestamp": "2026-04-16T16:34:24.151462Z", "level": "INFO", "name": "telemetry-podman", "message": "\ud83d\udcca Updated Podman telemetry for server: core-banking-prime-srv-02", "server": "core-banking-prime-srv-02", "service": "api-gateway", "request_id": "system"}
{"timestamp": "2026-04-16T16:34:25.157273Z", "level": "INFO", "name": "telemetry-podman", "message": "\ud83d\udcca Updated Podman telemetry for server: core-banking-prime-srv-03", "server": "core-banking-prime-srv-03", "service": "api-gateway", "request_id": "system"}
{"timestamp": "2026-04-16T16:34:26.164706Z", "level": "INFO", "name": "telemetry-podman", "message": "\ud83d\udcca Updated Podman telemetry for server: nexus-payments-srv-01", "server": "nexus-payments-srv-01", "service": "api-gateway", "request_id": "system"}
{"timestamp": "2026-04-16T16:34:27.173079Z", "level": "INFO", "name": "telemetry-podman", "message": "\ud83d\udcca Updated Podman telemetry for server: nexus-payments-srv-02", "server": "nexus-payments-srv-02", "service": "api-gateway", "request_id": "system"}
{"timestamp": "2026-04-16T16:34:28.181959Z", "level": "INFO", "name": "telemetry-podman", "message": "\ud83d\udcca Updated Podman telemetry for server: nexus-payments-srv-03", "server": "nexus-payments-srv-03", "service": "api-gateway", "request_id": "system"}
{"timestamp": "2026-04-16T16:34:29.191377Z", "level": "INFO", "name": "telemetry-podman", "message": "\ud83d\udcca Updated Podman telemetry for server: insight-analytics-srv-01", "server": "insight-analytics-srv-01", "service": "api-gateway", "request_id": "system"}
{"timestamp": "2026-04-16T16:34:30.198198Z", "level": "INFO", "name": "telemetry-podman", "message": "\ud83d\udcca Updated Podman telemetry for server: insight-analytics-srv-02", "server": "insight-analytics-srv-02", "service": "api-gateway", "request_id": "system"}
{"timestamp": "2026-04-16T16:34:31.205955Z", "level": "INFO", "name": "telemetry-podman", "message": "\ud83d\udcca Updated Podman telemetry for server: insight-analytics-srv-03", "server": "insight-analytics-srv-03", "service": "api-gateway", "request_id": "system"}
{"timestamp": "2026-04-16T16:36:03.401332Z", "level": "INFO", "name": "telemetry-podman", "message": "\ud83d\uded1 Telemetry Engine Shutdown Successfully", "service": "api-gateway", "request_id": "system"}
{"timestamp": "2026-04-16T16:37:57.561630Z", "level": "INFO", "name": "telemetry-podman", "message": "\u2705 Podman Telemetry Registered (every 5m)", "service": "api-gateway", "request_id": "system"}
{"timestamp": "2026-04-16T16:37:57.562208Z", "level": "INFO", "name": "telemetry-podman", "message": "\ud83d\ude80 Telemetry Engine Started", "service": "api-gateway", "request_id": "system"}
{"timestamp": "2026-04-16T16:38:18.413484Z", "level": "INFO", "name": "telemetry-podman", "message": "\u2705 Podman Telemetry Registered (every 5m)", "service": "api-gateway", "request_id": "system"}
{"timestamp": "2026-04-16T16:38:18.413932Z", "level": "INFO", "name": "telemetry-podman", "message": "\ud83d\ude80 Telemetry Engine Started", "service": "api-gateway", "request_id": "system"}
{"timestamp": "2026-04-16T16:43:12.771391Z", "level": "INFO", "name": "telemetry-podman", "message": "\ud83d\uded1 Telemetry Engine Shutdown Successfully", "service": "api-gateway", "request_id": "system"}
{"timestamp": "2026-04-16T16:43:17.417682Z", "level": "INFO", "name": "telemetry-podman", "message": "\u2705 Podman Telemetry Registered (every 5m)", "service": "api-gateway", "request_id": "system"}
{"timestamp": "2026-04-16T16:43:17.418003Z", "level": "INFO", "name": "telemetry-podman", "message": "\ud83d\ude80 Telemetry Engine Started", "service": "api-gateway", "request_id": "system"}
{"timestamp": "2026-04-16T16:44:18.685263Z", "level": "INFO", "name": "telemetry-podman", "message": "\ud83d\uded1 Telemetry Engine Shutdown Successfully", "service": "api-gateway", "request_id": "system"}
{"timestamp": "2026-04-16T16:44:22.340639Z", "level": "INFO", "name": "telemetry-podman", "message": "\u2705 Podman Telemetry Registered (every 5m)", "service": "api-gateway", "request_id": "system"}
{"timestamp": "2026-04-16T16:44:22.340970Z", "level": "INFO", "name": "telemetry-podman", "message": "\ud83d\ude80 Telemetry Engine Started", "service": "api-gateway", "request_id": "system"}
{"timestamp": "2026-04-16T16:48:05.198965Z", "level": "INFO", "name": "telemetry-podman", "message": "\u2705 Podman Telemetry Registered (every 5m)", "service": "api-gateway", "request_id": "system"}
{"timestamp": "2026-04-16T16:48:05.199295Z", "level": "INFO", "name": "telemetry-podman", "message": "\ud83d\ude80 Telemetry Engine Started", "service": "api-gateway", "request_id": "system"}
{"timestamp": "2026-04-16T16:53:06.217653Z", "level": "INFO", "name": "telemetry-podman", "message": "\ud83d\udcca Updated Podman telemetry for server: core-banking-prime-srv-01", "server": "core-banking-prime-srv-01", "service": "api-gateway", "request_id": "system"}
{"timestamp": "2026-04-16T16:53:07.226325Z", "level": "INFO", "name": "telemetry-podman", "message": "\ud83d\udcca Updated Podman telemetry for server: core-banking-prime-srv-02", "server": "core-banking-prime-srv-02", "service": "api-gateway", "request_id": "system"}
{"timestamp": "2026-04-16T16:53:08.234894Z", "level": "INFO", "name": "telemetry-podman", "message": "\ud83d\udcca Updated Podman telemetry for server: core-banking-prime-srv-03", "server": "core-banking-prime-srv-03", "service": "api-gateway", "request_id": "system"}
{"timestamp": "2026-04-16T16:53:09.244370Z", "level": "INFO", "name": "telemetry-podman", "message": "\ud83d\udcca Updated Podman telemetry for server: nexus-payments-srv-01", "server": "nexus-payments-srv-01", "service": "api-gateway", "request_id": "system"}
{"timestamp": "2026-04-16T16:53:10.252834Z", "level": "INFO", "name": "telemetry-podman", "message": "\ud83d\udcca Updated Podman telemetry for server: nexus-payments-srv-02", "server": "nexus-payments-srv-02", "service": "api-gateway", "request_id": "system"}
{"timestamp": "2026-04-16T16:53:11.261307Z", "level": "INFO", "name": "telemetry-podman", "message": "\ud83d\udcca Updated Podman telemetry for server: nexus-payments-srv-03", "server": "nexus-payments-srv-03", "service": "api-gateway", "request_id": "system"}
{"timestamp": "2026-04-16T16:53:12.268367Z", "level": "INFO", "name": "telemetry-podman", "message": "\ud83d\udcca Updated Podman telemetry for server: insight-analytics-srv-01", "server": "insight-analytics-srv-01", "service": "api-gateway", "request_id": "system"}
{"timestamp": "2026-04-16T16:53:13.277600Z", "level": "INFO", "name": "telemetry-podman", "message": "\ud83d\udcca Updated Podman telemetry for server: insight-analytics-srv-02", "server": "insight-analytics-srv-02", "service": "api-gateway", "request_id": "system"}
{"timestamp": "2026-04-16T16:53:14.287802Z", "level": "INFO", "name": "telemetry-podman", "message": "\ud83d\udcca Updated Podman telemetry for server: insight-analytics-srv-03", "server": "insight-analytics-srv-03", "service": "api-gateway", "request_id": "system"}
{"timestamp": "2026-04-16T16:55:05.147886Z", "level": "INFO", "name": "telemetry-podman", "message": "\ud83d\uded1 Telemetry Engine Shutdown Successfully", "service": "api-gateway", "request_id": "system"}
{"timestamp": "2026-04-16T16:55:10.415797Z", "level": "INFO", "name": "telemetry-podman", "message": "\u2705 Podman Telemetry Registered (every 5m)", "service": "api-gateway", "request_id": "system"}
{"timestamp": "2026-04-16T16:55:10.416155Z", "level": "INFO", "name": "telemetry-podman", "message": "\ud83d\ude80 Telemetry Engine Started", "service": "api-gateway", "request_id": "system"}
{"timestamp": "2026-04-16T16:55:38.412699Z", "level": "INFO", "name": "telemetry-podman", "message": "\u2705 Podman Telemetry Registered (every 5m)", "service": "api-gateway", "request_id": "system"}
{"timestamp": "2026-04-16T16:55:38.413076Z", "level": "INFO", "name": "telemetry-podman", "message": "\ud83d\ude80 Telemetry Engine Started", "service": "api-gateway", "request_id": "system"}
{"timestamp": "2026-04-16T17:00:39.428956Z", "level": "INFO", "name": "telemetry-podman", "message": "\ud83d\udcca Updated Podman telemetry for server: core-banking-prime-srv-01", "server": "core-banking-prime-srv-01", "service": "api-gateway", "request_id": "system"}
{"timestamp": "2026-04-16T17:00:40.437300Z", "level": "INFO", "name": "telemetry-podman", "message": "\ud83d\udcca Updated Podman telemetry for server: core-banking-prime-srv-02", "server": "core-banking-prime-srv-02", "service": "api-gateway", "request_id": "system"}
{"timestamp": "2026-04-16T17:00:41.443734Z", "level": "INFO", "name": "telemetry-podman", "message": "\ud83d\udcca Updated Podman telemetry for server: core-banking-prime-srv-03", "server": "core-banking-prime-srv-03", "service": "api-gateway", "request_id": "system"}
{"timestamp": "2026-04-16T17:00:42.449889Z", "level": "INFO", "name": "telemetry-podman", "message": "\ud83d\udcca Updated Podman telemetry for server: nexus-payments-srv-01", "server": "nexus-payments-srv-01", "service": "api-gateway", "request_id": "system"}
{"timestamp": "2026-04-16T17:00:43.457492Z", "level": "INFO", "name": "telemetry-podman", "message": "\ud83d\udcca Updated Podman telemetry for server: nexus-payments-srv-02", "server": "nexus-payments-srv-02", "service": "api-gateway", "request_id": "system"}
{"timestamp": "2026-04-16T17:00:44.463298Z", "level": "INFO", "name": "telemetry-podman", "message": "\ud83d\udcca Updated Podman telemetry for server: nexus-payments-srv-03", "server": "nexus-payments-srv-03", "service": "api-gateway", "request_id": "system"}
{"timestamp": "2026-04-16T17:00:45.471559Z", "level": "INFO", "name": "telemetry-podman", "message": "\ud83d\udcca Updated Podman telemetry for server: insight-analytics-srv-01", "server": "insight-analytics-srv-01", "service": "api-gateway", "request_id": "system"}
{"timestamp": "2026-04-16T17:00:46.475244Z", "level": "INFO", "name": "telemetry-podman", "message": "\ud83d\udcca Updated Podman telemetry for server: insight-analytics-srv-02", "server": "insight-analytics-srv-02", "service": "api-gateway", "request_id": "system"}
{"timestamp": "2026-04-16T17:00:47.483243Z", "level": "INFO", "name": "telemetry-podman", "message": "\ud83d\udcca Updated Podman telemetry for server: insight-analytics-srv-03", "server": "insight-analytics-srv-03", "service": "api-gateway", "request_id": "system"}
{"timestamp": "2026-04-16T17:03:53.691031Z", "level": "INFO", "name": "telemetry-podman", "message": "\ud83d\uded1 Telemetry Engine Shutdown Successfully", "service": "api-gateway", "request_id": "system"}
{"timestamp": "2026-04-16T17:03:58.583269Z", "level": "INFO", "name": "telemetry-podman", "message": "\u2705 Podman Telemetry Registered (every 5m)", "service": "api-gateway", "request_id": "system"}
{"timestamp": "2026-04-16T17:03:58.583642Z", "level": "INFO", "name": "telemetry-podman", "message": "\ud83d\ude80 Telemetry Engine Started", "service": "api-gateway", "request_id": "system"}
{"timestamp": "2026-04-16T17:04:31.098204Z", "level": "INFO", "name": "telemetry-podman", "message": "\ud83d\uded1 Telemetry Engine Shutdown Successfully", "service": "api-gateway", "request_id": "system"}
{"timestamp": "2026-04-16T17:04:36.309716Z", "level": "INFO", "name": "telemetry-podman", "message": "\u2705 Podman Telemetry Registered (every 5m)", "service": "api-gateway", "request_id": "system"}
{"timestamp": "2026-04-16T17:04:36.310065Z", "level": "INFO", "name": "telemetry-podman", "message": "\ud83d\ude80 Telemetry Engine Started", "service": "api-gateway", "request_id": "system"}
{"timestamp": "2026-04-16T17:04:56.458750Z", "level": "INFO", "name": "telemetry-podman", "message": "\u2705 Podman Telemetry Registered (every 5m)", "service": "api-gateway", "request_id": "system"}
{"timestamp": "2026-04-16T17:04:56.459174Z", "level": "INFO", "name": "telemetry-podman", "message": "\ud83d\ude80 Telemetry Engine Started", "service": "api-gateway", "request_id": "system"}
{"timestamp": "2026-04-16T17:09:57.479367Z", "level": "INFO", "name": "telemetry-podman", "message": "\ud83d\udcca Updated Podman telemetry for server: core-banking-prime-srv-01", "server": "core-banking-prime-srv-01", "service": "api-gateway", "request_id": "system"}
{"timestamp": "2026-04-16T17:09:58.492700Z", "level": "INFO", "name": "telemetry-podman", "message": "\ud83d\udcca Updated Podman telemetry for server: core-banking-prime-srv-02", "server": "core-banking-prime-srv-02", "service": "api-gateway", "request_id": "system"}
{"timestamp": "2026-04-16T17:09:59.500112Z", "level": "INFO", "name": "telemetry-podman", "message": "\ud83d\udcca Updated Podman telemetry for server: core-banking-prime-srv-03", "server": "core-banking-prime-srv-03", "service": "api-gateway", "request_id": "system"}
{"timestamp": "2026-04-16T17:10:00.509117Z", "level": "INFO", "name": "telemetry-podman", "message": "\ud83d\udcca Updated Podman telemetry for server: nexus-payments-srv-01", "server": "nexus-payments-srv-01", "service": "api-gateway", "request_id": "system"}
{"timestamp": "2026-04-16T17:10:01.520671Z", "level": "INFO", "name": "telemetry-podman", "message": "\ud83d\udcca Updated Podman telemetry for server: nexus-payments-srv-02", "server": "nexus-payments-srv-02", "service": "api-gateway", "request_id": "system"}
{"timestamp": "2026-04-16T17:10:02.531928Z", "level": "INFO", "name": "telemetry-podman", "message": "\ud83d\udcca Updated Podman telemetry for server: nexus-payments-srv-03", "server": "nexus-payments-srv-03", "service": "api-gateway", "request_id": "system"}
{"timestamp": "2026-04-16T17:10:03.538472Z", "level": "INFO", "name": "telemetry-podman", "message": "\ud83d\udcca Updated Podman telemetry for server: insight-analytics-srv-01", "server": "insight-analytics-srv-01", "service": "api-gateway", "request_id": "system"}
{"timestamp": "2026-04-16T17:10:04.545524Z", "level": "INFO", "name": "telemetry-podman", "message": "\ud83d\udcca Updated Podman telemetry for server: insight-analytics-srv-02", "server": "insight-analytics-srv-02", "service": "api-gateway", "request_id": "system"}
{"timestamp": "2026-04-16T17:10:05.555855Z", "level": "INFO", "name": "telemetry-podman", "message": "\ud83d\udcca Updated Podman telemetry for server: insight-analytics-srv-03", "server": "insight-analytics-srv-03", "service": "api-gateway", "request_id": "system"}
{"timestamp": "2026-04-16T17:14:57.485294Z", "level": "INFO", "name": "telemetry-podman", "message": "\ud83d\udcca Updated Podman telemetry for server: core-banking-prime-srv-01", "server": "core-banking-prime-srv-01", "service": "api-gateway", "request_id": "system"}
{"timestamp": "2026-04-16T17:14:58.496646Z", "level": "INFO", "name": "telemetry-podman", "message": "\ud83d\udcca Updated Podman telemetry for server: core-banking-prime-srv-02", "server": "core-banking-prime-srv-02", "service": "api-gateway", "request_id": "system"}
{"timestamp": "2026-04-16T17:14:59.508038Z", "level": "INFO", "name": "telemetry-podman", "message": "\ud83d\udcca Updated Podman telemetry for server: core-banking-prime-srv-03", "server": "core-banking-prime-srv-03", "service": "api-gateway", "request_id": "system"}
{"timestamp": "2026-04-16T17:15:00.519059Z", "level": "INFO", "name": "telemetry-podman", "message": "\ud83d\udcca Updated Podman telemetry for server: nexus-payments-srv-01", "server": "nexus-payments-srv-01", "service": "api-gateway", "request_id": "system"}
{"timestamp": "2026-04-16T17:15:01.526077Z", "level": "INFO", "name": "telemetry-podman", "message": "\ud83d\udcca Updated Podman telemetry for server: nexus-payments-srv-02", "server": "nexus-payments-srv-02", "service": "api-gateway", "request_id": "system"}
{"timestamp": "2026-04-16T17:15:02.535839Z", "level": "INFO", "name": "telemetry-podman", "message": "\ud83d\udcca Updated Podman telemetry for server: nexus-payments-srv-03", "server": "nexus-payments-srv-03", "service": "api-gateway", "request_id": "system"}
{"timestamp": "2026-04-16T17:15:03.545928Z", "level": "INFO", "name": "telemetry-podman", "message": "\ud83d\udcca Updated Podman telemetry for server: insight-analytics-srv-01", "server": "insight-analytics-srv-01", "service": "api-gateway", "request_id": "system"}
{"timestamp": "2026-04-16T17:15:04.556659Z", "level": "INFO", "name": "telemetry-podman", "message": "\ud83d\udcca Updated Podman telemetry for server: insight-analytics-srv-02", "server": "insight-analytics-srv-02", "service": "api-gateway", "request_id": "system"}
{"timestamp": "2026-04-16T17:15:05.567464Z", "level": "INFO", "name": "telemetry-podman", "message": "\ud83d\udcca Updated Podman telemetry for server: insight-analytics-srv-03", "server": "insight-analytics-srv-03", "service": "api-gateway", "request_id": "system"}
{"timestamp": "2026-04-16T17:15:52.129325Z", "level": "INFO", "name": "telemetry-podman", "message": "\ud83d\uded1 Telemetry Engine Shutdown Successfully", "service": "api-gateway", "request_id": "system"}
{"timestamp": "2026-04-16T17:15:56.827010Z", "level": "INFO", "name": "telemetry-podman", "message": "\u2705 Podman Telemetry Registered (every 5m)", "service": "api-gateway", "request_id": "system"}
{"timestamp": "2026-04-16T17:15:56.827341Z", "level": "INFO", "name": "telemetry-podman", "message": "\ud83d\ude80 Telemetry Engine Started", "service": "api-gateway", "request_id": "system"}
{"timestamp": "2026-04-16T17:16:00.970227Z", "level": "INFO", "name": "telemetry-podman", "message": "\ud83d\uded1 Telemetry Engine Shutdown Successfully", "service": "api-gateway", "request_id": "system"}
{"timestamp": "2026-04-16T17:16:05.392194Z", "level": "INFO", "name": "telemetry-podman", "message": "\u2705 Podman Telemetry Registered (every 5m)", "service": "api-gateway", "request_id": "system"}
{"timestamp": "2026-04-16T17:16:05.392520Z", "level": "INFO", "name": "telemetry-podman", "message": "\ud83d\ude80 Telemetry Engine Started", "service": "api-gateway", "request_id": "system"}
{"timestamp": "2026-04-16T17:16:16.301014Z", "level": "INFO", "name": "telemetry-podman", "message": "\ud83d\uded1 Telemetry Engine Shutdown Successfully", "service": "api-gateway", "request_id": "system"}
{"timestamp": "2026-04-16T17:16:21.112354Z", "level": "INFO", "name": "telemetry-podman", "message": "\u2705 Podman Telemetry Registered (every 5m)", "service": "api-gateway", "request_id": "system"}
{"timestamp": "2026-04-16T17:16:21.112671Z", "level": "INFO", "name": "telemetry-podman", "message": "\ud83d\ude80 Telemetry Engine Started", "service": "api-gateway", "request_id": "system"}
{"timestamp": "2026-04-16T17:16:31.003183Z", "level": "INFO", "name": "telemetry-podman", "message": "\ud83d\uded1 Telemetry Engine Shutdown Successfully", "service": "api-gateway", "request_id": "system"}
{"timestamp": "2026-04-16T17:16:35.341990Z", "level": "INFO", "name": "telemetry-podman", "message": "\u2705 Podman Telemetry Registered (every 5m)", "service": "api-gateway", "request_id": "system"}
{"timestamp": "2026-04-16T17:16:35.342328Z", "level": "INFO", "name": "telemetry-podman", "message": "\ud83d\ude80 Telemetry Engine Started", "service": "api-gateway", "request_id": "system"}
{"timestamp": "2026-04-16T17:17:08.349809Z", "level": "INFO", "name": "telemetry-podman", "message": "\ud83d\uded1 Telemetry Engine Shutdown Successfully", "service": "api-gateway", "request_id": "system"}
{"timestamp": "2026-04-16T17:17:12.919714Z", "level": "INFO", "name": "telemetry-podman", "message": "\u2705 Podman Telemetry Registered (every 5m)", "service": "api-gateway", "request_id": "system"}
{"timestamp": "2026-04-16T17:17:12.920018Z", "level": "INFO", "name": "telemetry-podman", "message": "\ud83d\ude80 Telemetry Engine Started", "service": "api-gateway", "request_id": "system"}
{"timestamp": "2026-04-16T17:17:24.019881Z", "level": "INFO", "name": "telemetry-podman", "message": "\ud83d\uded1 Telemetry Engine Shutdown Successfully", "service": "api-gateway", "request_id": "system"}
{"timestamp": "2026-04-16T17:17:28.365285Z", "level": "INFO", "name": "telemetry-podman", "message": "\u2705 Podman Telemetry Registered (every 5m)", "service": "api-gateway", "request_id": "system"}
{"timestamp": "2026-04-16T17:17:28.365600Z", "level": "INFO", "name": "telemetry-podman", "message": "\ud83d\ude80 Telemetry Engine Started", "service": "api-gateway", "request_id": "system"}
{"timestamp": "2026-04-16T17:18:22.592565Z", "level": "INFO", "name": "telemetry-podman", "message": "\u2705 Podman Telemetry Registered (every 5m)", "service": "api-gateway", "request_id": "system"}
{"timestamp": "2026-04-16T17:18:22.592885Z", "level": "INFO", "name": "telemetry-podman", "message": "\ud83d\ude80 Telemetry Engine Started", "service": "api-gateway", "request_id": "system"}
{"timestamp": "2026-04-16T17:23:23.610619Z", "level": "INFO", "name": "telemetry-podman", "message": "\ud83d\udcca Updated Podman telemetry for server: core-banking-prime-srv-01", "server": "core-banking-prime-srv-01", "service": "api-gateway", "request_id": "system"}
{"timestamp": "2026-04-16T17:23:24.621359Z", "level": "INFO", "name": "telemetry-podman", "message": "\ud83d\udcca Updated Podman telemetry for server: core-banking-prime-srv-02", "server": "core-banking-prime-srv-02", "service": "api-gateway", "request_id": "system"}
{"timestamp": "2026-04-16T17:23:25.633300Z", "level": "INFO", "name": "telemetry-podman", "message": "\ud83d\udcca Updated Podman telemetry for server: core-banking-prime-srv-03", "server": "core-banking-prime-srv-03", "service": "api-gateway", "request_id": "system"}
{"timestamp": "2026-04-16T17:23:26.644515Z", "level": "INFO", "name": "telemetry-podman", "message": "\ud83d\udcca Updated Podman telemetry for server: nexus-payments-srv-01", "server": "nexus-payments-srv-01", "service": "api-gateway", "request_id": "system"}
{"timestamp": "2026-04-16T17:23:27.652491Z", "level": "INFO", "name": "telemetry-podman", "message": "\ud83d\udcca Updated Podman telemetry for server: nexus-payments-srv-02", "server": "nexus-payments-srv-02", "service": "api-gateway", "request_id": "system"}
{"timestamp": "2026-04-16T17:23:28.661791Z", "level": "INFO", "name": "telemetry-podman", "message": "\ud83d\udcca Updated Podman telemetry for server: nexus-payments-srv-03", "server": "nexus-payments-srv-03", "service": "api-gateway", "request_id": "system"}
{"timestamp": "2026-04-16T17:23:29.670318Z", "level": "INFO", "name": "telemetry-podman", "message": "\ud83d\udcca Updated Podman telemetry for server: insight-analytics-srv-01", "server": "insight-analytics-srv-01", "service": "api-gateway", "request_id": "system"}
{"timestamp": "2026-04-16T17:23:30.675637Z", "level": "INFO", "name": "telemetry-podman", "message": "\ud83d\udcca Updated Podman telemetry for server: insight-analytics-srv-02", "server": "insight-analytics-srv-02", "service": "api-gateway", "request_id": "system"}
{"timestamp": "2026-04-16T17:23:31.681135Z", "level": "INFO", "name": "telemetry-podman", "message": "\ud83d\udcca Updated Podman telemetry for server: insight-analytics-srv-03", "server": "insight-analytics-srv-03", "service": "api-gateway", "request_id": "system"}
{"timestamp": "2026-04-16T17:25:01.692980Z", "level": "INFO", "name": "telemetry-podman", "message": "\ud83d\uded1 Telemetry Engine Shutdown Successfully", "service": "api-gateway", "request_id": "system"}
{"timestamp": "2026-04-16T17:25:05.576519Z", "level": "INFO", "name": "telemetry-podman", "message": "\u2705 Podman Telemetry Registered (every 5m)", "service": "api-gateway", "request_id": "system"}
{"timestamp": "2026-04-16T17:25:05.576831Z", "level": "INFO", "name": "telemetry-podman", "message": "\ud83d\ude80 Telemetry Engine Started", "service": "api-gateway", "request_id": "system"}
{"timestamp": "2026-04-16T17:25:09.211054Z", "level": "INFO", "name": "telemetry-podman", "message": "\ud83d\uded1 Telemetry Engine Shutdown Successfully", "service": "api-gateway", "request_id": "system"}
{"timestamp": "2026-04-16T17:28:03.204972Z", "level": "INFO", "name": "telemetry-podman", "message": "\u2705 Podman Telemetry Registered (every 5m)", "service": "api-gateway", "request_id": "system"}
{"timestamp": "2026-04-16T17:28:03.205495Z", "level": "INFO", "name": "telemetry-podman", "message": "\ud83d\ude80 Telemetry Engine Started", "service": "api-gateway", "request_id": "system"}
{"timestamp": "2026-04-16T17:28:15.574730Z", "level": "INFO", "name": "telemetry-podman", "message": "\u2705 Podman Telemetry Registered (every 5m)", "service": "api-gateway", "request_id": "system"}
{"timestamp": "2026-04-16T17:28:15.575206Z", "level": "INFO", "name": "telemetry-podman", "message": "\ud83d\ude80 Telemetry Engine Started", "service": "api-gateway", "request_id": "system"}
{"timestamp": "2026-04-16T17:33:16.616634Z", "level": "INFO", "name": "telemetry-podman", "message": "\ud83d\udcca Updated Podman telemetry for server: core-banking-prime-srv-01", "server": "core-banking-prime-srv-01", "service": "api-gateway", "request_id": "system"}
{"timestamp": "2026-04-16T17:33:17.626837Z", "level": "INFO", "name": "telemetry-podman", "message": "\ud83d\udcca Updated Podman telemetry for server: core-banking-prime-srv-02", "server": "core-banking-prime-srv-02", "service": "api-gateway", "request_id": "system"}
{"timestamp": "2026-04-16T17:33:18.635545Z", "level": "INFO", "name": "telemetry-podman", "message": "\ud83d\udcca Updated Podman telemetry for server: core-banking-prime-srv-03", "server": "core-banking-prime-srv-03", "service": "api-gateway", "request_id": "system"}
{"timestamp": "2026-04-16T17:33:19.644836Z", "level": "INFO", "name": "telemetry-podman", "message": "\ud83d\udcca Updated Podman telemetry for server: nexus-payments-srv-01", "server": "nexus-payments-srv-01", "service": "api-gateway", "request_id": "system"}
{"timestamp": "2026-04-16T17:33:20.653770Z", "level": "INFO", "name": "telemetry-podman", "message": "\ud83d\udcca Updated Podman telemetry for server: nexus-payments-srv-02", "server": "nexus-payments-srv-02", "service": "api-gateway", "request_id": "system"}
{"timestamp": "2026-04-16T17:33:21.665107Z", "level": "INFO", "name": "telemetry-podman", "message": "\ud83d\udcca Updated Podman telemetry for server: nexus-payments-srv-03", "server": "nexus-payments-srv-03", "service": "api-gateway", "request_id": "system"}
{"timestamp": "2026-04-16T17:33:22.677146Z", "level": "INFO", "name": "telemetry-podman", "message": "\ud83d\udcca Updated Podman telemetry for server: insight-analytics-srv-01", "server": "insight-analytics-srv-01", "service": "api-gateway", "request_id": "system"}
{"timestamp": "2026-04-16T17:33:23.686663Z", "level": "INFO", "name": "telemetry-podman", "message": "\ud83d\udcca Updated Podman telemetry for server: insight-analytics-srv-02", "server": "insight-analytics-srv-02", "service": "api-gateway", "request_id": "system"}
{"timestamp": "2026-04-16T17:33:24.695583Z", "level": "INFO", "name": "telemetry-podman", "message": "\ud83d\udcca Updated Podman telemetry for server: insight-analytics-srv-03", "server": "insight-analytics-srv-03", "service": "api-gateway", "request_id": "system"}
{"timestamp": "2026-04-16T17:38:16.598197Z", "level": "INFO", "name": "telemetry-podman", "message": "\ud83d\udcca Updated Podman telemetry for server: core-banking-prime-srv-01", "server": "core-banking-prime-srv-01", "service": "api-gateway", "request_id": "system"}
{"timestamp": "2026-04-16T17:38:17.609655Z", "level": "INFO", "name": "telemetry-podman", "message": "\ud83d\udcca Updated Podman telemetry for server: core-banking-prime-srv-02", "server": "core-banking-prime-srv-02", "service": "api-gateway", "request_id": "system"}
{"timestamp": "2026-04-16T17:38:18.620323Z", "level": "INFO", "name": "telemetry-podman", "message": "\ud83d\udcca Updated Podman telemetry for server: core-banking-prime-srv-03", "server": "core-banking-prime-srv-03", "service": "api-gateway", "request_id": "system"}
{"timestamp": "2026-04-16T17:38:19.631270Z", "level": "INFO", "name": "telemetry-podman", "message": "\ud83d\udcca Updated Podman telemetry for server: nexus-payments-srv-01", "server": "nexus-payments-srv-01", "service": "api-gateway", "request_id": "system"}
{"timestamp": "2026-04-16T17:38:20.637888Z", "level": "INFO", "name": "telemetry-podman", "message": "\ud83d\udcca Updated Podman telemetry for server: nexus-payments-srv-02", "server": "nexus-payments-srv-02", "service": "api-gateway", "request_id": "system"}
{"timestamp": "2026-04-16T17:38:21.646246Z", "level": "INFO", "name": "telemetry-podman", "message": "\ud83d\udcca Updated Podman telemetry for server: nexus-payments-srv-03", "server": "nexus-payments-srv-03", "service": "api-gateway", "request_id": "system"}
{"timestamp": "2026-04-16T17:38:22.657843Z", "level": "INFO", "name": "telemetry-podman", "message": "\ud83d\udcca Updated Podman telemetry for server: insight-analytics-srv-01", "server": "insight-analytics-srv-01", "service": "api-gateway", "request_id": "system"}
{"timestamp": "2026-04-16T17:38:23.665871Z", "level": "INFO", "name": "telemetry-podman", "message": "\ud83d\udcca Updated Podman telemetry for server: insight-analytics-srv-02", "server": "insight-analytics-srv-02", "service": "api-gateway", "request_id": "system"}
{"timestamp": "2026-04-16T17:38:24.672743Z", "level": "INFO", "name": "telemetry-podman", "message": "\ud83d\udcca Updated Podman telemetry for server: insight-analytics-srv-03", "server": "insight-analytics-srv-03", "service": "api-gateway", "request_id": "system"}
{"timestamp": "2026-04-16T17:41:14.415541Z", "level": "INFO", "name": "telemetry-podman", "message": "\ud83d\uded1 Telemetry Engine Shutdown Successfully", "service": "api-gateway", "request_id": "system"}
{"timestamp": "2026-04-16T17:48:16.731795Z", "level": "INFO", "name": "telemetry-podman", "message": "\u2705 Podman Telemetry Registered (every 5m)", "service": "api-gateway", "request_id": "system"}
{"timestamp": "2026-04-16T17:48:16.732117Z", "level": "INFO", "name": "telemetry-podman", "message": "\ud83d\ude80 Telemetry Engine Started", "service": "api-gateway", "request_id": "system"}
{"timestamp": "2026-04-16T17:53:17.784244Z", "level": "INFO", "name": "telemetry-podman", "message": "\ud83d\udcca Updated Podman telemetry for server: core-banking-prime-srv-01", "server": "core-banking-prime-srv-01", "service": "api-gateway", "request_id": "system"}
{"timestamp": "2026-04-16T17:53:18.796229Z", "level": "INFO", "name": "telemetry-podman", "message": "\ud83d\udcca Updated Podman telemetry for server: core-banking-prime-srv-02", "server": "core-banking-prime-srv-02", "service": "api-gateway", "request_id": "system"}
{"timestamp": "2026-04-16T17:53:19.804754Z", "level": "INFO", "name": "telemetry-podman", "message": "\ud83d\udcca Updated Podman telemetry for server: core-banking-prime-srv-03", "server": "core-banking-prime-srv-03", "service": "api-gateway", "request_id": "system"}
{"timestamp": "2026-04-16T17:53:20.815903Z", "level": "INFO", "name": "telemetry-podman", "message": "\ud83d\udcca Updated Podman telemetry for server: nexus-payments-srv-01", "server": "nexus-payments-srv-01", "service": "api-gateway", "request_id": "system"}
{"timestamp": "2026-04-16T17:53:21.825819Z", "level": "INFO", "name": "telemetry-podman", "message": "\ud83d\udcca Updated Podman telemetry for server: nexus-payments-srv-02", "server": "nexus-payments-srv-02", "service": "api-gateway", "request_id": "system"}
{"timestamp": "2026-04-16T17:53:22.836543Z", "level": "INFO", "name": "telemetry-podman", "message": "\ud83d\udcca Updated Podman telemetry for server: nexus-payments-srv-03", "server": "nexus-payments-srv-03", "service": "api-gateway", "request_id": "system"}
{"timestamp": "2026-04-16T17:53:23.846915Z", "level": "INFO", "name": "telemetry-podman", "message": "\ud83d\udcca Updated Podman telemetry for server: insight-analytics-srv-01", "server": "insight-analytics-srv-01", "service": "api-gateway", "request_id": "system"}
{"timestamp": "2026-04-16T17:53:24.855038Z", "level": "INFO", "name": "telemetry-podman", "message": "\ud83d\udcca Updated Podman telemetry for server: insight-analytics-srv-02", "server": "insight-analytics-srv-02", "service": "api-gateway", "request_id": "system"}
{"timestamp": "2026-04-16T17:53:25.863806Z", "level": "INFO", "name": "telemetry-podman", "message": "\ud83d\udcca Updated Podman telemetry for server: insight-analytics-srv-03", "server": "insight-analytics-srv-03", "service": "api-gateway", "request_id": "system"}
{"timestamp": "2026-04-16T17:58:17.751945Z", "level": "INFO", "name": "telemetry-podman", "message": "\ud83d\udcca Updated Podman telemetry for server: core-banking-prime-srv-01", "server": "core-banking-prime-srv-01", "service": "api-gateway", "request_id": "system"}
{"timestamp": "2026-04-16T17:58:18.757502Z", "level": "INFO", "name": "telemetry-podman", "message": "\ud83d\udcca Updated Podman telemetry for server: core-banking-prime-srv-02", "server": "core-banking-prime-srv-02", "service": "api-gateway", "request_id": "system"}
{"timestamp": "2026-04-16T17:58:19.767255Z", "level": "INFO", "name": "telemetry-podman", "message": "\ud83d\udcca Updated Podman telemetry for server: core-banking-prime-srv-03", "server": "core-banking-prime-srv-03", "service": "api-gateway", "request_id": "system"}
{"timestamp": "2026-04-16T17:58:20.772817Z", "level": "INFO", "name": "telemetry-podman", "message": "\ud83d\udcca Updated Podman telemetry for server: nexus-payments-srv-01", "server": "nexus-payments-srv-01", "service": "api-gateway", "request_id": "system"}
{"timestamp": "2026-04-16T17:58:21.781097Z", "level": "INFO", "name": "telemetry-podman", "message": "\ud83d\udcca Updated Podman telemetry for server: nexus-payments-srv-02", "server": "nexus-payments-srv-02", "service": "api-gateway", "request_id": "system"}
{"timestamp": "2026-04-16T17:58:22.788920Z", "level": "INFO", "name": "telemetry-podman", "message": "\ud83d\udcca Updated Podman telemetry for server: nexus-payments-srv-03", "server": "nexus-payments-srv-03", "service": "api-gateway", "request_id": "system"}
{"timestamp": "2026-04-16T17:58:23.797969Z", "level": "INFO", "name": "telemetry-podman", "message": "\ud83d\udcca Updated Podman telemetry for server: insight-analytics-srv-01", "server": "insight-analytics-srv-01", "service": "api-gateway", "request_id": "system"}
{"timestamp": "2026-04-16T17:58:24.808522Z", "level": "INFO", "name": "telemetry-podman", "message": "\ud83d\udcca Updated Podman telemetry for server: insight-analytics-srv-02", "server": "insight-analytics-srv-02", "service": "api-gateway", "request_id": "system"}
{"timestamp": "2026-04-16T17:58:25.816444Z", "level": "INFO", "name": "telemetry-podman", "message": "\ud83d\udcca Updated Podman telemetry for server: insight-analytics-srv-03", "server": "insight-analytics-srv-03", "service": "api-gateway", "request_id": "system"}
{"timestamp": "2026-04-16T18:03:17.749406Z", "level": "INFO", "name": "telemetry-podman", "message": "\ud83d\udcca Updated Podman telemetry for server: core-banking-prime-srv-01", "server": "core-banking-prime-srv-01", "service": "api-gateway", "request_id": "system"}
{"timestamp": "2026-04-16T18:03:18.761343Z", "level": "INFO", "name": "telemetry-podman", "message": "\ud83d\udcca Updated Podman telemetry for server: core-banking-prime-srv-02", "server": "core-banking-prime-srv-02", "service": "api-gateway", "request_id": "system"}
{"timestamp": "2026-04-16T18:03:19.772461Z", "level": "INFO", "name": "telemetry-podman", "message": "\ud83d\udcca Updated Podman telemetry for server: core-banking-prime-srv-03", "server": "core-banking-prime-srv-03", "service": "api-gateway", "request_id": "system"}
{"timestamp": "2026-04-16T18:03:20.784974Z", "level": "INFO", "name": "telemetry-podman", "message": "\ud83d\udcca Updated Podman telemetry for server: nexus-payments-srv-01", "server": "nexus-payments-srv-01", "service": "api-gateway", "request_id": "system"}
{"timestamp": "2026-04-16T18:03:21.795014Z", "level": "INFO", "name": "telemetry-podman", "message": "\ud83d\udcca Updated Podman telemetry for server: nexus-payments-srv-02", "server": "nexus-payments-srv-02", "service": "api-gateway", "request_id": "system"}
{"timestamp": "2026-04-16T18:03:22.804846Z", "level": "INFO", "name": "telemetry-podman", "message": "\ud83d\udcca Updated Podman telemetry for server: nexus-payments-srv-03", "server": "nexus-payments-srv-03", "service": "api-gateway", "request_id": "system"}
{"timestamp": "2026-04-16T18:03:23.816434Z", "level": "INFO", "name": "telemetry-podman", "message": "\ud83d\udcca Updated Podman telemetry for server: insight-analytics-srv-01", "server": "insight-analytics-srv-01", "service": "api-gateway", "request_id": "system"}
{"timestamp": "2026-04-16T18:03:24.827435Z", "level": "INFO", "name": "telemetry-podman", "message": "\ud83d\udcca Updated Podman telemetry for server: insight-analytics-srv-02", "server": "insight-analytics-srv-02", "service": "api-gateway", "request_id": "system"}
{"timestamp": "2026-04-16T18:03:25.838637Z", "level": "INFO", "name": "telemetry-podman", "message": "\ud83d\udcca Updated Podman telemetry for server: insight-analytics-srv-03", "server": "insight-analytics-srv-03", "service": "api-gateway", "request_id": "system"}
{"timestamp": "2026-04-16T18:08:17.771265Z", "level": "INFO", "name": "telemetry-podman", "message": "\ud83d\udcca Updated Podman telemetry for server: core-banking-prime-srv-01", "server": "core-banking-prime-srv-01", "service": "api-gateway", "request_id": "system"}
{"timestamp": "2026-04-16T18:08:18.788369Z", "level": "INFO", "name": "telemetry-podman", "message": "\ud83d\udcca Updated Podman telemetry for server: core-banking-prime-srv-02", "server": "core-banking-prime-srv-02", "service": "api-gateway", "request_id": "system"}
{"timestamp": "2026-04-16T18:08:19.804029Z", "level": "INFO", "name": "telemetry-podman", "message": "\ud83d\udcca Updated Podman telemetry for server: core-banking-prime-srv-03", "server": "core-banking-prime-srv-03", "service": "api-gateway", "request_id": "system"}
{"timestamp": "2026-04-16T18:08:20.819157Z", "level": "INFO", "name": "telemetry-podman", "message": "\ud83d\udcca Updated Podman telemetry for server: nexus-payments-srv-01", "server": "nexus-payments-srv-01", "service": "api-gateway", "request_id": "system"}
{"timestamp": "2026-04-16T18:08:21.829369Z", "level": "INFO", "name": "telemetry-podman", "message": "\ud83d\udcca Updated Podman telemetry for server: nexus-payments-srv-02", "server": "nexus-payments-srv-02", "service": "api-gateway", "request_id": "system"}
{"timestamp": "2026-04-16T18:08:22.840022Z", "level": "INFO", "name": "telemetry-podman", "message": "\ud83d\udcca Updated Podman telemetry for server: nexus-payments-srv-03", "server": "nexus-payments-srv-03", "service": "api-gateway", "request_id": "system"}
{"timestamp": "2026-04-16T18:08:23.854605Z", "level": "INFO", "name": "telemetry-podman", "message": "\ud83d\udcca Updated Podman telemetry for server: insight-analytics-srv-01", "server": "insight-analytics-srv-01", "service": "api-gateway", "request_id": "system"}
{"timestamp": "2026-04-16T18:08:24.867025Z", "level": "INFO", "name": "telemetry-podman", "message": "\ud83d\udcca Updated Podman telemetry for server: insight-analytics-srv-02", "server": "insight-analytics-srv-02", "service": "api-gateway", "request_id": "system"}
{"timestamp": "2026-04-16T18:08:25.882941Z", "level": "INFO", "name": "telemetry-podman", "message": "\ud83d\udcca Updated Podman telemetry for server: insight-analytics-srv-03", "server": "insight-analytics-srv-03", "service": "api-gateway", "request_id": "system"}
{"timestamp": "2026-04-16T18:13:17.757303Z", "level": "INFO", "name": "telemetry-podman", "message": "\ud83d\udcca Updated Podman telemetry for server: core-banking-prime-srv-01", "server": "core-banking-prime-srv-01", "service": "api-gateway", "request_id": "system"}
{"timestamp": "2026-04-16T18:13:18.765194Z", "level": "INFO", "name": "telemetry-podman", "message": "\ud83d\udcca Updated Podman telemetry for server: core-banking-prime-srv-02", "server": "core-banking-prime-srv-02", "service": "api-gateway", "request_id": "system"}
{"timestamp": "2026-04-16T18:13:19.773878Z", "level": "INFO", "name": "telemetry-podman", "message": "\ud83d\udcca Updated Podman telemetry for server: core-banking-prime-srv-03", "server": "core-banking-prime-srv-03", "service": "api-gateway", "request_id": "system"}
{"timestamp": "2026-04-16T18:13:20.784593Z", "level": "INFO", "name": "telemetry-podman", "message": "\ud83d\udcca Updated Podman telemetry for server: nexus-payments-srv-01", "server": "nexus-payments-srv-01", "service": "api-gateway", "request_id": "system"}
{"timestamp": "2026-04-16T18:13:21.801943Z", "level": "INFO", "name": "telemetry-podman", "message": "\ud83d\udcca Updated Podman telemetry for server: nexus-payments-srv-02", "server": "nexus-payments-srv-02", "service": "api-gateway", "request_id": "system"}
{"timestamp": "2026-04-16T18:13:22.812141Z", "level": "INFO", "name": "telemetry-podman", "message": "\ud83d\udcca Updated Podman telemetry for server: nexus-payments-srv-03", "server": "nexus-payments-srv-03", "service": "api-gateway", "request_id": "system"}
{"timestamp": "2026-04-16T18:13:23.822083Z", "level": "INFO", "name": "telemetry-podman", "message": "\ud83d\udcca Updated Podman telemetry for server: insight-analytics-srv-01", "server": "insight-analytics-srv-01", "service": "api-gateway", "request_id": "system"}
{"timestamp": "2026-04-16T18:13:24.833497Z", "level": "INFO", "name": "telemetry-podman", "message": "\ud83d\udcca Updated Podman telemetry for server: insight-analytics-srv-02", "server": "insight-analytics-srv-02", "service": "api-gateway", "request_id": "system"}
{"timestamp": "2026-04-16T18:13:25.844321Z", "level": "INFO", "name": "telemetry-podman", "message": "\ud83d\udcca Updated Podman telemetry for server: insight-analytics-srv-03", "server": "insight-analytics-srv-03", "service": "api-gateway", "request_id": "system"}
{"timestamp": "2026-04-16T18:18:17.750875Z", "level": "INFO", "name": "telemetry-podman", "message": "\ud83d\udcca Updated Podman telemetry for server: core-banking-prime-srv-01", "server": "core-banking-prime-srv-01", "service": "api-gateway", "request_id": "system"}
{"timestamp": "2026-04-16T18:18:18.758927Z", "level": "INFO", "name": "telemetry-podman", "message": "\ud83d\udcca Updated Podman telemetry for server: core-banking-prime-srv-02", "server": "core-banking-prime-srv-02", "service": "api-gateway", "request_id": "system"}
{"timestamp": "2026-04-16T18:18:19.768778Z", "level": "INFO", "name": "telemetry-podman", "message": "\ud83d\udcca Updated Podman telemetry for server: core-banking-prime-srv-03", "server": "core-banking-prime-srv-03", "service": "api-gateway", "request_id": "system"}
{"timestamp": "2026-04-16T18:18:20.779961Z", "level": "INFO", "name": "telemetry-podman", "message": "\ud83d\udcca Updated Podman telemetry for server: nexus-payments-srv-01", "server": "nexus-payments-srv-01", "service": "api-gateway", "request_id": "system"}
{"timestamp": "2026-04-16T18:18:21.790890Z", "level": "INFO", "name": "telemetry-podman", "message": "\ud83d\udcca Updated Podman telemetry for server: nexus-payments-srv-02", "server": "nexus-payments-srv-02", "service": "api-gateway", "request_id": "system"}
{"timestamp": "2026-04-16T18:18:22.798878Z", "level": "INFO", "name": "telemetry-podman", "message": "\ud83d\udcca Updated Podman telemetry for server: nexus-payments-srv-03", "server": "nexus-payments-srv-03", "service": "api-gateway", "request_id": "system"}
{"timestamp": "2026-04-16T18:18:23.807114Z", "level": "INFO", "name": "telemetry-podman", "message": "\ud83d\udcca Updated Podman telemetry for server: insight-analytics-srv-01", "server": "insight-analytics-srv-01", "service": "api-gateway", "request_id": "system"}
{"timestamp": "2026-04-16T18:18:24.819592Z", "level": "INFO", "name": "telemetry-podman", "message": "\ud83d\udcca Updated Podman telemetry for server: insight-analytics-srv-02", "server": "insight-analytics-srv-02", "service": "api-gateway", "request_id": "system"}
{"timestamp": "2026-04-16T18:18:25.830231Z", "level": "INFO", "name": "telemetry-podman", "message": "\ud83d\udcca Updated Podman telemetry for server: insight-analytics-srv-03", "server": "insight-analytics-srv-03", "service": "api-gateway", "request_id": "system"}
{"timestamp": "2026-04-16T18:19:37.143418Z", "level": "INFO", "name": "telemetry-podman", "message": "\ud83d\uded1 Telemetry Engine Shutdown Successfully", "service": "api-gateway", "request_id": "system"}
{"timestamp": "2026-04-16T18:19:41.975750Z", "level": "INFO", "name": "telemetry-podman", "message": "\u2705 Podman Telemetry Registered (every 5m)", "service": "api-gateway", "request_id": "system"}
{"timestamp": "2026-04-16T18:19:41.976088Z", "level": "INFO", "name": "telemetry-podman", "message": "\ud83d\ude80 Telemetry Engine Started", "service": "api-gateway", "request_id": "system"}
{"timestamp": "2026-04-16T18:20:49.277237Z", "level": "INFO", "name": "telemetry-podman", "message": "\ud83d\uded1 Telemetry Engine Shutdown Successfully", "service": "api-gateway", "request_id": "system"}
{"timestamp": "2026-04-16T18:59:36.922821Z", "level": "INFO", "name": "telemetry-podman", "message": "\u2705 Podman Telemetry Registered (every 5m)", "service": "api-gateway", "request_id": "system"}
{"timestamp": "2026-04-16T18:59:36.923375Z", "level": "INFO", "name": "telemetry-podman", "message": "\ud83d\ude80 Telemetry Engine Started", "service": "api-gateway", "request_id": "system"}
{"timestamp": "2026-04-16T19:03:17.297418Z", "level": "INFO", "name": "telemetry-podman", "message": "\ud83d\uded1 Telemetry Engine Shutdown Successfully", "service": "api-gateway", "request_id": "system"}
{"timestamp": "2026-04-16T19:03:24.204097Z", "level": "INFO", "name": "telemetry-podman", "message": "\u2705 Podman Telemetry Registered (every 5m)", "service": "api-gateway", "request_id": "system"}
{"timestamp": "2026-04-16T19:03:24.204427Z", "level": "INFO", "name": "telemetry-podman", "message": "\ud83d\ude80 Telemetry Engine Started", "service": "api-gateway", "request_id": "system"}
{"timestamp": "2026-04-16T19:11:36.877522Z", "level": "INFO", "name": "telemetry-podman", "message": "\ud83d\uded1 Telemetry Engine Shutdown Successfully", "service": "api-gateway", "request_id": "system"}
