{"timestamp": "2026-04-14T13:11:27.261926Z", "level": "INFO", "name": "root", "message": "GET /health - 200", "method": "GET", "path": "/health", "status_code": 200, "duration_ms": 0.76, "payload": null, "service": "telemetry-podman", "request_id": "547a98b8-921b-4a25-9346-0e9facb8fec3"}
{"timestamp": "2026-04-14T13:16:09.813935Z", "level": "INFO", "name": "root", "message": "GET /metrics - 200", "method": "GET", "path": "/metrics", "status_code": 200, "duration_ms": 1004.25, "payload": null, "service": "telemetry-podman", "request_id": "583223d2-2229-4440-9c89-bcb7602a89b4"}
{"timestamp": "2026-04-14T13:16:10.826312Z", "level": "INFO", "name": "root", "message": "GET /metrics - 200", "method": "GET", "path": "/metrics", "status_code": 200, "duration_ms": 1006.03, "payload": null, "service": "telemetry-podman", "request_id": "dd4fdf80-d574-4861-b5cc-a16ad1550e60"}
{"timestamp": "2026-04-14T13:16:11.838114Z", "level": "INFO", "name": "root", "message": "GET /metrics - 200", "method": "GET", "path": "/metrics", "status_code": 200, "duration_ms": 1005.64, "payload": null, "service": "telemetry-podman", "request_id": "210a40e1-563d-4a6a-b27a-d2de155d69b3"}
{"timestamp": "2026-04-14T13:16:12.842931Z", "level": "INFO", "name": "root", "message": "GET /metrics - 200", "method": "GET", "path": "/metrics", "status_code": 200, "duration_ms": 1002.8, "payload": null, "service": "telemetry-podman", "request_id": "9dd28a7a-201d-4c88-8a94-b99eb768d8c9"}
{"timestamp": "2026-04-14T13:16:13.846121Z", "level": "INFO", "name": "root", "message": "GET /metrics - 200", "method": "GET", "path": "/metrics", "status_code": 200, "duration_ms": 1001.34, "payload": null, "service": "telemetry-podman", "request_id": "5b95999b-5491-48ff-8c38-2cfc6e77703e"}
{"timestamp": "2026-04-14T13:16:14.851491Z", "level": "INFO", "name": "root", "message": "GET /metrics - 200", "method": "GET", "path": "/metrics", "status_code": 200, "duration_ms": 1003.36, "payload": null, "service": "telemetry-podman", "request_id": "14b38b00-3de4-4d4a-9d87-a65a59797da0"}
{"timestamp": "2026-04-14T13:16:15.854389Z", "level": "INFO", "name": "root", "message": "GET /metrics - 200", "method": "GET", "path": "/metrics", "status_code": 200, "duration_ms": 1000.87, "payload": null, "service": "telemetry-podman", "request_id": "1bb97c7d-ccf7-41ff-af72-61f2eb257bc9"}
{"timestamp": "2026-04-14T13:16:16.862109Z", "level": "INFO", "name": "root", "message": "GET /metrics - 200", "method": "GET", "path": "/metrics", "status_code": 200, "duration_ms": 1003.59, "payload": null, "service": "telemetry-podman", "request_id": "a58755b5-1c7a-47c7-9011-18a7814f9e6e"}
{"timestamp": "2026-04-14T13:16:17.869680Z", "level": "INFO", "name": "root", "message": "GET /metrics - 200", "method": "GET", "path": "/metrics", "status_code": 200, "duration_ms": 1002.61, "payload": null, "service": "telemetry-podman", "request_id": "5f286932-01ef-4b5c-b7a9-361d20b1c9c6"}
{"timestamp": "2026-04-14T13:21:09.803413Z", "level": "INFO", "name": "root", "message": "GET /metrics - 200", "method": "GET", "path": "/metrics", "status_code": 200, "duration_ms": 1001.81, "payload": null, "service": "telemetry-podman", "request_id": "6fd1635b-df40-4ce5-a634-dd90e2c5a9bc"}
{"timestamp": "2026-04-14T13:21:10.814209Z", "level": "INFO", "name": "root", "message": "GET /metrics - 200", "method": "GET", "path": "/metrics", "status_code": 200, "duration_ms": 1002.97, "payload": null, "service": "telemetry-podman", "request_id": "27d68307-6fdf-4f96-8b60-6998eeb73fd5"}
{"timestamp": "2026-04-14T13:21:11.821576Z", "level": "INFO", "name": "root", "message": "GET /metrics - 200", "method": "GET", "path": "/metrics", "status_code": 200, "duration_ms": 1001.75, "payload": null, "service": "telemetry-podman", "request_id": "b94efdc5-286e-46b7-90ce-1fdf14043d19"}
{"timestamp": "2026-04-14T13:21:12.830465Z", "level": "INFO", "name": "root", "message": "GET /metrics - 200", "method": "GET", "path": "/metrics", "status_code": 200, "duration_ms": 1006.0, "payload": null, "service": "telemetry-podman", "request_id": "0e22b95f-eeb5-4587-b012-501e60ffbd57"}
{"timestamp": "2026-04-14T13:21:13.842416Z", "level": "INFO", "name": "root", "message": "GET /metrics - 200", "method": "GET", "path": "/metrics", "status_code": 200, "duration_ms": 1005.4, "payload": null, "service": "telemetry-podman", "request_id": "7a060913-67c9-40a2-9044-5f51f9df35fa"}
{"timestamp": "2026-04-14T13:21:14.853436Z", "level": "INFO", "name": "root", "message": "GET /metrics - 200", "method": "GET", "path": "/metrics", "status_code": 200, "duration_ms": 1005.66, "payload": null, "service": "telemetry-podman", "request_id": "10ab18e1-ca55-4c5b-b143-fcf68d8bd7e4"}
{"timestamp": "2026-04-14T13:21:15.863047Z", "level": "INFO", "name": "root", "message": "GET /metrics - 200", "method": "GET", "path": "/metrics", "status_code": 200, "duration_ms": 1004.01, "payload": null, "service": "telemetry-podman", "request_id": "96d8c859-09c6-4739-a195-4de680904fbf"}
{"timestamp": "2026-04-14T13:21:16.872801Z", "level": "INFO", "name": "root", "message": "GET /metrics - 200", "method": "GET", "path": "/metrics", "status_code": 200, "duration_ms": 1003.54, "payload": null, "service": "telemetry-podman", "request_id": "22bf0755-1fe0-4373-8e89-e8e1d6a8a1da"}
{"timestamp": "2026-04-14T13:21:17.880948Z", "level": "INFO", "name": "root", "message": "GET /metrics - 200", "method": "GET", "path": "/metrics", "status_code": 200, "duration_ms": 1001.86, "payload": null, "service": "telemetry-podman", "request_id": "5acd5b72-deea-40c3-8017-e7bf13f5a92f"}
{"timestamp": "2026-04-14T13:26:04.680373Z", "level": "INFO", "name": "root", "message": "GET /health - 200", "method": "GET", "path": "/health", "status_code": 200, "duration_ms": 0.84, "payload": null, "service": "telemetry-podman", "request_id": "b9c8a28d-b247-4dad-b45c-7b27d77034cc"}
{"timestamp": "2026-04-14T13:26:04.698343Z", "level": "INFO", "name": "root", "message": "GET /favicon.ico - 404", "method": "GET", "path": "/favicon.ico", "status_code": 404, "duration_ms": 0.69, "payload": null, "service": "telemetry-podman", "request_id": "2d5c92e6-2d6d-44ee-881b-aca041f53825"}
{"timestamp": "2026-04-14T13:27:43.695140Z", "level": "INFO", "name": "root", "message": "GET /metrics - 200", "method": "GET", "path": "/metrics", "status_code": 200, "duration_ms": 1002.55, "payload": null, "service": "telemetry-podman", "request_id": "1d7df255-106c-48a7-896c-044c9831ae20"}
{"timestamp": "2026-04-14T13:27:44.707235Z", "level": "INFO", "name": "root", "message": "GET /metrics - 200", "method": "GET", "path": "/metrics", "status_code": 200, "duration_ms": 1005.34, "payload": null, "service": "telemetry-podman", "request_id": "1199b40d-0102-4d69-ae7b-75eaecf417e5"}
{"timestamp": "2026-04-14T13:27:45.711950Z", "level": "INFO", "name": "root", "message": "GET /metrics - 200", "method": "GET", "path": "/metrics", "status_code": 200, "duration_ms": 1002.13, "payload": null, "service": "telemetry-podman", "request_id": "931250b9-1291-4c0e-8a43-71aec935434e"}
{"timestamp": "2026-04-14T13:27:46.719584Z", "level": "INFO", "name": "root", "message": "GET /metrics - 200", "method": "GET", "path": "/metrics", "status_code": 200, "duration_ms": 1005.49, "payload": null, "service": "telemetry-podman", "request_id": "38ec7f19-b2d9-41f9-b8da-7676642020a1"}
{"timestamp": "2026-04-14T13:27:47.723227Z", "level": "INFO", "name": "root", "message": "GET /metrics - 200", "method": "GET", "path": "/metrics", "status_code": 200, "duration_ms": 1001.48, "payload": null, "service": "telemetry-podman", "request_id": "6bca65f9-4ef6-43b0-9dcc-2888cf205988"}
{"timestamp": "2026-04-14T13:27:48.729287Z", "level": "INFO", "name": "root", "message": "GET /metrics - 200", "method": "GET", "path": "/metrics", "status_code": 200, "duration_ms": 1003.91, "payload": null, "service": "telemetry-podman", "request_id": "3705f288-60cc-4bd7-a8b9-9c48c0129c63"}
{"timestamp": "2026-04-14T13:27:49.733781Z", "level": "INFO", "name": "root", "message": "GET /metrics - 200", "method": "GET", "path": "/metrics", "status_code": 200, "duration_ms": 1002.33, "payload": null, "service": "telemetry-podman", "request_id": "b8228f17-ba63-4241-b803-e44624dfe954"}
{"timestamp": "2026-04-14T13:27:50.741500Z", "level": "INFO", "name": "root", "message": "GET /metrics - 200", "method": "GET", "path": "/metrics", "status_code": 200, "duration_ms": 1005.61, "payload": null, "service": "telemetry-podman", "request_id": "71f2100b-8abc-48c4-b210-33848236c8ce"}
{"timestamp": "2026-04-14T13:27:51.746123Z", "level": "INFO", "name": "root", "message": "GET /metrics - 200", "method": "GET", "path": "/metrics", "status_code": 200, "duration_ms": 1002.54, "payload": null, "service": "telemetry-podman", "request_id": "11a5a358-1ca9-41a1-ae35-52e73dcd9720"}
{"timestamp": "2026-04-14T13:30:38.503788Z", "level": "INFO", "name": "root", "message": "GET /health - 200", "method": "GET", "path": "/health", "status_code": 200, "duration_ms": 0.65, "payload": null, "service": "telemetry-podman", "request_id": "f0f4934e-2398-40ed-b623-b4d9da89075d"}
{"timestamp": "2026-04-14T13:32:43.695236Z", "level": "INFO", "name": "root", "message": "GET /metrics - 200", "method": "GET", "path": "/metrics", "status_code": 200, "duration_ms": 1002.96, "payload": null, "service": "telemetry-podman", "request_id": "b937fcc6-bb7e-4727-aabf-72a6638d8973"}
{"timestamp": "2026-04-14T13:32:44.702844Z", "level": "INFO", "name": "root", "message": "GET /metrics - 200", "method": "GET", "path": "/metrics", "status_code": 200, "duration_ms": 1001.52, "payload": null, "service": "telemetry-podman", "request_id": "62cda491-37e5-4891-bdb2-a6fea6d2b841"}
{"timestamp": "2026-04-14T13:32:45.712288Z", "level": "INFO", "name": "root", "message": "GET /metrics - 200", "method": "GET", "path": "/metrics", "status_code": 200, "duration_ms": 1004.68, "payload": null, "service": "telemetry-podman", "request_id": "6e5154cf-db65-4281-a9d6-3e7fbc770873"}
{"timestamp": "2026-04-14T13:32:46.718537Z", "level": "INFO", "name": "root", "message": "GET /metrics - 200", "method": "GET", "path": "/metrics", "status_code": 200, "duration_ms": 1003.36, "payload": null, "service": "telemetry-podman", "request_id": "4e21dda6-287b-46ad-8ebc-f72d31b8ab2c"}
{"timestamp": "2026-04-14T13:32:47.729323Z", "level": "INFO", "name": "root", "message": "GET /metrics - 200", "method": "GET", "path": "/metrics", "status_code": 200, "duration_ms": 1005.95, "payload": null, "service": "telemetry-podman", "request_id": "45cdd5cd-e8fe-4726-9739-9d26bea0cb98"}
{"timestamp": "2026-04-14T13:32:48.738650Z", "level": "INFO", "name": "root", "message": "GET /metrics - 200", "method": "GET", "path": "/metrics", "status_code": 200, "duration_ms": 1005.38, "payload": null, "service": "telemetry-podman", "request_id": "b75cd202-c1f3-451d-b318-ae0f6dec2046"}
{"timestamp": "2026-04-14T13:32:49.744712Z", "level": "INFO", "name": "root", "message": "GET /metrics - 200", "method": "GET", "path": "/metrics", "status_code": 200, "duration_ms": 1002.23, "payload": null, "service": "telemetry-podman", "request_id": "da60e6ef-679e-4468-ae43-6b16c9f3e01d"}
{"timestamp": "2026-04-14T13:32:50.751423Z", "level": "INFO", "name": "root", "message": "GET /metrics - 200", "method": "GET", "path": "/metrics", "status_code": 200, "duration_ms": 1002.42, "payload": null, "service": "telemetry-podman", "request_id": "32af1dd6-cdac-4319-b9e9-5652109d413b"}
{"timestamp": "2026-04-14T13:32:51.757031Z", "level": "INFO", "name": "root", "message": "GET /metrics - 200", "method": "GET", "path": "/metrics", "status_code": 200, "duration_ms": 1001.07, "payload": null, "service": "telemetry-podman", "request_id": "d0717666-d196-4f9f-bb50-4bc438bb95e6"}
{"timestamp": "2026-04-14T13:37:43.699284Z", "level": "INFO", "name": "root", "message": "GET /metrics - 200", "method": "GET", "path": "/metrics", "status_code": 200, "duration_ms": 1004.48, "payload": null, "service": "telemetry-podman", "request_id": "74e941b1-4097-42a0-954e-7c23ae3c0f9e"}
{"timestamp": "2026-04-14T13:37:44.714461Z", "level": "INFO", "name": "root", "message": "GET /metrics - 200", "method": "GET", "path": "/metrics", "status_code": 200, "duration_ms": 1005.74, "payload": null, "service": "telemetry-podman", "request_id": "7d09a308-2101-4215-9855-9d46987700f2"}
{"timestamp": "2026-04-14T13:37:45.724169Z", "level": "INFO", "name": "root", "message": "GET /metrics - 200", "method": "GET", "path": "/metrics", "status_code": 200, "duration_ms": 1006.1, "payload": null, "service": "telemetry-podman", "request_id": "f603e09d-900f-4db6-ab7f-a5077bfc36e8"}
{"timestamp": "2026-04-14T13:37:46.736833Z", "level": "INFO", "name": "root", "message": "GET /metrics - 200", "method": "GET", "path": "/metrics", "status_code": 200, "duration_ms": 1005.88, "payload": null, "service": "telemetry-podman", "request_id": "d7d62602-596a-4c8e-a096-9f8b9acd42c7"}
{"timestamp": "2026-04-14T13:37:47.744848Z", "level": "INFO", "name": "root", "message": "GET /metrics - 200", "method": "GET", "path": "/metrics", "status_code": 200, "duration_ms": 1002.3, "payload": null, "service": "telemetry-podman", "request_id": "76928892-0adf-489e-9885-52ebdb7ea451"}
{"timestamp": "2026-04-14T13:37:48.755930Z", "level": "INFO", "name": "root", "message": "GET /metrics - 200", "method": "GET", "path": "/metrics", "status_code": 200, "duration_ms": 1005.7, "payload": null, "service": "telemetry-podman", "request_id": "049548df-c5a2-49ff-95c0-b27b53291530"}
{"timestamp": "2026-04-14T13:37:49.765000Z", "level": "INFO", "name": "root", "message": "GET /metrics - 200", "method": "GET", "path": "/metrics", "status_code": 200, "duration_ms": 1006.11, "payload": null, "service": "telemetry-podman", "request_id": "3b83787a-47af-4579-887b-d1ab784d32ce"}
{"timestamp": "2026-04-14T13:37:50.777499Z", "level": "INFO", "name": "root", "message": "GET /metrics - 200", "method": "GET", "path": "/metrics", "status_code": 200, "duration_ms": 1005.72, "payload": null, "service": "telemetry-podman", "request_id": "28f6ee0c-3a3f-4752-91e9-c046b905fdfb"}
{"timestamp": "2026-04-14T13:37:51.788278Z", "level": "INFO", "name": "root", "message": "GET /metrics - 200", "method": "GET", "path": "/metrics", "status_code": 200, "duration_ms": 1006.14, "payload": null, "service": "telemetry-podman", "request_id": "46624d86-dcf4-4fc0-ab2f-5c8a516ac658"}
{"timestamp": "2026-04-14T13:42:43.691305Z", "level": "INFO", "name": "root", "message": "GET /metrics - 200", "method": "GET", "path": "/metrics", "status_code": 200, "duration_ms": 1005.4, "payload": null, "service": "telemetry-podman", "request_id": "e06f5d2b-424f-4293-a12d-168c97cc9f07"}
{"timestamp": "2026-04-14T13:42:44.696410Z", "level": "INFO", "name": "root", "message": "GET /metrics - 200", "method": "GET", "path": "/metrics", "status_code": 200, "duration_ms": 1002.52, "payload": null, "service": "telemetry-podman", "request_id": "a52bca9e-a2f4-4dd3-a287-7117720086c6"}
{"timestamp": "2026-04-14T13:42:45.703771Z", "level": "INFO", "name": "root", "message": "GET /metrics - 200", "method": "GET", "path": "/metrics", "status_code": 200, "duration_ms": 1005.38, "payload": null, "service": "telemetry-podman", "request_id": "6483a13a-8e67-4419-8368-873d9baf955e"}
{"timestamp": "2026-04-14T13:42:46.707413Z", "level": "INFO", "name": "root", "message": "GET /metrics - 200", "method": "GET", "path": "/metrics", "status_code": 200, "duration_ms": 1001.74, "payload": null, "service": "telemetry-podman", "request_id": "e140e17d-acb4-4f58-a456-83b559615aed"}
{"timestamp": "2026-04-14T13:42:47.714738Z", "level": "INFO", "name": "root", "message": "GET /metrics - 200", "method": "GET", "path": "/metrics", "status_code": 200, "duration_ms": 1005.37, "payload": null, "service": "telemetry-podman", "request_id": "34f6ae12-81b6-4c39-9df4-2aa7326ceb8b"}
{"timestamp": "2026-04-14T13:42:48.717100Z", "level": "INFO", "name": "root", "message": "GET /metrics - 200", "method": "GET", "path": "/metrics", "status_code": 200, "duration_ms": 1000.38, "payload": null, "service": "telemetry-podman", "request_id": "01292069-5250-4dd8-a4a2-d8d0def3f8a8"}
{"timestamp": "2026-04-14T13:42:49.721826Z", "level": "INFO", "name": "root", "message": "GET /metrics - 200", "method": "GET", "path": "/metrics", "status_code": 200, "duration_ms": 1002.83, "payload": null, "service": "telemetry-podman", "request_id": "dfb32938-76f0-4259-b2cb-868152a19a30"}
{"timestamp": "2026-04-14T13:42:50.728918Z", "level": "INFO", "name": "root", "message": "GET /metrics - 200", "method": "GET", "path": "/metrics", "status_code": 200, "duration_ms": 1003.04, "payload": null, "service": "telemetry-podman", "request_id": "b0195a4d-8120-4c12-9692-e273b579ca3f"}
{"timestamp": "2026-04-14T13:42:51.732791Z", "level": "INFO", "name": "root", "message": "GET /metrics - 200", "method": "GET", "path": "/metrics", "status_code": 200, "duration_ms": 1001.88, "payload": null, "service": "telemetry-podman", "request_id": "cd4f1966-8d78-49e6-bcd4-bbd12d30d0c0"}
{"timestamp": "2026-04-14T13:47:43.695729Z", "level": "INFO", "name": "root", "message": "GET /metrics - 200", "method": "GET", "path": "/metrics", "status_code": 200, "duration_ms": 1003.35, "payload": null, "service": "telemetry-podman", "request_id": "1cf14a6c-b864-40ce-b24b-9f3f4cbee809"}
{"timestamp": "2026-04-14T13:47:44.705208Z", "level": "INFO", "name": "root", "message": "GET /metrics - 200", "method": "GET", "path": "/metrics", "status_code": 200, "duration_ms": 1004.4, "payload": null, "service": "telemetry-podman", "request_id": "4b59ca3c-7a9b-4df8-a999-1ab8c34c19fc"}
{"timestamp": "2026-04-14T13:47:45.714593Z", "level": "INFO", "name": "root", "message": "GET /metrics - 200", "method": "GET", "path": "/metrics", "status_code": 200, "duration_ms": 1005.42, "payload": null, "service": "telemetry-podman", "request_id": "ac2d29c1-be2e-47ee-96ef-3c66c66581f6"}
{"timestamp": "2026-04-14T13:47:46.721583Z", "level": "INFO", "name": "root", "message": "GET /metrics - 200", "method": "GET", "path": "/metrics", "status_code": 200, "duration_ms": 1001.56, "payload": null, "service": "telemetry-podman", "request_id": "22e0ab05-b64f-4b56-929e-7b86af581f3a"}
{"timestamp": "2026-04-14T13:47:47.729297Z", "level": "INFO", "name": "root", "message": "GET /metrics - 200", "method": "GET", "path": "/metrics", "status_code": 200, "duration_ms": 1003.06, "payload": null, "service": "telemetry-podman", "request_id": "37914898-0bd6-45d0-9811-5bf31f808a4c"}
{"timestamp": "2026-04-14T13:47:48.738395Z", "level": "INFO", "name": "root", "message": "GET /metrics - 200", "method": "GET", "path": "/metrics", "status_code": 200, "duration_ms": 1004.58, "payload": null, "service": "telemetry-podman", "request_id": "4fe1cfdf-c733-4413-adb2-db17175618c5"}
{"timestamp": "2026-04-14T13:47:49.746031Z", "level": "INFO", "name": "root", "message": "GET /metrics - 200", "method": "GET", "path": "/metrics", "status_code": 200, "duration_ms": 1003.43, "payload": null, "service": "telemetry-podman", "request_id": "c284ee45-d9d3-4af3-b390-c69d8794ad1d"}
{"timestamp": "2026-04-14T13:47:50.753564Z", "level": "INFO", "name": "root", "message": "GET /metrics - 200", "method": "GET", "path": "/metrics", "status_code": 200, "duration_ms": 1002.65, "payload": null, "service": "telemetry-podman", "request_id": "619170d6-0ec4-4cd9-87a2-98f30cbe8f1f"}
{"timestamp": "2026-04-14T13:47:51.764584Z", "level": "INFO", "name": "root", "message": "GET /metrics - 200", "method": "GET", "path": "/metrics", "status_code": 200, "duration_ms": 1005.86, "payload": null, "service": "telemetry-podman", "request_id": "e083951b-5795-4f03-a9b3-e51b1fc4b65d"}
{"timestamp": "2026-04-14T13:52:43.692563Z", "level": "INFO", "name": "root", "message": "GET /metrics - 200", "method": "GET", "path": "/metrics", "status_code": 200, "duration_ms": 1005.85, "payload": null, "service": "telemetry-podman", "request_id": "6b17487a-ae92-4e96-bf72-f2e1cec20b6f"}
{"timestamp": "2026-04-14T13:52:44.704731Z", "level": "INFO", "name": "root", "message": "GET /metrics - 200", "method": "GET", "path": "/metrics", "status_code": 200, "duration_ms": 1003.93, "payload": null, "service": "telemetry-podman", "request_id": "03a7f356-5806-40d4-80fe-9ba3e088560e"}
{"timestamp": "2026-04-14T13:52:45.715386Z", "level": "INFO", "name": "root", "message": "GET /metrics - 200", "method": "GET", "path": "/metrics", "status_code": 200, "duration_ms": 1006.08, "payload": null, "service": "telemetry-podman", "request_id": "f4823ca4-5e24-4404-82c0-911a5a12fbc6"}
{"timestamp": "2026-04-14T13:52:46.725904Z", "level": "INFO", "name": "root", "message": "GET /metrics - 200", "method": "GET", "path": "/metrics", "status_code": 200, "duration_ms": 1005.11, "payload": null, "service": "telemetry-podman", "request_id": "33fffebb-026c-44f1-a120-6554d8acf8b4"}
{"timestamp": "2026-04-14T13:52:47.738097Z", "level": "INFO", "name": "root", "message": "GET /metrics - 200", "method": "GET", "path": "/metrics", "status_code": 200, "duration_ms": 1006.46, "payload": null, "service": "telemetry-podman", "request_id": "928d9f1a-6e8b-49e0-a846-062e6be7e23f"}
{"timestamp": "2026-04-14T13:52:48.749205Z", "level": "INFO", "name": "root", "message": "GET /metrics - 200", "method": "GET", "path": "/metrics", "status_code": 200, "duration_ms": 1004.55, "payload": null, "service": "telemetry-podman", "request_id": "2281c10c-1c34-4d4e-bcb7-64e34e2a3874"}
{"timestamp": "2026-04-14T13:52:49.760433Z", "level": "INFO", "name": "root", "message": "GET /metrics - 200", "method": "GET", "path": "/metrics", "status_code": 200, "duration_ms": 1005.88, "payload": null, "service": "telemetry-podman", "request_id": "12ced565-24ee-40ba-a967-e96681b90107"}
{"timestamp": "2026-04-14T13:52:50.771133Z", "level": "INFO", "name": "root", "message": "GET /metrics - 200", "method": "GET", "path": "/metrics", "status_code": 200, "duration_ms": 1005.66, "payload": null, "service": "telemetry-podman", "request_id": "e69c833f-f6d4-42af-911c-360acff46e4e"}
{"timestamp": "2026-04-14T13:52:51.781454Z", "level": "INFO", "name": "root", "message": "GET /metrics - 200", "method": "GET", "path": "/metrics", "status_code": 200, "duration_ms": 1005.52, "payload": null, "service": "telemetry-podman", "request_id": "9fe56e10-9cbf-4432-ba3d-8a90123d5562"}
{"timestamp": "2026-04-14T13:57:43.688718Z", "level": "INFO", "name": "root", "message": "GET /metrics - 200", "method": "GET", "path": "/metrics", "status_code": 200, "duration_ms": 1002.1, "payload": null, "service": "telemetry-podman", "request_id": "7883385f-4d70-4e1f-88b3-e1994e13b43f"}
{"timestamp": "2026-04-14T13:57:44.695244Z", "level": "INFO", "name": "root", "message": "GET /metrics - 200", "method": "GET", "path": "/metrics", "status_code": 200, "duration_ms": 1002.07, "payload": null, "service": "telemetry-podman", "request_id": "7faa07d1-15a9-46a6-8939-ed2a8cc2772b"}
{"timestamp": "2026-04-14T13:57:45.703840Z", "level": "INFO", "name": "root", "message": "GET /metrics - 200", "method": "GET", "path": "/metrics", "status_code": 200, "duration_ms": 1005.83, "payload": null, "service": "telemetry-podman", "request_id": "f5723e65-54f9-4107-9660-30acbb3ba9d4"}
{"timestamp": "2026-04-14T13:57:46.713158Z", "level": "INFO", "name": "root", "message": "GET /metrics - 200", "method": "GET", "path": "/metrics", "status_code": 200, "duration_ms": 1004.63, "payload": null, "service": "telemetry-podman", "request_id": "603c4694-94ce-49ec-afb9-ace1e3daca18"}
{"timestamp": "2026-04-14T13:57:47.720024Z", "level": "INFO", "name": "root", "message": "GET /metrics - 200", "method": "GET", "path": "/metrics", "status_code": 200, "duration_ms": 1004.44, "payload": null, "service": "telemetry-podman", "request_id": "59b1da5f-8865-471b-bf9b-8c4d6d75e2bd"}
{"timestamp": "2026-04-14T13:57:48.728672Z", "level": "INFO", "name": "root", "message": "GET /metrics - 200", "method": "GET", "path": "/metrics", "status_code": 200, "duration_ms": 1004.77, "payload": null, "service": "telemetry-podman", "request_id": "280fc922-3958-4352-b784-1b1e3a4b5e70"}
{"timestamp": "2026-04-14T13:57:49.735900Z", "level": "INFO", "name": "root", "message": "GET /metrics - 200", "method": "GET", "path": "/metrics", "status_code": 200, "duration_ms": 1003.23, "payload": null, "service": "telemetry-podman", "request_id": "79790227-fc29-4721-aa0b-943449ad775f"}
{"timestamp": "2026-04-14T13:57:50.741876Z", "level": "INFO", "name": "root", "message": "GET /metrics - 200", "method": "GET", "path": "/metrics", "status_code": 200, "duration_ms": 1002.09, "payload": null, "service": "telemetry-podman", "request_id": "e12de6df-8393-4002-8ddb-e5bdc4421187"}
{"timestamp": "2026-04-14T13:57:51.751402Z", "level": "INFO", "name": "root", "message": "GET /metrics - 200", "method": "GET", "path": "/metrics", "status_code": 200, "duration_ms": 1005.95, "payload": null, "service": "telemetry-podman", "request_id": "82945866-33d4-4ec5-b57e-a07ae4d8779b"}
{"timestamp": "2026-04-14T14:02:43.688493Z", "level": "INFO", "name": "root", "message": "GET /metrics - 200", "method": "GET", "path": "/metrics", "status_code": 200, "duration_ms": 1005.41, "payload": null, "service": "telemetry-podman", "request_id": "6cbb11d0-23f3-4bd9-886a-7db4048bab1b"}
{"timestamp": "2026-04-14T14:02:44.695927Z", "level": "INFO", "name": "root", "message": "GET /metrics - 200", "method": "GET", "path": "/metrics", "status_code": 200, "duration_ms": 1000.45, "payload": null, "service": "telemetry-podman", "request_id": "58a4cd5e-321a-4859-a383-d2b90b626a00"}
{"timestamp": "2026-04-14T14:02:45.703373Z", "level": "INFO", "name": "root", "message": "GET /metrics - 200", "method": "GET", "path": "/metrics", "status_code": 200, "duration_ms": 1005.33, "payload": null, "service": "telemetry-podman", "request_id": "2de4fbf4-4e1a-4a2d-a7cb-d1e79bd3c245"}
{"timestamp": "2026-04-14T14:02:46.708929Z", "level": "INFO", "name": "root", "message": "GET /metrics - 200", "method": "GET", "path": "/metrics", "status_code": 200, "duration_ms": 1003.48, "payload": null, "service": "telemetry-podman", "request_id": "cd93347a-656c-4e9a-8229-1f6668c13053"}
{"timestamp": "2026-04-14T14:02:47.716062Z", "level": "INFO", "name": "root", "message": "GET /metrics - 200", "method": "GET", "path": "/metrics", "status_code": 200, "duration_ms": 1005.15, "payload": null, "service": "telemetry-podman", "request_id": "8a7fc6d7-e231-4bc1-b9b6-99ba5b49fdfb"}
{"timestamp": "2026-04-14T14:02:48.722725Z", "level": "INFO", "name": "root", "message": "GET /metrics - 200", "method": "GET", "path": "/metrics", "status_code": 200, "duration_ms": 1004.64, "payload": null, "service": "telemetry-podman", "request_id": "5d411799-7b64-4c73-8d5c-dae17cbe6b66"}
{"timestamp": "2026-04-14T14:02:49.728227Z", "level": "INFO", "name": "root", "message": "GET /metrics - 200", "method": "GET", "path": "/metrics", "status_code": 200, "duration_ms": 1003.42, "payload": null, "service": "telemetry-podman", "request_id": "7ad9666b-8c12-4c73-a099-61a1256430ef"}
{"timestamp": "2026-04-14T14:02:50.734393Z", "level": "INFO", "name": "root", "message": "GET /metrics - 200", "method": "GET", "path": "/metrics", "status_code": 200, "duration_ms": 1004.01, "payload": null, "service": "telemetry-podman", "request_id": "6df818eb-ad57-4733-a037-2cd3900ac1c6"}
{"timestamp": "2026-04-14T14:02:51.739101Z", "level": "INFO", "name": "root", "message": "GET /metrics - 200", "method": "GET", "path": "/metrics", "status_code": 200, "duration_ms": 1002.08, "payload": null, "service": "telemetry-podman", "request_id": "a54534cf-3c7a-4c59-b24e-efce5ac6cb2b"}
{"timestamp": "2026-04-14T14:07:43.689867Z", "level": "INFO", "name": "root", "message": "GET /metrics - 200", "method": "GET", "path": "/metrics", "status_code": 200, "duration_ms": 1004.71, "payload": null, "service": "telemetry-podman", "request_id": "b02071f9-3633-4955-9436-1b30f04f420f"}
{"timestamp": "2026-04-14T14:07:44.700703Z", "level": "INFO", "name": "root", "message": "GET /metrics - 200", "method": "GET", "path": "/metrics", "status_code": 200, "duration_ms": 1002.62, "payload": null, "service": "telemetry-podman", "request_id": "9d9a6ea0-ed55-44e7-8a74-921aba78a1ab"}
{"timestamp": "2026-04-14T14:07:45.707164Z", "level": "INFO", "name": "root", "message": "GET /metrics - 200", "method": "GET", "path": "/metrics", "status_code": 200, "duration_ms": 1002.09, "payload": null, "service": "telemetry-podman", "request_id": "c022eabe-fd3a-4edc-8d31-616ca083f8f6"}
{"timestamp": "2026-04-14T14:07:46.716100Z", "level": "INFO", "name": "root", "message": "GET /metrics - 200", "method": "GET", "path": "/metrics", "status_code": 200, "duration_ms": 1004.6, "payload": null, "service": "telemetry-podman", "request_id": "445e7fa4-2734-412b-9030-4343edeef61c"}
{"timestamp": "2026-04-14T14:07:47.722058Z", "level": "INFO", "name": "root", "message": "GET /metrics - 200", "method": "GET", "path": "/metrics", "status_code": 200, "duration_ms": 1001.78, "payload": null, "service": "telemetry-podman", "request_id": "eedc08b0-0d52-4580-9abb-3d02e7cb12a6"}
{"timestamp": "2026-04-14T14:07:48.727466Z", "level": "INFO", "name": "root", "message": "GET /metrics - 200", "method": "GET", "path": "/metrics", "status_code": 200, "duration_ms": 1000.97, "payload": null, "service": "telemetry-podman", "request_id": "49aaf03e-571a-4b47-a0f0-cea7c90a355a"}
{"timestamp": "2026-04-14T14:07:49.736925Z", "level": "INFO", "name": "root", "message": "GET /metrics - 200", "method": "GET", "path": "/metrics", "status_code": 200, "duration_ms": 1005.15, "payload": null, "service": "telemetry-podman", "request_id": "6b23a734-acf2-4589-b782-656be7391924"}
{"timestamp": "2026-04-14T14:07:50.744274Z", "level": "INFO", "name": "root", "message": "GET /metrics - 200", "method": "GET", "path": "/metrics", "status_code": 200, "duration_ms": 1002.32, "payload": null, "service": "telemetry-podman", "request_id": "56ada86d-48c4-4d68-822e-8a1d60ff8450"}
{"timestamp": "2026-04-14T14:07:51.750767Z", "level": "INFO", "name": "root", "message": "GET /metrics - 200", "method": "GET", "path": "/metrics", "status_code": 200, "duration_ms": 1002.01, "payload": null, "service": "telemetry-podman", "request_id": "06a56967-7562-4295-846a-dc4806b22ba9"}
{"timestamp": "2026-04-14T14:12:43.688750Z", "level": "INFO", "name": "root", "message": "GET /metrics - 200", "method": "GET", "path": "/metrics", "status_code": 200, "duration_ms": 1003.78, "payload": null, "service": "telemetry-podman", "request_id": "51370933-024c-4f0c-9aa0-5ac72c9a5044"}
{"timestamp": "2026-04-14T14:12:44.696172Z", "level": "INFO", "name": "root", "message": "GET /metrics - 200", "method": "GET", "path": "/metrics", "status_code": 200, "duration_ms": 1002.24, "payload": null, "service": "telemetry-podman", "request_id": "b7b60116-1240-41da-a2bd-e6024439de5b"}
{"timestamp": "2026-04-14T14:12:45.701906Z", "level": "INFO", "name": "root", "message": "GET /metrics - 200", "method": "GET", "path": "/metrics", "status_code": 200, "duration_ms": 1002.01, "payload": null, "service": "telemetry-podman", "request_id": "3708f897-6776-469b-aa5a-94a4335c6aed"}
{"timestamp": "2026-04-14T14:12:46.707979Z", "level": "INFO", "name": "root", "message": "GET /metrics - 200", "method": "GET", "path": "/metrics", "status_code": 200, "duration_ms": 1001.78, "payload": null, "service": "telemetry-podman", "request_id": "0618b3d8-dc96-4125-ad79-f67176603f53"}
{"timestamp": "2026-04-14T14:12:47.716218Z", "level": "INFO", "name": "root", "message": "GET /metrics - 200", "method": "GET", "path": "/metrics", "status_code": 200, "duration_ms": 1004.71, "payload": null, "service": "telemetry-podman", "request_id": "669829cb-f6dd-4ec0-9114-8fb65749dfe4"}
{"timestamp": "2026-04-14T14:12:48.723413Z", "level": "INFO", "name": "root", "message": "GET /metrics - 200", "method": "GET", "path": "/metrics", "status_code": 200, "duration_ms": 1003.47, "payload": null, "service": "telemetry-podman", "request_id": "4b8541ff-de44-44e9-b18c-5026381ee5d7"}
{"timestamp": "2026-04-14T14:12:49.729883Z", "level": "INFO", "name": "root", "message": "GET /metrics - 200", "method": "GET", "path": "/metrics", "status_code": 200, "duration_ms": 1002.44, "payload": null, "service": "telemetry-podman", "request_id": "1ed99b33-718d-4365-ab25-fd9f77ab1ac6"}
{"timestamp": "2026-04-14T14:12:50.735547Z", "level": "INFO", "name": "root", "message": "GET /metrics - 200", "method": "GET", "path": "/metrics", "status_code": 200, "duration_ms": 1000.98, "payload": null, "service": "telemetry-podman", "request_id": "2641cd2f-a04d-4347-b6c9-f1e6be60e4bf"}
{"timestamp": "2026-04-14T14:12:51.741013Z", "level": "INFO", "name": "root", "message": "GET /metrics - 200", "method": "GET", "path": "/metrics", "status_code": 200, "duration_ms": 1001.24, "payload": null, "service": "telemetry-podman", "request_id": "355fd7f8-35dc-4372-a70d-abf66cd9ca40"}
{"timestamp": "2026-04-14T14:17:43.703739Z", "level": "INFO", "name": "root", "message": "GET /metrics - 200", "method": "GET", "path": "/metrics", "status_code": 200, "duration_ms": 1006.2, "payload": null, "service": "telemetry-podman", "request_id": "33ef6c88-a36b-4189-bd56-47af2063059e"}
{"timestamp": "2026-04-14T14:17:44.715255Z", "level": "INFO", "name": "root", "message": "GET /metrics - 200", "method": "GET", "path": "/metrics", "status_code": 200, "duration_ms": 1002.13, "payload": null, "service": "telemetry-podman", "request_id": "3ee472a0-c05f-4984-a6f8-90f96c053647"}
{"timestamp": "2026-04-14T14:17:45.724675Z", "level": "INFO", "name": "root", "message": "GET /metrics - 200", "method": "GET", "path": "/metrics", "status_code": 200, "duration_ms": 1003.84, "payload": null, "service": "telemetry-podman", "request_id": "f9254ecd-b763-4d9b-8018-786e8280fbe2"}
{"timestamp": "2026-04-14T14:17:46.730130Z", "level": "INFO", "name": "root", "message": "GET /metrics - 200", "method": "GET", "path": "/metrics", "status_code": 200, "duration_ms": 1001.18, "payload": null, "service": "telemetry-podman", "request_id": "a01f62df-4a0a-46dd-9df8-82f845f8ccac"}
{"timestamp": "2026-04-14T14:17:47.738475Z", "level": "INFO", "name": "root", "message": "GET /metrics - 200", "method": "GET", "path": "/metrics", "status_code": 200, "duration_ms": 1002.24, "payload": null, "service": "telemetry-podman", "request_id": "8f178e3e-c511-4d38-aa2b-ddb26fa27ea9"}
{"timestamp": "2026-04-14T14:17:48.748658Z", "level": "INFO", "name": "root", "message": "GET /metrics - 200", "method": "GET", "path": "/metrics", "status_code": 200, "duration_ms": 1005.75, "payload": null, "service": "telemetry-podman", "request_id": "4ae04fdc-6c41-4b39-a8b9-72ae004e7731"}
{"timestamp": "2026-04-14T14:17:49.757436Z", "level": "INFO", "name": "root", "message": "GET /metrics - 200", "method": "GET", "path": "/metrics", "status_code": 200, "duration_ms": 1005.72, "payload": null, "service": "telemetry-podman", "request_id": "083f7604-c1c2-40eb-9534-b41eb235753a"}
{"timestamp": "2026-04-14T14:17:50.767459Z", "level": "INFO", "name": "root", "message": "GET /metrics - 200", "method": "GET", "path": "/metrics", "status_code": 200, "duration_ms": 1005.44, "payload": null, "service": "telemetry-podman", "request_id": "b83bc4c8-3900-425f-b3da-dc40c9a307a8"}
{"timestamp": "2026-04-14T14:17:51.773446Z", "level": "INFO", "name": "root", "message": "GET /metrics - 200", "method": "GET", "path": "/metrics", "status_code": 200, "duration_ms": 1002.28, "payload": null, "service": "telemetry-podman", "request_id": "856043d3-099d-4349-afc8-7fd065bd3922"}
{"timestamp": "2026-04-14T14:22:43.688074Z", "level": "INFO", "name": "root", "message": "GET /metrics - 200", "method": "GET", "path": "/metrics", "status_code": 200, "duration_ms": 1004.72, "payload": null, "service": "telemetry-podman", "request_id": "a2fc3007-5c94-422e-8f1e-8edbc2072c28"}
{"timestamp": "2026-04-14T14:22:44.700386Z", "level": "INFO", "name": "root", "message": "GET /metrics - 200", "method": "GET", "path": "/metrics", "status_code": 200, "duration_ms": 1008.03, "payload": null, "service": "telemetry-podman", "request_id": "6ccd6e4f-4c8f-4b74-a17e-6da018444bc7"}
{"timestamp": "2026-04-14T14:22:45.710641Z", "level": "INFO", "name": "root", "message": "GET /metrics - 200", "method": "GET", "path": "/metrics", "status_code": 200, "duration_ms": 1006.47, "payload": null, "service": "telemetry-podman", "request_id": "7143e2f3-7572-4a23-99b3-5fbb39d5039c"}
{"timestamp": "2026-04-14T14:22:46.726510Z", "level": "INFO", "name": "root", "message": "GET /metrics - 200", "method": "GET", "path": "/metrics", "status_code": 200, "duration_ms": 1001.82, "payload": null, "service": "telemetry-podman", "request_id": "ea3fab7a-c273-4e68-a095-adc29a564435"}
{"timestamp": "2026-04-14T14:22:47.733258Z", "level": "INFO", "name": "root", "message": "GET /metrics - 200", "method": "GET", "path": "/metrics", "status_code": 200, "duration_ms": 1003.3, "payload": null, "service": "telemetry-podman", "request_id": "47ec81ec-730d-484e-96b8-b2b726f391b4"}
{"timestamp": "2026-04-14T14:22:48.741794Z", "level": "INFO", "name": "root", "message": "GET /metrics - 200", "method": "GET", "path": "/metrics", "status_code": 200, "duration_ms": 1005.88, "payload": null, "service": "telemetry-podman", "request_id": "5c5f9ced-e871-47da-91ec-63f3d715c557"}
{"timestamp": "2026-04-14T14:22:49.751296Z", "level": "INFO", "name": "root", "message": "GET /metrics - 200", "method": "GET", "path": "/metrics", "status_code": 200, "duration_ms": 1004.98, "payload": null, "service": "telemetry-podman", "request_id": "572bc847-7b75-4949-83cb-cf963b88fbab"}
{"timestamp": "2026-04-14T14:22:50.760282Z", "level": "INFO", "name": "root", "message": "GET /metrics - 200", "method": "GET", "path": "/metrics", "status_code": 200, "duration_ms": 1003.1, "payload": null, "service": "telemetry-podman", "request_id": "b9966e80-e589-43d0-ad5b-49ccf9708b16"}
{"timestamp": "2026-04-14T14:22:51.773965Z", "level": "INFO", "name": "root", "message": "GET /metrics - 200", "method": "GET", "path": "/metrics", "status_code": 200, "duration_ms": 1006.79, "payload": null, "service": "telemetry-podman", "request_id": "1e38dcd6-fb9b-4cf2-beb0-8f5741215f1c"}
{"timestamp": "2026-04-14T14:27:43.688089Z", "level": "INFO", "name": "root", "message": "GET /metrics - 200", "method": "GET", "path": "/metrics", "status_code": 200, "duration_ms": 1002.96, "payload": null, "service": "telemetry-podman", "request_id": "9885bcfe-4ac3-4e9a-a613-93414839682c"}
{"timestamp": "2026-04-14T14:27:44.697861Z", "level": "INFO", "name": "root", "message": "GET /metrics - 200", "method": "GET", "path": "/metrics", "status_code": 200, "duration_ms": 1002.21, "payload": null, "service": "telemetry-podman", "request_id": "dc368b4b-e904-46d0-96ec-972727962f6a"}
{"timestamp": "2026-04-14T14:27:45.708086Z", "level": "INFO", "name": "root", "message": "GET /metrics - 200", "method": "GET", "path": "/metrics", "status_code": 200, "duration_ms": 1004.7, "payload": null, "service": "telemetry-podman", "request_id": "7c4e9a72-4932-4078-a71b-e3b7febd7c76"}
{"timestamp": "2026-04-14T14:27:46.718774Z", "level": "INFO", "name": "root", "message": "GET /metrics - 200", "method": "GET", "path": "/metrics", "status_code": 200, "duration_ms": 1005.7, "payload": null, "service": "telemetry-podman", "request_id": "b96a7b13-227e-4e3d-afc0-5c1830a5298c"}
{"timestamp": "2026-04-14T14:27:47.728423Z", "level": "INFO", "name": "root", "message": "GET /metrics - 200", "method": "GET", "path": "/metrics", "status_code": 200, "duration_ms": 1004.03, "payload": null, "service": "telemetry-podman", "request_id": "a55b578f-05fd-4191-8f61-297d0eabffb1"}
{"timestamp": "2026-04-14T14:27:48.737895Z", "level": "INFO", "name": "root", "message": "GET /metrics - 200", "method": "GET", "path": "/metrics", "status_code": 200, "duration_ms": 1003.97, "payload": null, "service": "telemetry-podman", "request_id": "b4415dc2-5098-461e-9030-67ba1b38e09f"}
{"timestamp": "2026-04-14T14:27:49.747888Z", "level": "INFO", "name": "root", "message": "GET /metrics - 200", "method": "GET", "path": "/metrics", "status_code": 200, "duration_ms": 1003.05, "payload": null, "service": "telemetry-podman", "request_id": "366c70e4-1a0f-40d6-a1a7-938edfbb1766"}
{"timestamp": "2026-04-14T14:27:50.758274Z", "level": "INFO", "name": "root", "message": "GET /metrics - 200", "method": "GET", "path": "/metrics", "status_code": 200, "duration_ms": 1004.72, "payload": null, "service": "telemetry-podman", "request_id": "479cb640-42e6-499a-a449-630320f3b7ca"}
{"timestamp": "2026-04-14T14:27:51.769498Z", "level": "INFO", "name": "root", "message": "GET /metrics - 200", "method": "GET", "path": "/metrics", "status_code": 200, "duration_ms": 1005.72, "payload": null, "service": "telemetry-podman", "request_id": "0720af35-0a01-4368-8ec9-670b3365a4a5"}
{"timestamp": "2026-04-14T14:32:43.693491Z", "level": "INFO", "name": "root", "message": "GET /metrics - 200", "method": "GET", "path": "/metrics", "status_code": 200, "duration_ms": 1005.0, "payload": null, "service": "telemetry-podman", "request_id": "4eaef041-6e1d-4a01-ab4f-4f3b01dec6ba"}
{"timestamp": "2026-04-14T14:32:44.704057Z", "level": "INFO", "name": "root", "message": "GET /metrics - 200", "method": "GET", "path": "/metrics", "status_code": 200, "duration_ms": 1005.62, "payload": null, "service": "telemetry-podman", "request_id": "a20c340f-1108-4aba-9128-5fa21ec477e0"}
{"timestamp": "2026-04-14T14:32:45.713477Z", "level": "INFO", "name": "root", "message": "GET /metrics - 200", "method": "GET", "path": "/metrics", "status_code": 200, "duration_ms": 1002.74, "payload": null, "service": "telemetry-podman", "request_id": "e0de2b67-16f9-43f2-981d-77ad9567a4fe"}
{"timestamp": "2026-04-14T14:32:46.721715Z", "level": "INFO", "name": "root", "message": "GET /metrics - 200", "method": "GET", "path": "/metrics", "status_code": 200, "duration_ms": 1004.08, "payload": null, "service": "telemetry-podman", "request_id": "3816ec5a-6217-4484-9e58-0d2d7d99fe7a"}
{"timestamp": "2026-04-14T14:32:47.729446Z", "level": "INFO", "name": "root", "message": "GET /metrics - 200", "method": "GET", "path": "/metrics", "status_code": 200, "duration_ms": 1003.34, "payload": null, "service": "telemetry-podman", "request_id": "05c7e401-d5d0-4f1e-a0ac-5c00ffcfa8fb"}
{"timestamp": "2026-04-14T14:32:48.737529Z", "level": "INFO", "name": "root", "message": "GET /metrics - 200", "method": "GET", "path": "/metrics", "status_code": 200, "duration_ms": 1004.28, "payload": null, "service": "telemetry-podman", "request_id": "5a74b5fa-1ea5-448a-8cdd-b110f5803353"}
{"timestamp": "2026-04-14T14:32:49.744301Z", "level": "INFO", "name": "root", "message": "GET /metrics - 200", "method": "GET", "path": "/metrics", "status_code": 200, "duration_ms": 1002.81, "payload": null, "service": "telemetry-podman", "request_id": "168600eb-c246-429b-b8f3-5caf845253e4"}
{"timestamp": "2026-04-14T14:32:50.753536Z", "level": "INFO", "name": "root", "message": "GET /metrics - 200", "method": "GET", "path": "/metrics", "status_code": 200, "duration_ms": 1004.54, "payload": null, "service": "telemetry-podman", "request_id": "aeb16214-b290-41a0-96b4-9f139a0ebbd9"}
{"timestamp": "2026-04-14T14:32:51.764162Z", "level": "INFO", "name": "root", "message": "GET /metrics - 200", "method": "GET", "path": "/metrics", "status_code": 200, "duration_ms": 1005.45, "payload": null, "service": "telemetry-podman", "request_id": "82a235d2-cea9-44fe-aa01-e9ed28aadccf"}
{"timestamp": "2026-04-14T14:37:43.690756Z", "level": "INFO", "name": "root", "message": "GET /metrics - 200", "method": "GET", "path": "/metrics", "status_code": 200, "duration_ms": 1006.1, "payload": null, "service": "telemetry-podman", "request_id": "22a46f11-1041-4d71-8868-2f106dae5332"}
{"timestamp": "2026-04-14T14:37:44.703089Z", "level": "INFO", "name": "root", "message": "GET /metrics - 200", "method": "GET", "path": "/metrics", "status_code": 200, "duration_ms": 1004.08, "payload": null, "service": "telemetry-podman", "request_id": "ef380098-69bc-4368-8697-4aef5cfe5fe8"}
{"timestamp": "2026-04-14T14:37:45.710874Z", "level": "INFO", "name": "root", "message": "GET /metrics - 200", "method": "GET", "path": "/metrics", "status_code": 200, "duration_ms": 1001.24, "payload": null, "service": "telemetry-podman", "request_id": "af5a82f9-d252-4b99-8052-5e5df4d3c207"}
{"timestamp": "2026-04-14T14:37:46.721686Z", "level": "INFO", "name": "root", "message": "GET /metrics - 200", "method": "GET", "path": "/metrics", "status_code": 200, "duration_ms": 1005.82, "payload": null, "service": "telemetry-podman", "request_id": "7ab0d721-b0d3-4270-9954-35f355c79d70"}
{"timestamp": "2026-04-14T14:37:47.733422Z", "level": "INFO", "name": "root", "message": "GET /metrics - 200", "method": "GET", "path": "/metrics", "status_code": 200, "duration_ms": 1005.4, "payload": null, "service": "telemetry-podman", "request_id": "cf069733-a8ab-4aff-9865-eb389c3c2852"}
{"timestamp": "2026-04-14T14:37:48.741709Z", "level": "INFO", "name": "root", "message": "GET /metrics - 200", "method": "GET", "path": "/metrics", "status_code": 200, "duration_ms": 1002.61, "payload": null, "service": "telemetry-podman", "request_id": "52afae2a-b05c-44de-b28a-dc74be6737ed"}
{"timestamp": "2026-04-14T14:37:49.753041Z", "level": "INFO", "name": "root", "message": "GET /metrics - 200", "method": "GET", "path": "/metrics", "status_code": 200, "duration_ms": 1005.57, "payload": null, "service": "telemetry-podman", "request_id": "e3ea9349-9fb8-4a99-871a-2f2f3fb02b29"}
{"timestamp": "2026-04-14T14:37:50.763853Z", "level": "INFO", "name": "root", "message": "GET /metrics - 200", "method": "GET", "path": "/metrics", "status_code": 200, "duration_ms": 1005.0, "payload": null, "service": "telemetry-podman", "request_id": "554c32fd-1854-4d73-9726-cff3c2886001"}
{"timestamp": "2026-04-14T14:37:51.773607Z", "level": "INFO", "name": "root", "message": "GET /metrics - 200", "method": "GET", "path": "/metrics", "status_code": 200, "duration_ms": 1003.0, "payload": null, "service": "telemetry-podman", "request_id": "741fd183-8eec-4864-aa69-2200e7b1820b"}
{"timestamp": "2026-04-14T14:42:43.693315Z", "level": "INFO", "name": "root", "message": "GET /metrics - 200", "method": "GET", "path": "/metrics", "status_code": 200, "duration_ms": 1006.76, "payload": null, "service": "telemetry-podman", "request_id": "a6806792-d16a-4f43-a745-38da0f6f9812"}
{"timestamp": "2026-04-14T14:42:44.703866Z", "level": "INFO", "name": "root", "message": "GET /metrics - 200", "method": "GET", "path": "/metrics", "status_code": 200, "duration_ms": 1001.09, "payload": null, "service": "telemetry-podman", "request_id": "3fcf7996-9e76-4712-997a-55cf92857d1f"}
{"timestamp": "2026-04-14T14:42:45.714049Z", "level": "INFO", "name": "root", "message": "GET /metrics - 200", "method": "GET", "path": "/metrics", "status_code": 200, "duration_ms": 1005.42, "payload": null, "service": "telemetry-podman", "request_id": "a96ea24a-8a50-41e1-aa8e-30f1bba018f9"}
{"timestamp": "2026-04-14T14:42:46.723435Z", "level": "INFO", "name": "root", "message": "GET /metrics - 200", "method": "GET", "path": "/metrics", "status_code": 200, "duration_ms": 1004.36, "payload": null, "service": "telemetry-podman", "request_id": "f360f9e1-6229-4573-ad28-eccdcb1f83a3"}
{"timestamp": "2026-04-14T14:42:47.734801Z", "level": "INFO", "name": "root", "message": "GET /metrics - 200", "method": "GET", "path": "/metrics", "status_code": 200, "duration_ms": 1005.91, "payload": null, "service": "telemetry-podman", "request_id": "4c7cd3e5-2d53-4b75-9f02-e7a2f05a0c0c"}
{"timestamp": "2026-04-14T14:42:48.744028Z", "level": "INFO", "name": "root", "message": "GET /metrics - 200", "method": "GET", "path": "/metrics", "status_code": 200, "duration_ms": 1002.36, "payload": null, "service": "telemetry-podman", "request_id": "e50bb8a1-b9a8-4c22-b079-b532aa6841f9"}
{"timestamp": "2026-04-14T14:42:49.752921Z", "level": "INFO", "name": "root", "message": "GET /metrics - 200", "method": "GET", "path": "/metrics", "status_code": 200, "duration_ms": 1003.41, "payload": null, "service": "telemetry-podman", "request_id": "90b8f38b-88e9-4afb-8e50-f7a94b4a2299"}
{"timestamp": "2026-04-14T14:42:50.764364Z", "level": "INFO", "name": "root", "message": "GET /metrics - 200", "method": "GET", "path": "/metrics", "status_code": 200, "duration_ms": 1005.91, "payload": null, "service": "telemetry-podman", "request_id": "3f20940a-1653-4517-9865-0fac6b032bdc"}
{"timestamp": "2026-04-14T14:42:51.773454Z", "level": "INFO", "name": "root", "message": "GET /metrics - 200", "method": "GET", "path": "/metrics", "status_code": 200, "duration_ms": 1004.05, "payload": null, "service": "telemetry-podman", "request_id": "91e85fb3-3195-4baf-bae3-ced349cdd27d"}
{"timestamp": "2026-04-14T14:57:00.380847Z", "level": "INFO", "name": "root", "message": "GET /metrics - 200", "method": "GET", "path": "/metrics", "status_code": 200, "duration_ms": 1005.33, "payload": null, "service": "telemetry-podman", "request_id": "37980357-857f-4a19-b9ab-f8e8eaf3488f"}
{"timestamp": "2026-04-14T14:57:01.392569Z", "level": "INFO", "name": "root", "message": "GET /metrics - 200", "method": "GET", "path": "/metrics", "status_code": 200, "duration_ms": 1002.82, "payload": null, "service": "telemetry-podman", "request_id": "84c3d48d-aa83-43dc-9ab6-492c3e9eb905"}
{"timestamp": "2026-04-14T14:57:02.403772Z", "level": "INFO", "name": "root", "message": "GET /metrics - 200", "method": "GET", "path": "/metrics", "status_code": 200, "duration_ms": 1006.06, "payload": null, "service": "telemetry-podman", "request_id": "79cb0031-40a0-4b28-90a3-52c4acfbd2af"}
{"timestamp": "2026-04-14T14:57:03.413148Z", "level": "INFO", "name": "root", "message": "GET /metrics - 200", "method": "GET", "path": "/metrics", "status_code": 200, "duration_ms": 1004.42, "payload": null, "service": "telemetry-podman", "request_id": "c668c754-8475-4f34-9ea7-d1985bba349e"}
{"timestamp": "2026-04-14T14:57:04.425133Z", "level": "INFO", "name": "root", "message": "GET /metrics - 200", "method": "GET", "path": "/metrics", "status_code": 200, "duration_ms": 1006.15, "payload": null, "service": "telemetry-podman", "request_id": "4abf2c00-9a50-4b32-996a-df8ff3f78067"}
{"timestamp": "2026-04-14T14:57:05.434505Z", "level": "INFO", "name": "root", "message": "GET /metrics - 200", "method": "GET", "path": "/metrics", "status_code": 200, "duration_ms": 1003.03, "payload": null, "service": "telemetry-podman", "request_id": "e2a6d52a-02b8-4d58-974d-9510db4d2d30"}
{"timestamp": "2026-04-14T14:57:06.444333Z", "level": "INFO", "name": "root", "message": "GET /metrics - 200", "method": "GET", "path": "/metrics", "status_code": 200, "duration_ms": 1004.75, "payload": null, "service": "telemetry-podman", "request_id": "c99500d6-370d-419c-9465-0766c735288e"}
{"timestamp": "2026-04-14T14:57:07.455543Z", "level": "INFO", "name": "root", "message": "GET /metrics - 200", "method": "GET", "path": "/metrics", "status_code": 200, "duration_ms": 1006.12, "payload": null, "service": "telemetry-podman", "request_id": "0a241069-2e70-42f4-9c3f-4ece91d1859a"}
{"timestamp": "2026-04-14T14:57:08.464984Z", "level": "INFO", "name": "root", "message": "GET /metrics - 200", "method": "GET", "path": "/metrics", "status_code": 200, "duration_ms": 1003.42, "payload": null, "service": "telemetry-podman", "request_id": "549f8cdc-fb6f-437f-8b23-45210c68fdf8"}
{"timestamp": "2026-04-14T15:02:00.370004Z", "level": "INFO", "name": "root", "message": "GET /metrics - 200", "method": "GET", "path": "/metrics", "status_code": 200, "duration_ms": 1002.37, "payload": null, "service": "telemetry-podman", "request_id": "ca1ba020-df7c-4b63-be90-9cf3d5f2bb5c"}
{"timestamp": "2026-04-14T15:02:01.383690Z", "level": "INFO", "name": "root", "message": "GET /metrics - 200", "method": "GET", "path": "/metrics", "status_code": 200, "duration_ms": 1006.16, "payload": null, "service": "telemetry-podman", "request_id": "bd26a7c9-d1a0-4452-8956-3fe93426f794"}
{"timestamp": "2026-04-14T15:02:02.394685Z", "level": "INFO", "name": "root", "message": "GET /metrics - 200", "method": "GET", "path": "/metrics", "status_code": 200, "duration_ms": 1005.03, "payload": null, "service": "telemetry-podman", "request_id": "8062d9b1-b18f-4fca-b325-a79a55230c8e"}
{"timestamp": "2026-04-14T15:02:03.405934Z", "level": "INFO", "name": "root", "message": "GET /metrics - 200", "method": "GET", "path": "/metrics", "status_code": 200, "duration_ms": 1005.71, "payload": null, "service": "telemetry-podman", "request_id": "4380e163-70e2-482a-a64b-b251597d8220"}
{"timestamp": "2026-04-14T15:02:04.415162Z", "level": "INFO", "name": "root", "message": "GET /metrics - 200", "method": "GET", "path": "/metrics", "status_code": 200, "duration_ms": 1006.1, "payload": null, "service": "telemetry-podman", "request_id": "07ccff8d-4df8-40ce-a251-14302ed7495c"}
{"timestamp": "2026-04-14T15:02:05.426337Z", "level": "INFO", "name": "root", "message": "GET /metrics - 200", "method": "GET", "path": "/metrics", "status_code": 200, "duration_ms": 1005.47, "payload": null, "service": "telemetry-podman", "request_id": "5ae9f3e2-154b-40fd-98b9-294cc0e69809"}
{"timestamp": "2026-04-14T15:02:06.437494Z", "level": "INFO", "name": "root", "message": "GET /metrics - 200", "method": "GET", "path": "/metrics", "status_code": 200, "duration_ms": 1005.5, "payload": null, "service": "telemetry-podman", "request_id": "0875d498-249e-461d-91c2-f09ec66dc67b"}
{"timestamp": "2026-04-14T15:02:07.447834Z", "level": "INFO", "name": "root", "message": "GET /metrics - 200", "method": "GET", "path": "/metrics", "status_code": 200, "duration_ms": 1004.64, "payload": null, "service": "telemetry-podman", "request_id": "e16f00b2-172a-48ce-bce3-039134b924c4"}
{"timestamp": "2026-04-14T15:02:08.455652Z", "level": "INFO", "name": "root", "message": "GET /metrics - 200", "method": "GET", "path": "/metrics", "status_code": 200, "duration_ms": 1002.37, "payload": null, "service": "telemetry-podman", "request_id": "95fe1943-5079-49c6-99b2-cec148dd61f7"}
{"timestamp": "2026-04-14T15:07:00.370178Z", "level": "INFO", "name": "root", "message": "GET /metrics - 200", "method": "GET", "path": "/metrics", "status_code": 200, "duration_ms": 1004.39, "payload": null, "service": "telemetry-podman", "request_id": "d7540ca8-43a6-4769-a099-38771aa29e5a"}
{"timestamp": "2026-04-14T15:07:01.380586Z", "level": "INFO", "name": "root", "message": "GET /metrics - 200", "method": "GET", "path": "/metrics", "status_code": 200, "duration_ms": 1003.42, "payload": null, "service": "telemetry-podman", "request_id": "73bc3429-09d3-4ed7-9440-4f5ab119be67"}
{"timestamp": "2026-04-14T15:07:02.389240Z", "level": "INFO", "name": "root", "message": "GET /metrics - 200", "method": "GET", "path": "/metrics", "status_code": 200, "duration_ms": 1004.03, "payload": null, "service": "telemetry-podman", "request_id": "4e4be929-36e9-4c43-897c-7e4aed3f6dd1"}
{"timestamp": "2026-04-14T15:07:03.400035Z", "level": "INFO", "name": "root", "message": "GET /metrics - 200", "method": "GET", "path": "/metrics", "status_code": 200, "duration_ms": 1005.58, "payload": null, "service": "telemetry-podman", "request_id": "5527ef8e-ad5c-42eb-876d-12c032ad3c38"}
{"timestamp": "2026-04-14T15:07:04.412357Z", "level": "INFO", "name": "root", "message": "GET /metrics - 200", "method": "GET", "path": "/metrics", "status_code": 200, "duration_ms": 1005.86, "payload": null, "service": "telemetry-podman", "request_id": "827a1e0f-3705-46a0-b130-05a4797bd67b"}
{"timestamp": "2026-04-14T15:07:05.420893Z", "level": "INFO", "name": "root", "message": "GET /metrics - 200", "method": "GET", "path": "/metrics", "status_code": 200, "duration_ms": 1003.19, "payload": null, "service": "telemetry-podman", "request_id": "a7865e5e-32c6-4359-b37a-11d0192b947c"}
{"timestamp": "2026-04-14T15:07:06.426719Z", "level": "INFO", "name": "root", "message": "GET /metrics - 200", "method": "GET", "path": "/metrics", "status_code": 200, "duration_ms": 1000.85, "payload": null, "service": "telemetry-podman", "request_id": "d0a00ccd-db10-46ab-873a-e1a3b32937a0"}
{"timestamp": "2026-04-14T15:07:07.436346Z", "level": "INFO", "name": "root", "message": "GET /metrics - 200", "method": "GET", "path": "/metrics", "status_code": 200, "duration_ms": 1006.23, "payload": null, "service": "telemetry-podman", "request_id": "24516eaf-6da2-456f-9fd9-eec809834e6d"}
{"timestamp": "2026-04-14T15:07:08.446674Z", "level": "INFO", "name": "root", "message": "GET /metrics - 200", "method": "GET", "path": "/metrics", "status_code": 200, "duration_ms": 1004.18, "payload": null, "service": "telemetry-podman", "request_id": "e0d82c91-eb0c-48d4-9739-500a31380c76"}
{"timestamp": "2026-04-14T15:20:05.207284Z", "level": "INFO", "name": "root", "message": "GET /metrics - 200", "method": "GET", "path": "/metrics", "status_code": 200, "duration_ms": 1006.37, "payload": null, "service": "telemetry-podman", "request_id": "d1a868e7-d8a9-48b2-9d46-3075b64a48cf"}
{"timestamp": "2026-04-14T15:20:06.217858Z", "level": "INFO", "name": "root", "message": "GET /metrics - 200", "method": "GET", "path": "/metrics", "status_code": 200, "duration_ms": 1002.79, "payload": null, "service": "telemetry-podman", "request_id": "818d1596-5f49-48ae-a52f-a0571582e881"}
{"timestamp": "2026-04-14T15:20:07.222515Z", "level": "INFO", "name": "root", "message": "GET /metrics - 200", "method": "GET", "path": "/metrics", "status_code": 200, "duration_ms": 1002.1, "payload": null, "service": "telemetry-podman", "request_id": "4e68c563-5477-4431-b0be-95c27e2abed6"}
{"timestamp": "2026-04-14T15:20:08.230296Z", "level": "INFO", "name": "root", "message": "GET /metrics - 200", "method": "GET", "path": "/metrics", "status_code": 200, "duration_ms": 1005.59, "payload": null, "service": "telemetry-podman", "request_id": "4592d23d-ba03-4154-a32a-8423c495a57f"}
{"timestamp": "2026-04-14T15:20:09.239460Z", "level": "INFO", "name": "root", "message": "GET /metrics - 200", "method": "GET", "path": "/metrics", "status_code": 200, "duration_ms": 1005.81, "payload": null, "service": "telemetry-podman", "request_id": "fce90dbf-ef10-4023-8c28-58c5471eee73"}
{"timestamp": "2026-04-14T15:20:10.242869Z", "level": "INFO", "name": "root", "message": "GET /metrics - 200", "method": "GET", "path": "/metrics", "status_code": 200, "duration_ms": 1001.06, "payload": null, "service": "telemetry-podman", "request_id": "f4fc0951-905b-4a14-83be-017711e5681e"}
{"timestamp": "2026-04-14T15:20:11.248776Z", "level": "INFO", "name": "root", "message": "GET /metrics - 200", "method": "GET", "path": "/metrics", "status_code": 200, "duration_ms": 1003.06, "payload": null, "service": "telemetry-podman", "request_id": "6a962cd6-651d-4a64-92cb-69a848e5204f"}
{"timestamp": "2026-04-14T15:20:12.252198Z", "level": "INFO", "name": "root", "message": "GET /metrics - 200", "method": "GET", "path": "/metrics", "status_code": 200, "duration_ms": 1001.33, "payload": null, "service": "telemetry-podman", "request_id": "83df4869-cc73-4394-a55b-8f9c191350a5"}
{"timestamp": "2026-04-14T15:20:13.261802Z", "level": "INFO", "name": "root", "message": "GET /metrics - 200", "method": "GET", "path": "/metrics", "status_code": 200, "duration_ms": 1004.75, "payload": null, "service": "telemetry-podman", "request_id": "8873323f-bf1d-45b7-8695-c50a15e06f26"}
{"timestamp": "2026-04-14T15:25:05.211517Z", "level": "INFO", "name": "root", "message": "GET /metrics - 200", "method": "GET", "path": "/metrics", "status_code": 200, "duration_ms": 1005.55, "payload": null, "service": "telemetry-podman", "request_id": "c3a1aa04-a1a8-4603-a452-6753bd7a6438"}
{"timestamp": "2026-04-14T15:25:06.221000Z", "level": "INFO", "name": "root", "message": "GET /metrics - 200", "method": "GET", "path": "/metrics", "status_code": 200, "duration_ms": 1002.42, "payload": null, "service": "telemetry-podman", "request_id": "c0e85a5c-8400-4a6e-bc51-03a18f2bf391"}
{"timestamp": "2026-04-14T15:25:07.224412Z", "level": "INFO", "name": "root", "message": "GET /metrics - 200", "method": "GET", "path": "/metrics", "status_code": 200, "duration_ms": 1000.81, "payload": null, "service": "telemetry-podman", "request_id": "aa55fd76-8610-43bc-b6af-d0b5864f3acb"}
{"timestamp": "2026-04-14T15:25:08.233443Z", "level": "INFO", "name": "root", "message": "GET /metrics - 200", "method": "GET", "path": "/metrics", "status_code": 200, "duration_ms": 1005.63, "payload": null, "service": "telemetry-podman", "request_id": "caaa070f-7423-4c32-a139-e38fc9678ede"}
{"timestamp": "2026-04-14T15:25:09.241081Z", "level": "INFO", "name": "root", "message": "GET /metrics - 200", "method": "GET", "path": "/metrics", "status_code": 200, "duration_ms": 1004.44, "payload": null, "service": "telemetry-podman", "request_id": "56f6cfc2-564d-43ed-a134-5c53576f426e"}
{"timestamp": "2026-04-14T15:25:10.246984Z", "level": "INFO", "name": "root", "message": "GET /metrics - 200", "method": "GET", "path": "/metrics", "status_code": 200, "duration_ms": 1003.52, "payload": null, "service": "telemetry-podman", "request_id": "8af3e937-a700-4302-8f4b-b86ff5318eb5"}
{"timestamp": "2026-04-14T15:25:11.255248Z", "level": "INFO", "name": "root", "message": "GET /metrics - 200", "method": "GET", "path": "/metrics", "status_code": 200, "duration_ms": 1005.05, "payload": null, "service": "telemetry-podman", "request_id": "aafad702-88b7-4baa-b0b2-44748d64c5c5"}
{"timestamp": "2026-04-14T15:25:12.262660Z", "level": "INFO", "name": "root", "message": "GET /metrics - 200", "method": "GET", "path": "/metrics", "status_code": 200, "duration_ms": 1005.35, "payload": null, "service": "telemetry-podman", "request_id": "ce4f0d55-fff3-4bcb-ac7d-c7f660428551"}
{"timestamp": "2026-04-14T15:25:13.270425Z", "level": "INFO", "name": "root", "message": "GET /metrics - 200", "method": "GET", "path": "/metrics", "status_code": 200, "duration_ms": 1005.07, "payload": null, "service": "telemetry-podman", "request_id": "9f0d4978-97fd-4ee3-b0cc-e66a6217527f"}
{"timestamp": "2026-04-14T15:30:05.198454Z", "level": "INFO", "name": "root", "message": "GET /metrics - 200", "method": "GET", "path": "/metrics", "status_code": 200, "duration_ms": 1002.79, "payload": null, "service": "telemetry-podman", "request_id": "d2cf0979-ce55-4915-be05-17a8c3fa6232"}
{"timestamp": "2026-04-14T15:30:06.213312Z", "level": "INFO", "name": "root", "message": "GET /metrics - 200", "method": "GET", "path": "/metrics", "status_code": 200, "duration_ms": 1005.51, "payload": null, "service": "telemetry-podman", "request_id": "fad55362-164e-4301-a507-b5ac5fff7e8f"}
{"timestamp": "2026-04-14T15:30:07.220212Z", "level": "INFO", "name": "root", "message": "GET /metrics - 200", "method": "GET", "path": "/metrics", "status_code": 200, "duration_ms": 1002.87, "payload": null, "service": "telemetry-podman", "request_id": "49c99efc-6840-461b-a3e2-1183da8914fb"}
{"timestamp": "2026-04-14T15:30:08.231422Z", "level": "INFO", "name": "root", "message": "GET /metrics - 200", "method": "GET", "path": "/metrics", "status_code": 200, "duration_ms": 1004.67, "payload": null, "service": "telemetry-podman", "request_id": "76d94457-e85d-4e47-9f7f-96bd3defc26a"}
{"timestamp": "2026-04-14T15:30:09.243071Z", "level": "INFO", "name": "root", "message": "GET /metrics - 200", "method": "GET", "path": "/metrics", "status_code": 200, "duration_ms": 1004.7, "payload": null, "service": "telemetry-podman", "request_id": "06de5341-17b0-496d-8825-5d4ad6aabe5d"}
{"timestamp": "2026-04-14T15:30:10.252844Z", "level": "INFO", "name": "root", "message": "GET /metrics - 200", "method": "GET", "path": "/metrics", "status_code": 200, "duration_ms": 1004.88, "payload": null, "service": "telemetry-podman", "request_id": "0dc7e110-3ef0-4663-b8ef-d5a87b1c17ad"}
{"timestamp": "2026-04-14T15:30:11.260567Z", "level": "INFO", "name": "root", "message": "GET /metrics - 200", "method": "GET", "path": "/metrics", "status_code": 200, "duration_ms": 1001.79, "payload": null, "service": "telemetry-podman", "request_id": "21a866fe-76fe-4dc1-90e0-069c8ae129c6"}
{"timestamp": "2026-04-14T15:30:12.272155Z", "level": "INFO", "name": "root", "message": "GET /metrics - 200", "method": "GET", "path": "/metrics", "status_code": 200, "duration_ms": 1006.33, "payload": null, "service": "telemetry-podman", "request_id": "2372bcdf-38a3-4786-abf6-057822e9f70d"}
{"timestamp": "2026-04-14T15:30:13.281985Z", "level": "INFO", "name": "root", "message": "GET /metrics - 200", "method": "GET", "path": "/metrics", "status_code": 200, "duration_ms": 1004.38, "payload": null, "service": "telemetry-podman", "request_id": "e5dd75bb-bfbf-43b1-88bc-8f22bb038f3c"}
{"timestamp": "2026-04-14T15:35:05.197366Z", "level": "INFO", "name": "root", "message": "GET /metrics - 200", "method": "GET", "path": "/metrics", "status_code": 200, "duration_ms": 1005.59, "payload": null, "service": "telemetry-podman", "request_id": "d9437c10-2d41-4863-95da-a7afed1a95b0"}
{"timestamp": "2026-04-14T15:35:06.209319Z", "level": "INFO", "name": "root", "message": "GET /metrics - 200", "method": "GET", "path": "/metrics", "status_code": 200, "duration_ms": 1005.55, "payload": null, "service": "telemetry-podman", "request_id": "cbf3958a-bc57-4ff2-b791-e7979daa29c2"}
{"timestamp": "2026-04-14T15:35:07.217829Z", "level": "INFO", "name": "root", "message": "GET /metrics - 200", "method": "GET", "path": "/metrics", "status_code": 200, "duration_ms": 1004.89, "payload": null, "service": "telemetry-podman", "request_id": "f0991216-1cde-4965-8474-eb10cf9b0f5a"}
{"timestamp": "2026-04-14T15:35:08.225548Z", "level": "INFO", "name": "root", "message": "GET /metrics - 200", "method": "GET", "path": "/metrics", "status_code": 200, "duration_ms": 1005.54, "payload": null, "service": "telemetry-podman", "request_id": "475e2b0a-0484-4fbf-8a49-a9e1e5226502"}
{"timestamp": "2026-04-14T15:35:09.233884Z", "level": "INFO", "name": "root", "message": "GET /metrics - 200", "method": "GET", "path": "/metrics", "status_code": 200, "duration_ms": 1005.0, "payload": null, "service": "telemetry-podman", "request_id": "e38ba38e-15cf-45e9-991c-64a084fe8091"}
{"timestamp": "2026-04-14T15:35:10.241987Z", "level": "INFO", "name": "root", "message": "GET /metrics - 200", "method": "GET", "path": "/metrics", "status_code": 200, "duration_ms": 1004.66, "payload": null, "service": "telemetry-podman", "request_id": "4ed84ae8-01e0-4d0d-99e6-f2739e7c06b4"}
{"timestamp": "2026-04-14T15:35:11.246306Z", "level": "INFO", "name": "root", "message": "GET /metrics - 200", "method": "GET", "path": "/metrics", "status_code": 200, "duration_ms": 1000.89, "payload": null, "service": "telemetry-podman", "request_id": "54b6d008-0e37-4920-8a8b-725bacf91275"}
{"timestamp": "2026-04-14T15:35:12.256091Z", "level": "INFO", "name": "root", "message": "GET /metrics - 200", "method": "GET", "path": "/metrics", "status_code": 200, "duration_ms": 1004.9, "payload": null, "service": "telemetry-podman", "request_id": "554bc99b-18af-4097-aad8-0b38e9652660"}
{"timestamp": "2026-04-14T15:35:13.265241Z", "level": "INFO", "name": "root", "message": "GET /metrics - 200", "method": "GET", "path": "/metrics", "status_code": 200, "duration_ms": 1005.69, "payload": null, "service": "telemetry-podman", "request_id": "679a7e31-e2a6-47ef-8143-66dc3df47f09"}
{"timestamp": "2026-04-14T15:40:05.204891Z", "level": "INFO", "name": "root", "message": "GET /metrics - 200", "method": "GET", "path": "/metrics", "status_code": 200, "duration_ms": 1004.67, "payload": null, "service": "telemetry-podman", "request_id": "cc5da32e-0d82-439f-86c6-76381af0b464"}
{"timestamp": "2026-04-14T15:40:06.213167Z", "level": "INFO", "name": "root", "message": "GET /metrics - 200", "method": "GET", "path": "/metrics", "status_code": 200, "duration_ms": 1004.22, "payload": null, "service": "telemetry-podman", "request_id": "e9b85fc8-b51a-4193-afd4-738f5e013bba"}
{"timestamp": "2026-04-14T15:40:07.221565Z", "level": "INFO", "name": "root", "message": "GET /metrics - 200", "method": "GET", "path": "/metrics", "status_code": 200, "duration_ms": 1002.15, "payload": null, "service": "telemetry-podman", "request_id": "9001cd98-0d05-4300-a715-e5c5ca988789"}
{"timestamp": "2026-04-14T15:40:08.229305Z", "level": "INFO", "name": "root", "message": "GET /metrics - 200", "method": "GET", "path": "/metrics", "status_code": 200, "duration_ms": 1002.48, "payload": null, "service": "telemetry-podman", "request_id": "2fee7a6c-2398-48c9-b593-fb1060ae3706"}
{"timestamp": "2026-04-14T15:40:09.239956Z", "level": "INFO", "name": "root", "message": "GET /metrics - 200", "method": "GET", "path": "/metrics", "status_code": 200, "duration_ms": 1004.85, "payload": null, "service": "telemetry-podman", "request_id": "31d493bb-b286-4a36-a7a5-11559186a40c"}
{"timestamp": "2026-04-14T15:40:10.250916Z", "level": "INFO", "name": "root", "message": "GET /metrics - 200", "method": "GET", "path": "/metrics", "status_code": 200, "duration_ms": 1004.34, "payload": null, "service": "telemetry-podman", "request_id": "3c346cd0-a9c8-43cd-9b8f-140a07c39cd4"}
{"timestamp": "2026-04-14T15:40:11.260314Z", "level": "INFO", "name": "root", "message": "GET /metrics - 200", "method": "GET", "path": "/metrics", "status_code": 200, "duration_ms": 1004.02, "payload": null, "service": "telemetry-podman", "request_id": "c63d12e4-86a5-4b29-827e-2ce6a32edd0c"}
{"timestamp": "2026-04-14T15:40:12.266943Z", "level": "INFO", "name": "root", "message": "GET /metrics - 200", "method": "GET", "path": "/metrics", "status_code": 200, "duration_ms": 1001.79, "payload": null, "service": "telemetry-podman", "request_id": "6824d3df-bb86-4f44-9689-5b93cb22633a"}
{"timestamp": "2026-04-14T15:40:13.277176Z", "level": "INFO", "name": "root", "message": "GET /metrics - 200", "method": "GET", "path": "/metrics", "status_code": 200, "duration_ms": 1004.84, "payload": null, "service": "telemetry-podman", "request_id": "3a970ac3-e900-416f-b610-0e842fc12925"}
{"timestamp": "2026-04-14T15:45:05.194756Z", "level": "INFO", "name": "root", "message": "GET /metrics - 200", "method": "GET", "path": "/metrics", "status_code": 200, "duration_ms": 1003.73, "payload": null, "service": "telemetry-podman", "request_id": "d94dfdb1-fedb-4e8f-ad28-06e813b0a302"}
{"timestamp": "2026-04-14T15:45:06.205793Z", "level": "INFO", "name": "root", "message": "GET /metrics - 200", "method": "GET", "path": "/metrics", "status_code": 200, "duration_ms": 1002.36, "payload": null, "service": "telemetry-podman", "request_id": "f7a84cce-c9e3-4d1a-a7fa-f27ed4895d65"}
{"timestamp": "2026-04-14T15:45:07.212544Z", "level": "INFO", "name": "root", "message": "GET /metrics - 200", "method": "GET", "path": "/metrics", "status_code": 200, "duration_ms": 1003.55, "payload": null, "service": "telemetry-podman", "request_id": "06402575-3f90-4d9e-ae00-0637f08d7db0"}
{"timestamp": "2026-04-14T15:45:08.218685Z", "level": "INFO", "name": "root", "message": "GET /metrics - 200", "method": "GET", "path": "/metrics", "status_code": 200, "duration_ms": 1002.5, "payload": null, "service": "telemetry-podman", "request_id": "442dfe30-2e71-4dfc-96b7-d16b39b85550"}
{"timestamp": "2026-04-14T15:45:09.228498Z", "level": "INFO", "name": "root", "message": "GET /metrics - 200", "method": "GET", "path": "/metrics", "status_code": 200, "duration_ms": 1005.2, "payload": null, "service": "telemetry-podman", "request_id": "3f2244d7-9eca-41e4-b62c-fc45b22b9c8a"}
{"timestamp": "2026-04-14T15:45:10.234821Z", "level": "INFO", "name": "root", "message": "GET /metrics - 200", "method": "GET", "path": "/metrics", "status_code": 200, "duration_ms": 1001.69, "payload": null, "service": "telemetry-podman", "request_id": "dec84a5f-95da-4e63-b606-e8d42c02318d"}
{"timestamp": "2026-04-14T15:45:11.240159Z", "level": "INFO", "name": "root", "message": "GET /metrics - 200", "method": "GET", "path": "/metrics", "status_code": 200, "duration_ms": 1001.11, "payload": null, "service": "telemetry-podman", "request_id": "cc46109b-5162-411e-b79f-6171d9b831cc"}
{"timestamp": "2026-04-14T15:45:12.246789Z", "level": "INFO", "name": "root", "message": "GET /metrics - 200", "method": "GET", "path": "/metrics", "status_code": 200, "duration_ms": 1002.63, "payload": null, "service": "telemetry-podman", "request_id": "0d17d8b1-bbfa-420f-9202-91414cbff599"}
{"timestamp": "2026-04-14T15:45:13.253738Z", "level": "INFO", "name": "root", "message": "GET /metrics - 200", "method": "GET", "path": "/metrics", "status_code": 200, "duration_ms": 1003.47, "payload": null, "service": "telemetry-podman", "request_id": "d6172f02-2724-47da-9be5-260cb5e344ca"}
{"timestamp": "2026-04-14T15:50:05.202815Z", "level": "INFO", "name": "root", "message": "GET /metrics - 200", "method": "GET", "path": "/metrics", "status_code": 200, "duration_ms": 1007.7, "payload": null, "service": "telemetry-podman", "request_id": "4be04008-ef2c-4a76-a797-8487d5b20dd7"}
{"timestamp": "2026-04-14T15:50:06.212532Z", "level": "INFO", "name": "root", "message": "GET /metrics - 200", "method": "GET", "path": "/metrics", "status_code": 200, "duration_ms": 1004.16, "payload": null, "service": "telemetry-podman", "request_id": "34321f94-e7ba-4ea0-906b-975e3e8bce00"}
{"timestamp": "2026-04-14T15:50:07.223000Z", "level": "INFO", "name": "root", "message": "GET /metrics - 200", "method": "GET", "path": "/metrics", "status_code": 200, "duration_ms": 1006.99, "payload": null, "service": "telemetry-podman", "request_id": "35ccbf47-5e5a-419f-803e-5704198ee110"}
{"timestamp": "2026-04-14T15:50:08.236200Z", "level": "INFO", "name": "root", "message": "GET /metrics - 200", "method": "GET", "path": "/metrics", "status_code": 200, "duration_ms": 1010.16, "payload": null, "service": "telemetry-podman", "request_id": "741a694d-c221-4f7b-9d15-5da501a83a23"}
{"timestamp": "2026-04-14T15:50:09.246094Z", "level": "INFO", "name": "root", "message": "GET /metrics - 200", "method": "GET", "path": "/metrics", "status_code": 200, "duration_ms": 1004.81, "payload": null, "service": "telemetry-podman", "request_id": "c28add53-fb9a-440d-a9ae-221fc83d3db0"}
{"timestamp": "2026-04-14T15:50:10.254096Z", "level": "INFO", "name": "root", "message": "GET /metrics - 200", "method": "GET", "path": "/metrics", "status_code": 200, "duration_ms": 1004.58, "payload": null, "service": "telemetry-podman", "request_id": "d1e3684b-4c43-4b03-a98e-b1a02c3ec2a0"}
{"timestamp": "2026-04-14T15:50:11.260368Z", "level": "INFO", "name": "root", "message": "GET /metrics - 200", "method": "GET", "path": "/metrics", "status_code": 200, "duration_ms": 1002.23, "payload": null, "service": "telemetry-podman", "request_id": "ec2d653a-0386-430e-b90d-ffdcd7ba5bf1"}
{"timestamp": "2026-04-14T15:50:12.274498Z", "level": "INFO", "name": "root", "message": "GET /metrics - 200", "method": "GET", "path": "/metrics", "status_code": 200, "duration_ms": 1010.01, "payload": null, "service": "telemetry-podman", "request_id": "c260cf62-fe38-414c-b443-f1d5b3b8be2e"}
{"timestamp": "2026-04-14T15:50:13.284225Z", "level": "INFO", "name": "root", "message": "GET /metrics - 200", "method": "GET", "path": "/metrics", "status_code": 200, "duration_ms": 1006.19, "payload": null, "service": "telemetry-podman", "request_id": "d0ce60c2-ffb4-4fe3-97b7-53c7cba3c50d"}
{"timestamp": "2026-04-14T16:00:05.204698Z", "level": "INFO", "name": "root", "message": "GET /metrics - 200", "method": "GET", "path": "/metrics", "status_code": 200, "duration_ms": 1007.92, "payload": null, "service": "telemetry-podman", "request_id": "6f7f566c-da36-431a-8eeb-b333490425d1"}
{"timestamp": "2026-04-14T16:00:06.218070Z", "level": "INFO", "name": "root", "message": "GET /metrics - 200", "method": "GET", "path": "/metrics", "status_code": 200, "duration_ms": 1004.67, "payload": null, "service": "telemetry-podman", "request_id": "7cf03115-4b6f-4fae-8161-c290e6750119"}
{"timestamp": "2026-04-14T16:00:07.227971Z", "level": "INFO", "name": "root", "message": "GET /metrics - 200", "method": "GET", "path": "/metrics", "status_code": 200, "duration_ms": 1004.7, "payload": null, "service": "telemetry-podman", "request_id": "2dcbdc15-7549-491f-8bb7-278078bedcec"}
{"timestamp": "2026-04-14T16:00:08.240314Z", "level": "INFO", "name": "root", "message": "GET /metrics - 200", "method": "GET", "path": "/metrics", "status_code": 200, "duration_ms": 1006.27, "payload": null, "service": "telemetry-podman", "request_id": "bc1561bc-2f77-43de-8ab9-35020609c02d"}
{"timestamp": "2026-04-14T16:00:09.249484Z", "level": "INFO", "name": "root", "message": "GET /metrics - 200", "method": "GET", "path": "/metrics", "status_code": 200, "duration_ms": 1002.67, "payload": null, "service": "telemetry-podman", "request_id": "5941b990-c349-4aac-852b-9e2e2effbd6b"}
{"timestamp": "2026-04-14T16:00:10.260245Z", "level": "INFO", "name": "root", "message": "GET /metrics - 200", "method": "GET", "path": "/metrics", "status_code": 200, "duration_ms": 1004.86, "payload": null, "service": "telemetry-podman", "request_id": "95a3b38e-8327-43c6-a145-f849870d8656"}
{"timestamp": "2026-04-14T16:00:11.272320Z", "level": "INFO", "name": "root", "message": "GET /metrics - 200", "method": "GET", "path": "/metrics", "status_code": 200, "duration_ms": 1005.72, "payload": null, "service": "telemetry-podman", "request_id": "7de7e0c6-d491-484d-9ede-9776028f9907"}
{"timestamp": "2026-04-14T16:00:12.280925Z", "level": "INFO", "name": "root", "message": "GET /metrics - 200", "method": "GET", "path": "/metrics", "status_code": 200, "duration_ms": 1003.48, "payload": null, "service": "telemetry-podman", "request_id": "3eb088c5-c72a-4117-8d9e-d47cddf76ef7"}
{"timestamp": "2026-04-14T16:00:13.290041Z", "level": "INFO", "name": "root", "message": "GET /metrics - 200", "method": "GET", "path": "/metrics", "status_code": 200, "duration_ms": 1003.22, "payload": null, "service": "telemetry-podman", "request_id": "a92feb44-028d-4e59-953a-978bbd3e3913"}
{"timestamp": "2026-04-14T16:05:05.198864Z", "level": "INFO", "name": "root", "message": "GET /metrics - 200", "method": "GET", "path": "/metrics", "status_code": 200, "duration_ms": 1005.27, "payload": null, "service": "telemetry-podman", "request_id": "be92ee43-7813-46f3-bf13-78621df38302"}
{"timestamp": "2026-04-14T16:05:06.212098Z", "level": "INFO", "name": "root", "message": "GET /metrics - 200", "method": "GET", "path": "/metrics", "status_code": 200, "duration_ms": 1005.0, "payload": null, "service": "telemetry-podman", "request_id": "7425ad70-b830-4f75-aed1-0b374f66d4ab"}
{"timestamp": "2026-04-14T16:05:07.222723Z", "level": "INFO", "name": "root", "message": "GET /metrics - 200", "method": "GET", "path": "/metrics", "status_code": 200, "duration_ms": 1005.76, "payload": null, "service": "telemetry-podman", "request_id": "8cf07605-1f71-418a-a2a9-235c9a367be6"}
{"timestamp": "2026-04-14T16:05:08.233068Z", "level": "INFO", "name": "root", "message": "GET /metrics - 200", "method": "GET", "path": "/metrics", "status_code": 200, "duration_ms": 1004.67, "payload": null, "service": "telemetry-podman", "request_id": "c6e1f1a2-20a6-491a-9093-1d9e52d5a5c4"}
{"timestamp": "2026-04-14T16:05:09.241443Z", "level": "INFO", "name": "root", "message": "GET /metrics - 200", "method": "GET", "path": "/metrics", "status_code": 200, "duration_ms": 1003.23, "payload": null, "service": "telemetry-podman", "request_id": "caf6d43b-35ab-4d03-98e1-8a2f06b69f7b"}
{"timestamp": "2026-04-14T16:05:10.252025Z", "level": "INFO", "name": "root", "message": "GET /metrics - 200", "method": "GET", "path": "/metrics", "status_code": 200, "duration_ms": 1004.98, "payload": null, "service": "telemetry-podman", "request_id": "a86c0709-d99a-4b3b-9644-9367a5f36fe4"}
{"timestamp": "2026-04-14T16:05:11.262686Z", "level": "INFO", "name": "root", "message": "GET /metrics - 200", "method": "GET", "path": "/metrics", "status_code": 200, "duration_ms": 1004.87, "payload": null, "service": "telemetry-podman", "request_id": "1b53e333-7c38-4ff3-aecc-158861b068ea"}
{"timestamp": "2026-04-14T16:05:12.270561Z", "level": "INFO", "name": "root", "message": "GET /metrics - 200", "method": "GET", "path": "/metrics", "status_code": 200, "duration_ms": 1002.26, "payload": null, "service": "telemetry-podman", "request_id": "f531e7e6-19c9-4306-ae78-d49c8a16c870"}
{"timestamp": "2026-04-14T16:05:13.278181Z", "level": "INFO", "name": "root", "message": "GET /metrics - 200", "method": "GET", "path": "/metrics", "status_code": 200, "duration_ms": 1001.96, "payload": null, "service": "telemetry-podman", "request_id": "366a4e3a-0adb-4a27-ad94-519fc8d9aef6"}
{"timestamp": "2026-04-14T16:10:05.208779Z", "level": "INFO", "name": "root", "message": "GET /metrics - 200", "method": "GET", "path": "/metrics", "status_code": 200, "duration_ms": 1003.76, "payload": null, "service": "telemetry-podman", "request_id": "d569c448-936c-4d08-9204-c704f6e200c6"}
{"timestamp": "2026-04-14T16:10:06.222268Z", "level": "INFO", "name": "root", "message": "GET /metrics - 200", "method": "GET", "path": "/metrics", "status_code": 200, "duration_ms": 1005.72, "payload": null, "service": "telemetry-podman", "request_id": "dacb81ac-b5f9-41c1-9674-54957d955a75"}
{"timestamp": "2026-04-14T16:10:07.231699Z", "level": "INFO", "name": "root", "message": "GET /metrics - 200", "method": "GET", "path": "/metrics", "status_code": 200, "duration_ms": 1004.6, "payload": null, "service": "telemetry-podman", "request_id": "b9bab652-67a3-4791-8bdf-546192760a66"}
{"timestamp": "2026-04-14T16:10:08.239029Z", "level": "INFO", "name": "root", "message": "GET /metrics - 200", "method": "GET", "path": "/metrics", "status_code": 200, "duration_ms": 1002.44, "payload": null, "service": "telemetry-podman", "request_id": "7fe27221-304a-4d89-84a0-90fde92be9e1"}
{"timestamp": "2026-04-14T16:10:09.251816Z", "level": "INFO", "name": "root", "message": "GET /metrics - 200", "method": "GET", "path": "/metrics", "status_code": 200, "duration_ms": 1005.93, "payload": null, "service": "telemetry-podman", "request_id": "d21b98aa-abcf-4bd7-993f-9598e228a649"}
{"timestamp": "2026-04-14T16:10:10.262501Z", "level": "INFO", "name": "root", "message": "GET /metrics - 200", "method": "GET", "path": "/metrics", "status_code": 200, "duration_ms": 1005.17, "payload": null, "service": "telemetry-podman", "request_id": "fb44286f-c85c-4d51-b144-dac57cd17ba1"}
{"timestamp": "2026-04-14T16:10:11.272074Z", "level": "INFO", "name": "root", "message": "GET /metrics - 200", "method": "GET", "path": "/metrics", "status_code": 200, "duration_ms": 1003.47, "payload": null, "service": "telemetry-podman", "request_id": "1002bbc9-6583-4a05-9e81-abacd070a146"}
{"timestamp": "2026-04-14T16:10:12.281098Z", "level": "INFO", "name": "root", "message": "GET /metrics - 200", "method": "GET", "path": "/metrics", "status_code": 200, "duration_ms": 1004.51, "payload": null, "service": "telemetry-podman", "request_id": "e008c858-8943-488a-97a3-18f4584baa76"}
{"timestamp": "2026-04-14T16:10:13.289028Z", "level": "INFO", "name": "root", "message": "GET /metrics - 200", "method": "GET", "path": "/metrics", "status_code": 200, "duration_ms": 1002.77, "payload": null, "service": "telemetry-podman", "request_id": "6dfba91b-bfa7-4f7e-8510-bc2e2030f39c"}
{"timestamp": "2026-04-14T16:15:05.203392Z", "level": "INFO", "name": "root", "message": "GET /metrics - 200", "method": "GET", "path": "/metrics", "status_code": 200, "duration_ms": 1006.34, "payload": null, "service": "telemetry-podman", "request_id": "bb95bb63-4069-45ef-8afe-77e456c1f6f8"}
{"timestamp": "2026-04-14T16:15:06.213012Z", "level": "INFO", "name": "root", "message": "GET /metrics - 200", "method": "GET", "path": "/metrics", "status_code": 200, "duration_ms": 1001.36, "payload": null, "service": "telemetry-podman", "request_id": "5885e189-34ed-4564-9360-afde96e6e148"}
{"timestamp": "2026-04-14T16:15:07.224773Z", "level": "INFO", "name": "root", "message": "GET /metrics - 200", "method": "GET", "path": "/metrics", "status_code": 200, "duration_ms": 1005.81, "payload": null, "service": "telemetry-podman", "request_id": "dbdc53f5-23f3-4b2d-8d40-92e00d1f078e"}
{"timestamp": "2026-04-14T16:15:08.235801Z", "level": "INFO", "name": "root", "message": "GET /metrics - 200", "method": "GET", "path": "/metrics", "status_code": 200, "duration_ms": 1005.98, "payload": null, "service": "telemetry-podman", "request_id": "04d40483-17ed-4090-905f-bc3ee1eeed0a"}
{"timestamp": "2026-04-14T16:15:09.248034Z", "level": "INFO", "name": "root", "message": "GET /metrics - 200", "method": "GET", "path": "/metrics", "status_code": 200, "duration_ms": 1006.3, "payload": null, "service": "telemetry-podman", "request_id": "118c3d3d-b04d-44ce-bc3f-90ff108756c4"}
{"timestamp": "2026-04-14T16:15:10.260298Z", "level": "INFO", "name": "root", "message": "GET /metrics - 200", "method": "GET", "path": "/metrics", "status_code": 200, "duration_ms": 1005.49, "payload": null, "service": "telemetry-podman", "request_id": "e000669c-c6e7-48ad-8894-f7b2136bd259"}
{"timestamp": "2026-04-14T16:15:11.272129Z", "level": "INFO", "name": "root", "message": "GET /metrics - 200", "method": "GET", "path": "/metrics", "status_code": 200, "duration_ms": 1005.31, "payload": null, "service": "telemetry-podman", "request_id": "cf54c690-08be-4ab8-a5fc-b2299883782e"}
{"timestamp": "2026-04-14T16:15:12.282414Z", "level": "INFO", "name": "root", "message": "GET /metrics - 200", "method": "GET", "path": "/metrics", "status_code": 200, "duration_ms": 1004.95, "payload": null, "service": "telemetry-podman", "request_id": "93af2c97-9b94-4387-9613-d7650dc36d56"}
{"timestamp": "2026-04-14T16:15:13.292961Z", "level": "INFO", "name": "root", "message": "GET /metrics - 200", "method": "GET", "path": "/metrics", "status_code": 200, "duration_ms": 1004.66, "payload": null, "service": "telemetry-podman", "request_id": "b8a793be-ee85-4881-9687-afcf60f5e223"}
{"timestamp": "2026-04-14T16:20:05.200789Z", "level": "INFO", "name": "root", "message": "GET /metrics - 200", "method": "GET", "path": "/metrics", "status_code": 200, "duration_ms": 1006.15, "payload": null, "service": "telemetry-podman", "request_id": "8002f75d-982f-4705-8f43-8d4c96d11bea"}
{"timestamp": "2026-04-14T16:20:06.211277Z", "level": "INFO", "name": "root", "message": "GET /metrics - 200", "method": "GET", "path": "/metrics", "status_code": 200, "duration_ms": 1002.21, "payload": null, "service": "telemetry-podman", "request_id": "1a9c868b-e923-45c7-9f3a-fa8108b317dd"}
{"timestamp": "2026-04-14T16:20:07.219569Z", "level": "INFO", "name": "root", "message": "GET /metrics - 200", "method": "GET", "path": "/metrics", "status_code": 200, "duration_ms": 1002.84, "payload": null, "service": "telemetry-podman", "request_id": "70e99dc0-9f0b-40b2-81fd-733eb49fdc90"}
{"timestamp": "2026-04-14T16:20:08.230160Z", "level": "INFO", "name": "root", "message": "GET /metrics - 200", "method": "GET", "path": "/metrics", "status_code": 200, "duration_ms": 1004.48, "payload": null, "service": "telemetry-podman", "request_id": "cb7bd6d9-b313-4495-9873-0e587c28bdee"}
{"timestamp": "2026-04-14T16:20:09.240507Z", "level": "INFO", "name": "root", "message": "GET /metrics - 200", "method": "GET", "path": "/metrics", "status_code": 200, "duration_ms": 1005.23, "payload": null, "service": "telemetry-podman", "request_id": "eb3c129b-71ea-467b-91ab-055d1168a35f"}
{"timestamp": "2026-04-14T16:20:10.250815Z", "level": "INFO", "name": "root", "message": "GET /metrics - 200", "method": "GET", "path": "/metrics", "status_code": 200, "duration_ms": 1004.33, "payload": null, "service": "telemetry-podman", "request_id": "b52464d5-d210-439c-85f7-dba18c841737"}
{"timestamp": "2026-04-14T16:20:11.260972Z", "level": "INFO", "name": "root", "message": "GET /metrics - 200", "method": "GET", "path": "/metrics", "status_code": 200, "duration_ms": 1003.67, "payload": null, "service": "telemetry-podman", "request_id": "b41e097f-0ee2-484a-beba-f68ac84092b1"}
{"timestamp": "2026-04-14T16:20:12.271270Z", "level": "INFO", "name": "root", "message": "GET /metrics - 200", "method": "GET", "path": "/metrics", "status_code": 200, "duration_ms": 1004.45, "payload": null, "service": "telemetry-podman", "request_id": "343d474f-5d0a-40ee-bb03-a9214d68e824"}
{"timestamp": "2026-04-14T16:20:13.281464Z", "level": "INFO", "name": "root", "message": "GET /metrics - 200", "method": "GET", "path": "/metrics", "status_code": 200, "duration_ms": 1005.19, "payload": null, "service": "telemetry-podman", "request_id": "8859fbd4-ac92-4aac-a865-4782dfc6217c"}
{"timestamp": "2026-04-14T16:30:04.591746Z", "level": "INFO", "name": "root", "message": "GET /metrics - 200", "method": "GET", "path": "/metrics", "status_code": 200, "duration_ms": 1002.42, "payload": null, "service": "telemetry-podman", "request_id": "cf0d6d77-dfdc-4c3c-950f-63bf48074455"}
{"timestamp": "2026-04-14T16:30:05.603690Z", "level": "INFO", "name": "root", "message": "GET /metrics - 200", "method": "GET", "path": "/metrics", "status_code": 200, "duration_ms": 1003.58, "payload": null, "service": "telemetry-podman", "request_id": "53f1b1ce-34c2-457c-8c62-93a58b56509e"}
{"timestamp": "2026-04-14T16:30:06.614895Z", "level": "INFO", "name": "root", "message": "GET /metrics - 200", "method": "GET", "path": "/metrics", "status_code": 200, "duration_ms": 1005.92, "payload": null, "service": "telemetry-podman", "request_id": "08ecb291-78cb-40ba-9b3f-ebaf04fadd56"}
{"timestamp": "2026-04-14T16:30:07.625851Z", "level": "INFO", "name": "root", "message": "GET /metrics - 200", "method": "GET", "path": "/metrics", "status_code": 200, "duration_ms": 1005.56, "payload": null, "service": "telemetry-podman", "request_id": "1534379e-7d97-4cb5-a8f0-d9943afedb17"}
{"timestamp": "2026-04-14T16:30:08.636989Z", "level": "INFO", "name": "root", "message": "GET /metrics - 200", "method": "GET", "path": "/metrics", "status_code": 200, "duration_ms": 1005.01, "payload": null, "service": "telemetry-podman", "request_id": "d0025e32-f448-47c4-a735-941a82ce1be5"}
{"timestamp": "2026-04-14T16:30:09.648090Z", "level": "INFO", "name": "root", "message": "GET /metrics - 200", "method": "GET", "path": "/metrics", "status_code": 200, "duration_ms": 1005.47, "payload": null, "service": "telemetry-podman", "request_id": "ad5e050e-01dc-4155-8801-65ae209592c7"}
{"timestamp": "2026-04-14T16:30:10.656460Z", "level": "INFO", "name": "root", "message": "GET /metrics - 200", "method": "GET", "path": "/metrics", "status_code": 200, "duration_ms": 1002.66, "payload": null, "service": "telemetry-podman", "request_id": "924e3e9b-45d1-4fc3-ab83-5ebe16aafbaf"}
{"timestamp": "2026-04-14T16:30:11.666697Z", "level": "INFO", "name": "root", "message": "GET /metrics - 200", "method": "GET", "path": "/metrics", "status_code": 200, "duration_ms": 1004.86, "payload": null, "service": "telemetry-podman", "request_id": "fadaae7f-040d-4180-b554-5f4c8c363e64"}
{"timestamp": "2026-04-14T16:30:12.675922Z", "level": "INFO", "name": "root", "message": "GET /metrics - 200", "method": "GET", "path": "/metrics", "status_code": 200, "duration_ms": 1003.5, "payload": null, "service": "telemetry-podman", "request_id": "6275d0da-9131-4376-b83f-c6deb8ad0fb5"}
{"timestamp": "2026-04-14T16:30:13.687286Z", "level": "INFO", "name": "root", "message": "GET /metrics - 200", "method": "GET", "path": "/metrics", "status_code": 200, "duration_ms": 1005.81, "payload": null, "service": "telemetry-podman", "request_id": "38ab3348-140b-450a-a8be-989f06776a2f"}
{"timestamp": "2026-04-14T16:35:04.577452Z", "level": "INFO", "name": "root", "message": "GET /metrics - 200", "method": "GET", "path": "/metrics", "status_code": 200, "duration_ms": 1001.3, "payload": null, "service": "telemetry-podman", "request_id": "f6ddc15d-5d38-4a62-a0ec-439dae110313"}
{"timestamp": "2026-04-14T16:35:05.593039Z", "level": "INFO", "name": "root", "message": "GET /metrics - 200", "method": "GET", "path": "/metrics", "status_code": 200, "duration_ms": 1005.96, "payload": null, "service": "telemetry-podman", "request_id": "d7236bd2-d582-41ff-af8c-926dc8aed798"}
{"timestamp": "2026-04-14T16:35:06.600963Z", "level": "INFO", "name": "root", "message": "GET /metrics - 200", "method": "GET", "path": "/metrics", "status_code": 200, "duration_ms": 1002.62, "payload": null, "service": "telemetry-podman", "request_id": "a12dff91-0ced-4306-bff5-f3a7cfc6b334"}
{"timestamp": "2026-04-14T16:35:07.609469Z", "level": "INFO", "name": "root", "message": "GET /metrics - 200", "method": "GET", "path": "/metrics", "status_code": 200, "duration_ms": 1002.89, "payload": null, "service": "telemetry-podman", "request_id": "218b8730-888c-4f30-aa1c-4925921c39c7"}
{"timestamp": "2026-04-14T16:35:08.616363Z", "level": "INFO", "name": "root", "message": "GET /metrics - 200", "method": "GET", "path": "/metrics", "status_code": 200, "duration_ms": 1002.24, "payload": null, "service": "telemetry-podman", "request_id": "4117f100-e621-47bf-b8d8-bb7a1474eaa7"}
{"timestamp": "2026-04-14T16:35:09.626251Z", "level": "INFO", "name": "root", "message": "GET /metrics - 200", "method": "GET", "path": "/metrics", "status_code": 200, "duration_ms": 1005.68, "payload": null, "service": "telemetry-podman", "request_id": "8b9cb831-8697-49b1-b71e-9ec563b2c621"}
{"timestamp": "2026-04-14T16:35:10.635572Z", "level": "INFO", "name": "root", "message": "GET /metrics - 200", "method": "GET", "path": "/metrics", "status_code": 200, "duration_ms": 1004.68, "payload": null, "service": "telemetry-podman", "request_id": "48ae784e-e6b5-4e19-b2a6-04cc770a1916"}
{"timestamp": "2026-04-14T16:35:11.642705Z", "level": "INFO", "name": "root", "message": "GET /metrics - 200", "method": "GET", "path": "/metrics", "status_code": 200, "duration_ms": 1001.62, "payload": null, "service": "telemetry-podman", "request_id": "7f6c34b8-20f6-41b4-9d5c-be0e673299b1"}
{"timestamp": "2026-04-14T16:35:12.651383Z", "level": "INFO", "name": "root", "message": "GET /metrics - 200", "method": "GET", "path": "/metrics", "status_code": 200, "duration_ms": 1003.28, "payload": null, "service": "telemetry-podman", "request_id": "f9f5addf-0b48-4b56-8efd-2155e2136df1"}
{"timestamp": "2026-04-14T16:35:13.660652Z", "level": "INFO", "name": "root", "message": "GET /metrics - 200", "method": "GET", "path": "/metrics", "status_code": 200, "duration_ms": 1004.16, "payload": null, "service": "telemetry-podman", "request_id": "97f187d8-a618-4c94-a4ff-afcd995b4d79"}
{"timestamp": "2026-04-14T16:40:04.583245Z", "level": "INFO", "name": "root", "message": "GET /metrics - 200", "method": "GET", "path": "/metrics", "status_code": 200, "duration_ms": 1002.46, "payload": null, "service": "telemetry-podman", "request_id": "47afd3ea-0eb6-4583-b795-eaf6528ffba3"}
{"timestamp": "2026-04-14T16:40:05.595049Z", "level": "INFO", "name": "root", "message": "GET /metrics - 200", "method": "GET", "path": "/metrics", "status_code": 200, "duration_ms": 1005.94, "payload": null, "service": "telemetry-podman", "request_id": "b0e26913-79d3-4bd7-896b-811fda3dad56"}
{"timestamp": "2026-04-14T16:40:06.607684Z", "level": "INFO", "name": "root", "message": "GET /metrics - 200", "method": "GET", "path": "/metrics", "status_code": 200, "duration_ms": 1006.19, "payload": null, "service": "telemetry-podman", "request_id": "784957af-405f-4959-aa5d-be1a796e145d"}
{"timestamp": "2026-04-14T16:40:07.615454Z", "level": "INFO", "name": "root", "message": "GET /metrics - 200", "method": "GET", "path": "/metrics", "status_code": 200, "duration_ms": 1001.44, "payload": null, "service": "telemetry-podman", "request_id": "8d5d7f5f-bce3-4ee8-becc-47337a253bf7"}
{"timestamp": "2026-04-14T16:40:08.625933Z", "level": "INFO", "name": "root", "message": "GET /metrics - 200", "method": "GET", "path": "/metrics", "status_code": 200, "duration_ms": 1004.59, "payload": null, "service": "telemetry-podman", "request_id": "038e0a9b-1ffe-4e11-aab9-e319e9e74e2a"}
{"timestamp": "2026-04-14T16:40:09.636069Z", "level": "INFO", "name": "root", "message": "GET /metrics - 200", "method": "GET", "path": "/metrics", "status_code": 200, "duration_ms": 1004.1, "payload": null, "service": "telemetry-podman", "request_id": "a739044f-feed-4d38-8e3c-bfc6f3543c64"}
{"timestamp": "2026-04-14T16:40:10.648682Z", "level": "INFO", "name": "root", "message": "GET /metrics - 200", "method": "GET", "path": "/metrics", "status_code": 200, "duration_ms": 1006.93, "payload": null, "service": "telemetry-podman", "request_id": "e52d371c-414d-4789-b191-274d6ae126de"}
{"timestamp": "2026-04-14T16:40:11.659810Z", "level": "INFO", "name": "root", "message": "GET /metrics - 200", "method": "GET", "path": "/metrics", "status_code": 200, "duration_ms": 1005.82, "payload": null, "service": "telemetry-podman", "request_id": "0a2e282f-56ee-4735-a8a6-a1c8be48bcff"}
{"timestamp": "2026-04-14T16:40:12.669928Z", "level": "INFO", "name": "root", "message": "GET /metrics - 200", "method": "GET", "path": "/metrics", "status_code": 200, "duration_ms": 1004.55, "payload": null, "service": "telemetry-podman", "request_id": "0ec99811-217d-4fbe-8cc8-d0060173e620"}
{"timestamp": "2026-04-14T16:40:13.677645Z", "level": "INFO", "name": "root", "message": "GET /metrics - 200", "method": "GET", "path": "/metrics", "status_code": 200, "duration_ms": 1002.51, "payload": null, "service": "telemetry-podman", "request_id": "4f73ef3c-a541-4de4-8a1a-3b956ddd5c2f"}
{"timestamp": "2026-04-14T16:45:04.583171Z", "level": "INFO", "name": "root", "message": "GET /metrics - 200", "method": "GET", "path": "/metrics", "status_code": 200, "duration_ms": 1002.83, "payload": null, "service": "telemetry-podman", "request_id": "53aa9051-9826-4696-99d2-32c1960e7359"}
{"timestamp": "2026-04-14T16:45:05.597342Z", "level": "INFO", "name": "root", "message": "GET /metrics - 200", "method": "GET", "path": "/metrics", "status_code": 200, "duration_ms": 1006.14, "payload": null, "service": "telemetry-podman", "request_id": "40e1db17-9691-421a-b187-df03b9635efc"}
{"timestamp": "2026-04-14T16:45:06.608486Z", "level": "INFO", "name": "root", "message": "GET /metrics - 200", "method": "GET", "path": "/metrics", "status_code": 200, "duration_ms": 1005.43, "payload": null, "service": "telemetry-podman", "request_id": "dac60259-d3b4-4d29-8c63-135b7b76bd24"}
{"timestamp": "2026-04-14T16:45:07.619597Z", "level": "INFO", "name": "root", "message": "GET /metrics - 200", "method": "GET", "path": "/metrics", "status_code": 200, "duration_ms": 1005.59, "payload": null, "service": "telemetry-podman", "request_id": "f4a634c9-4679-4d41-8f0c-0edc7398cecc"}
{"timestamp": "2026-04-14T16:45:08.627876Z", "level": "INFO", "name": "root", "message": "GET /metrics - 200", "method": "GET", "path": "/metrics", "status_code": 200, "duration_ms": 1002.58, "payload": null, "service": "telemetry-podman", "request_id": "71c9b4dc-6b45-473b-9711-845966849e4d"}
{"timestamp": "2026-04-14T16:45:09.638907Z", "level": "INFO", "name": "root", "message": "GET /metrics - 200", "method": "GET", "path": "/metrics", "status_code": 200, "duration_ms": 1005.63, "payload": null, "service": "telemetry-podman", "request_id": "35d692cd-8c38-433a-9fa6-78ad273184a6"}
{"timestamp": "2026-04-14T16:45:10.648057Z", "level": "INFO", "name": "root", "message": "GET /metrics - 200", "method": "GET", "path": "/metrics", "status_code": 200, "duration_ms": 1004.88, "payload": null, "service": "telemetry-podman", "request_id": "6ebda13f-8e69-43b9-bdb6-608d87d61408"}
{"timestamp": "2026-04-14T16:45:11.657596Z", "level": "INFO", "name": "root", "message": "GET /metrics - 200", "method": "GET", "path": "/metrics", "status_code": 200, "duration_ms": 1004.22, "payload": null, "service": "telemetry-podman", "request_id": "f161545c-e290-4d18-a157-b90bd48501a7"}
{"timestamp": "2026-04-14T16:45:12.669463Z", "level": "INFO", "name": "root", "message": "GET /metrics - 200", "method": "GET", "path": "/metrics", "status_code": 200, "duration_ms": 1005.84, "payload": null, "service": "telemetry-podman", "request_id": "69dd9186-01e6-41f2-b29c-1c309d2383ee"}
{"timestamp": "2026-04-14T16:45:13.678350Z", "level": "INFO", "name": "root", "message": "GET /metrics - 200", "method": "GET", "path": "/metrics", "status_code": 200, "duration_ms": 1003.47, "payload": null, "service": "telemetry-podman", "request_id": "2337ea34-2f21-4540-82a4-1055bf1765e7"}
{"timestamp": "2026-04-14T16:50:04.585329Z", "level": "INFO", "name": "root", "message": "GET /metrics - 200", "method": "GET", "path": "/metrics", "status_code": 200, "duration_ms": 1005.76, "payload": null, "service": "telemetry-podman", "request_id": "2e30aec5-c965-403d-b417-e6d011e2d6b2"}
{"timestamp": "2026-04-14T16:50:05.596821Z", "level": "INFO", "name": "root", "message": "GET /metrics - 200", "method": "GET", "path": "/metrics", "status_code": 200, "duration_ms": 1003.48, "payload": null, "service": "telemetry-podman", "request_id": "cd26d1ac-40bb-40b8-966a-f1e7c3b66b94"}
{"timestamp": "2026-04-14T16:50:06.605552Z", "level": "INFO", "name": "root", "message": "GET /metrics - 200", "method": "GET", "path": "/metrics", "status_code": 200, "duration_ms": 1003.42, "payload": null, "service": "telemetry-podman", "request_id": "bd24b689-fbbd-4ff2-a2e1-79c99d73803e"}
{"timestamp": "2026-04-14T16:50:07.617012Z", "level": "INFO", "name": "root", "message": "GET /metrics - 200", "method": "GET", "path": "/metrics", "status_code": 200, "duration_ms": 1005.58, "payload": null, "service": "telemetry-podman", "request_id": "c5ad571f-a4e0-41e2-8903-dcc495c42979"}
{"timestamp": "2026-04-14T16:50:08.626999Z", "level": "INFO", "name": "root", "message": "GET /metrics - 200", "method": "GET", "path": "/metrics", "status_code": 200, "duration_ms": 1003.72, "payload": null, "service": "telemetry-podman", "request_id": "e13adbe0-40df-40b6-bcd3-7992620f8fcf"}
{"timestamp": "2026-04-14T16:50:09.635674Z", "level": "INFO", "name": "root", "message": "GET /metrics - 200", "method": "GET", "path": "/metrics", "status_code": 200, "duration_ms": 1003.13, "payload": null, "service": "telemetry-podman", "request_id": "549526b4-a88f-4bc2-a6af-c79952c34317"}
{"timestamp": "2026-04-14T16:50:10.647059Z", "level": "INFO", "name": "root", "message": "GET /metrics - 200", "method": "GET", "path": "/metrics", "status_code": 200, "duration_ms": 1005.47, "payload": null, "service": "telemetry-podman", "request_id": "b3f23e87-4e79-4ee7-abc3-f1264405702e"}
{"timestamp": "2026-04-14T16:50:11.658099Z", "level": "INFO", "name": "root", "message": "GET /metrics - 200", "method": "GET", "path": "/metrics", "status_code": 200, "duration_ms": 1005.92, "payload": null, "service": "telemetry-podman", "request_id": "951de314-c8b8-4e5e-bbf9-8a3b10bc0a2c"}
{"timestamp": "2026-04-14T16:50:12.669925Z", "level": "INFO", "name": "root", "message": "GET /metrics - 200", "method": "GET", "path": "/metrics", "status_code": 200, "duration_ms": 1006.2, "payload": null, "service": "telemetry-podman", "request_id": "f7587e9b-e5cb-4308-a3e1-822387f4c140"}
{"timestamp": "2026-04-14T16:50:13.679650Z", "level": "INFO", "name": "root", "message": "GET /metrics - 200", "method": "GET", "path": "/metrics", "status_code": 200, "duration_ms": 1003.16, "payload": null, "service": "telemetry-podman", "request_id": "ded2cadb-6a92-4fd6-8379-736e34c6a6df"}
{"timestamp": "2026-04-14T16:55:04.588506Z", "level": "INFO", "name": "root", "message": "GET /metrics - 200", "method": "GET", "path": "/metrics", "status_code": 200, "duration_ms": 1005.83, "payload": null, "service": "telemetry-podman", "request_id": "51254403-23f7-4dfe-8818-ceef4f300ae0"}
{"timestamp": "2026-04-14T16:55:05.601338Z", "level": "INFO", "name": "root", "message": "GET /metrics - 200", "method": "GET", "path": "/metrics", "status_code": 200, "duration_ms": 1004.67, "payload": null, "service": "telemetry-podman", "request_id": "d084f27c-895d-4c80-820f-7e53e22cb0f8"}
{"timestamp": "2026-04-14T16:55:06.613560Z", "level": "INFO", "name": "root", "message": "GET /metrics - 200", "method": "GET", "path": "/metrics", "status_code": 200, "duration_ms": 1006.16, "payload": null, "service": "telemetry-podman", "request_id": "5d0889e8-79df-4ccc-b400-0c48cd6d36ae"}
{"timestamp": "2026-04-14T16:55:07.621767Z", "level": "INFO", "name": "root", "message": "GET /metrics - 200", "method": "GET", "path": "/metrics", "status_code": 200, "duration_ms": 1002.42, "payload": null, "service": "telemetry-podman", "request_id": "e9636246-bde7-427f-82f2-df9d1d5aa675"}
{"timestamp": "2026-04-14T16:55:08.632693Z", "level": "INFO", "name": "root", "message": "GET /metrics - 200", "method": "GET", "path": "/metrics", "status_code": 200, "duration_ms": 1005.16, "payload": null, "service": "telemetry-podman", "request_id": "822fba2e-22f0-482a-937a-eaf03d2a536c"}
{"timestamp": "2026-04-14T16:55:09.643392Z", "level": "INFO", "name": "root", "message": "GET /metrics - 200", "method": "GET", "path": "/metrics", "status_code": 200, "duration_ms": 1005.57, "payload": null, "service": "telemetry-podman", "request_id": "c1a9e833-861f-4e28-9637-e46773c5a953"}
{"timestamp": "2026-04-14T16:55:10.655120Z", "level": "INFO", "name": "root", "message": "GET /metrics - 200", "method": "GET", "path": "/metrics", "status_code": 200, "duration_ms": 1006.09, "payload": null, "service": "telemetry-podman", "request_id": "71d0b7b4-95fa-4cb3-85b6-7cb9914d2998"}
{"timestamp": "2026-04-14T16:55:11.666713Z", "level": "INFO", "name": "root", "message": "GET /metrics - 200", "method": "GET", "path": "/metrics", "status_code": 200, "duration_ms": 1005.93, "payload": null, "service": "telemetry-podman", "request_id": "a93f4ba2-a744-44ae-b042-e4486536eece"}
{"timestamp": "2026-04-14T16:55:12.676511Z", "level": "INFO", "name": "root", "message": "GET /metrics - 200", "method": "GET", "path": "/metrics", "status_code": 200, "duration_ms": 1003.9, "payload": null, "service": "telemetry-podman", "request_id": "3ede89c9-07e0-45d8-b323-7a4d7376a145"}
{"timestamp": "2026-04-14T16:55:13.686907Z", "level": "INFO", "name": "root", "message": "GET /metrics - 200", "method": "GET", "path": "/metrics", "status_code": 200, "duration_ms": 1004.54, "payload": null, "service": "telemetry-podman", "request_id": "352d1bb6-b596-46ad-a727-7480fc29e6a2"}
{"timestamp": "2026-04-14T17:00:04.587561Z", "level": "INFO", "name": "root", "message": "GET /metrics - 200", "method": "GET", "path": "/metrics", "status_code": 200, "duration_ms": 1005.2, "payload": null, "service": "telemetry-podman", "request_id": "09c5f5c0-c507-4b4a-9f92-ee79607d4693"}
{"timestamp": "2026-04-14T17:00:05.603421Z", "level": "INFO", "name": "root", "message": "GET /metrics - 200", "method": "GET", "path": "/metrics", "status_code": 200, "duration_ms": 1006.07, "payload": null, "service": "telemetry-podman", "request_id": "07c5bb86-2eb9-4223-ae93-8ea4746930a2"}
{"timestamp": "2026-04-14T17:00:06.614830Z", "level": "INFO", "name": "root", "message": "GET /metrics - 200", "method": "GET", "path": "/metrics", "status_code": 200, "duration_ms": 1005.65, "payload": null, "service": "telemetry-podman", "request_id": "8a586237-3b38-45ac-9e8b-901a8f2167b2"}
{"timestamp": "2026-04-14T17:00:07.623917Z", "level": "INFO", "name": "root", "message": "GET /metrics - 200", "method": "GET", "path": "/metrics", "status_code": 200, "duration_ms": 1003.22, "payload": null, "service": "telemetry-podman", "request_id": "ed5998f6-7bf7-410b-b56f-e26244626312"}
{"timestamp": "2026-04-14T17:00:08.631288Z", "level": "INFO", "name": "root", "message": "GET /metrics - 200", "method": "GET", "path": "/metrics", "status_code": 200, "duration_ms": 1002.07, "payload": null, "service": "telemetry-podman", "request_id": "caecb3d6-0afb-4efa-9629-644f26e62c3b"}
{"timestamp": "2026-04-14T17:00:09.639168Z", "level": "INFO", "name": "root", "message": "GET /metrics - 200", "method": "GET", "path": "/metrics", "status_code": 200, "duration_ms": 1002.01, "payload": null, "service": "telemetry-podman", "request_id": "b5c0fbe6-7bd4-462d-8593-caa9ce798887"}
{"timestamp": "2026-04-14T17:00:10.649656Z", "level": "INFO", "name": "root", "message": "GET /metrics - 200", "method": "GET", "path": "/metrics", "status_code": 200, "duration_ms": 1004.86, "payload": null, "service": "telemetry-podman", "request_id": "0408bce5-5ff8-4ec1-8a7b-cd94ef2931ae"}
{"timestamp": "2026-04-14T17:00:11.660579Z", "level": "INFO", "name": "root", "message": "GET /metrics - 200", "method": "GET", "path": "/metrics", "status_code": 200, "duration_ms": 1005.26, "payload": null, "service": "telemetry-podman", "request_id": "e85dff94-9f67-48ed-841f-f6b0f9558d88"}
{"timestamp": "2026-04-14T17:00:12.670575Z", "level": "INFO", "name": "root", "message": "GET /metrics - 200", "method": "GET", "path": "/metrics", "status_code": 200, "duration_ms": 1004.96, "payload": null, "service": "telemetry-podman", "request_id": "7f17db64-b3bf-45c7-8a85-c06c7d4f36a2"}
{"timestamp": "2026-04-14T17:00:13.681124Z", "level": "INFO", "name": "root", "message": "GET /metrics - 200", "method": "GET", "path": "/metrics", "status_code": 200, "duration_ms": 1004.86, "payload": null, "service": "telemetry-podman", "request_id": "ab247e61-0970-40b7-8c50-0a9fe4ebf98a"}
{"timestamp": "2026-04-14T17:05:04.588979Z", "level": "INFO", "name": "root", "message": "GET /metrics - 200", "method": "GET", "path": "/metrics", "status_code": 200, "duration_ms": 1007.07, "payload": null, "service": "telemetry-podman", "request_id": "fabaf58b-5649-40e4-974c-422640978691"}
{"timestamp": "2026-04-14T17:05:05.603181Z", "level": "INFO", "name": "root", "message": "GET /metrics - 200", "method": "GET", "path": "/metrics", "status_code": 200, "duration_ms": 1004.57, "payload": null, "service": "telemetry-podman", "request_id": "642efe12-e057-407b-9a59-7b3dd6499925"}
{"timestamp": "2026-04-14T17:05:06.613387Z", "level": "INFO", "name": "root", "message": "GET /metrics - 200", "method": "GET", "path": "/metrics", "status_code": 200, "duration_ms": 1004.74, "payload": null, "service": "telemetry-podman", "request_id": "9202e87e-cd78-49f7-ad7e-c1450cc2a74e"}
{"timestamp": "2026-04-14T17:05:07.625685Z", "level": "INFO", "name": "root", "message": "GET /metrics - 200", "method": "GET", "path": "/metrics", "status_code": 200, "duration_ms": 1006.09, "payload": null, "service": "telemetry-podman", "request_id": "7181522d-e3c3-4974-a20d-69a77d98008a"}
{"timestamp": "2026-04-14T17:05:08.636170Z", "level": "INFO", "name": "root", "message": "GET /metrics - 200", "method": "GET", "path": "/metrics", "status_code": 200, "duration_ms": 1004.69, "payload": null, "service": "telemetry-podman", "request_id": "20e5eb58-acb9-4faf-a4c8-3a453ba5af8c"}
{"timestamp": "2026-04-14T17:05:09.646096Z", "level": "INFO", "name": "root", "message": "GET /metrics - 200", "method": "GET", "path": "/metrics", "status_code": 200, "duration_ms": 1004.36, "payload": null, "service": "telemetry-podman", "request_id": "f686bddd-d395-4b31-beb5-8384b94e98df"}
{"timestamp": "2026-04-14T17:05:10.656381Z", "level": "INFO", "name": "root", "message": "GET /metrics - 200", "method": "GET", "path": "/metrics", "status_code": 200, "duration_ms": 1005.21, "payload": null, "service": "telemetry-podman", "request_id": "2908489e-b2ac-4c78-8e73-df8eedb05182"}
{"timestamp": "2026-04-14T17:05:11.668352Z", "level": "INFO", "name": "root", "message": "GET /metrics - 200", "method": "GET", "path": "/metrics", "status_code": 200, "duration_ms": 1005.52, "payload": null, "service": "telemetry-podman", "request_id": "eedcfc1f-7bb7-48af-bc63-5dcc2cb994cc"}
{"timestamp": "2026-04-14T17:05:12.680915Z", "level": "INFO", "name": "root", "message": "GET /metrics - 200", "method": "GET", "path": "/metrics", "status_code": 200, "duration_ms": 1006.29, "payload": null, "service": "telemetry-podman", "request_id": "ada9e304-d867-4da5-a14b-848cec7a1e40"}
{"timestamp": "2026-04-14T17:05:13.693420Z", "level": "INFO", "name": "root", "message": "GET /metrics - 200", "method": "GET", "path": "/metrics", "status_code": 200, "duration_ms": 1006.05, "payload": null, "service": "telemetry-podman", "request_id": "a989d695-a1e9-43a9-a999-c3c6f46f4377"}
{"timestamp": "2026-04-14T17:10:04.583330Z", "level": "INFO", "name": "root", "message": "GET /metrics - 200", "method": "GET", "path": "/metrics", "status_code": 200, "duration_ms": 1003.07, "payload": null, "service": "telemetry-podman", "request_id": "5f7ac339-e5e2-46c9-a5b7-43516f59c0e4"}
{"timestamp": "2026-04-14T17:10:05.597661Z", "level": "INFO", "name": "root", "message": "GET /metrics - 200", "method": "GET", "path": "/metrics", "status_code": 200, "duration_ms": 1005.91, "payload": null, "service": "telemetry-podman", "request_id": "a3db692e-befb-42b0-86ff-f8390a2fd62a"}
{"timestamp": "2026-04-14T17:10:06.608091Z", "level": "INFO", "name": "root", "message": "GET /metrics - 200", "method": "GET", "path": "/metrics", "status_code": 200, "duration_ms": 1005.82, "payload": null, "service": "telemetry-podman", "request_id": "ba2be71e-bd31-4133-a72d-1363d370ee0a"}
{"timestamp": "2026-04-14T17:10:07.617248Z", "level": "INFO", "name": "root", "message": "GET /metrics - 200", "method": "GET", "path": "/metrics", "status_code": 200, "duration_ms": 1005.16, "payload": null, "service": "telemetry-podman", "request_id": "fdcb68fc-a02b-4bf3-abe2-83124a4597f5"}
{"timestamp": "2026-04-14T17:10:08.627819Z", "level": "INFO", "name": "root", "message": "GET /metrics - 200", "method": "GET", "path": "/metrics", "status_code": 200, "duration_ms": 1006.23, "payload": null, "service": "telemetry-podman", "request_id": "94732fd8-4cd4-423f-b4b4-92636c628ea7"}
{"timestamp": "2026-04-14T17:10:09.637892Z", "level": "INFO", "name": "root", "message": "GET /metrics - 200", "method": "GET", "path": "/metrics", "status_code": 200, "duration_ms": 1003.68, "payload": null, "service": "telemetry-podman", "request_id": "00ff6d58-c22c-4e4b-a283-5f2d9bc39d06"}
{"timestamp": "2026-04-14T17:10:10.650059Z", "level": "INFO", "name": "root", "message": "GET /metrics - 200", "method": "GET", "path": "/metrics", "status_code": 200, "duration_ms": 1006.08, "payload": null, "service": "telemetry-podman", "request_id": "1766a9e1-993b-4254-8811-f7a9c9581b5a"}
{"timestamp": "2026-04-14T17:10:11.661336Z", "level": "INFO", "name": "root", "message": "GET /metrics - 200", "method": "GET", "path": "/metrics", "status_code": 200, "duration_ms": 1005.94, "payload": null, "service": "telemetry-podman", "request_id": "ffe56eb3-b03f-4ec1-a893-c7b6d70462ae"}
{"timestamp": "2026-04-14T17:10:12.672670Z", "level": "INFO", "name": "root", "message": "GET /metrics - 200", "method": "GET", "path": "/metrics", "status_code": 200, "duration_ms": 1005.37, "payload": null, "service": "telemetry-podman", "request_id": "ca075117-4350-444d-a736-92a9fc1eca0c"}
{"timestamp": "2026-04-14T17:10:13.683588Z", "level": "INFO", "name": "root", "message": "GET /metrics - 200", "method": "GET", "path": "/metrics", "status_code": 200, "duration_ms": 1005.22, "payload": null, "service": "telemetry-podman", "request_id": "bcac9051-922f-455f-84b6-9591bbbdb986"}
{"timestamp": "2026-04-14T17:15:04.583718Z", "level": "INFO", "name": "root", "message": "GET /metrics - 200", "method": "GET", "path": "/metrics", "status_code": 200, "duration_ms": 1003.33, "payload": null, "service": "telemetry-podman", "request_id": "91d88669-9be1-4ac7-8a05-759656883acc"}
{"timestamp": "2026-04-14T17:15:05.595691Z", "level": "INFO", "name": "root", "message": "GET /metrics - 200", "method": "GET", "path": "/metrics", "status_code": 200, "duration_ms": 1003.58, "payload": null, "service": "telemetry-podman", "request_id": "ab416516-c0b8-4288-9f1d-27213adfce67"}
{"timestamp": "2026-04-14T17:15:06.607490Z", "level": "INFO", "name": "root", "message": "GET /metrics - 200", "method": "GET", "path": "/metrics", "status_code": 200, "duration_ms": 1006.24, "payload": null, "service": "telemetry-podman", "request_id": "8f7c4013-1363-48a0-9735-9850889f48bf"}
{"timestamp": "2026-04-14T17:15:07.616504Z", "level": "INFO", "name": "root", "message": "GET /metrics - 200", "method": "GET", "path": "/metrics", "status_code": 200, "duration_ms": 1003.72, "payload": null, "service": "telemetry-podman", "request_id": "bf2ea812-3192-40ff-8829-01d9aa47805d"}
{"timestamp": "2026-04-14T17:15:08.628098Z", "level": "INFO", "name": "root", "message": "GET /metrics - 200", "method": "GET", "path": "/metrics", "status_code": 200, "duration_ms": 1006.24, "payload": null, "service": "telemetry-podman", "request_id": "f6fa5e0a-3ea6-4dc2-8e54-5c945defca29"}
{"timestamp": "2026-04-14T17:15:09.639612Z", "level": "INFO", "name": "root", "message": "GET /metrics - 200", "method": "GET", "path": "/metrics", "status_code": 200, "duration_ms": 1005.66, "payload": null, "service": "telemetry-podman", "request_id": "d8306600-07ae-43dc-8d5d-30848c98541c"}
{"timestamp": "2026-04-14T17:15:10.649927Z", "level": "INFO", "name": "root", "message": "GET /metrics - 200", "method": "GET", "path": "/metrics", "status_code": 200, "duration_ms": 1004.57, "payload": null, "service": "telemetry-podman", "request_id": "26bda21e-3fdd-4351-9fc2-4c6e7e8bcd21"}
{"timestamp": "2026-04-14T17:15:11.657126Z", "level": "INFO", "name": "root", "message": "GET /metrics - 200", "method": "GET", "path": "/metrics", "status_code": 200, "duration_ms": 1001.5, "payload": null, "service": "telemetry-podman", "request_id": "031c8bd2-4557-4d1d-b77c-7f9a2c6028c7"}
{"timestamp": "2026-04-14T17:15:12.664705Z", "level": "INFO", "name": "root", "message": "GET /metrics - 200", "method": "GET", "path": "/metrics", "status_code": 200, "duration_ms": 1002.4, "payload": null, "service": "telemetry-podman", "request_id": "0abb8c96-207d-4c40-8a49-c6c7bc4a753b"}
{"timestamp": "2026-04-14T17:15:13.676714Z", "level": "INFO", "name": "root", "message": "GET /metrics - 200", "method": "GET", "path": "/metrics", "status_code": 200, "duration_ms": 1006.22, "payload": null, "service": "telemetry-podman", "request_id": "1f024da5-fdfa-4a3f-85bc-d10528938eb1"}
{"timestamp": "2026-04-14T17:20:04.587708Z", "level": "INFO", "name": "root", "message": "GET /metrics - 200", "method": "GET", "path": "/metrics", "status_code": 200, "duration_ms": 1004.8, "payload": null, "service": "telemetry-podman", "request_id": "1ec57c6d-5dc0-4330-a7db-49fc60ab243c"}
{"timestamp": "2026-04-14T17:20:05.602062Z", "level": "INFO", "name": "root", "message": "GET /metrics - 200", "method": "GET", "path": "/metrics", "status_code": 200, "duration_ms": 1005.64, "payload": null, "service": "telemetry-podman", "request_id": "b180f13e-39a0-45da-9840-33f9c25e0854"}
{"timestamp": "2026-04-14T17:20:06.612240Z", "level": "INFO", "name": "root", "message": "GET /metrics - 200", "method": "GET", "path": "/metrics", "status_code": 200, "duration_ms": 1004.79, "payload": null, "service": "telemetry-podman", "request_id": "82153c3f-01ec-4f9e-a8cf-37c61628b2b3"}
{"timestamp": "2026-04-14T17:20:07.623315Z", "level": "INFO", "name": "root", "message": "GET /metrics - 200", "method": "GET", "path": "/metrics", "status_code": 200, "duration_ms": 1006.04, "payload": null, "service": "telemetry-podman", "request_id": "072c179a-5463-493c-9d79-67236ed15377"}
{"timestamp": "2026-04-14T17:20:08.634532Z", "level": "INFO", "name": "root", "message": "GET /metrics - 200", "method": "GET", "path": "/metrics", "status_code": 200, "duration_ms": 1005.54, "payload": null, "service": "telemetry-podman", "request_id": "412413ee-562f-4a83-ad37-a82bce559731"}
{"timestamp": "2026-04-14T17:20:09.643711Z", "level": "INFO", "name": "root", "message": "GET /metrics - 200", "method": "GET", "path": "/metrics", "status_code": 200, "duration_ms": 1003.52, "payload": null, "service": "telemetry-podman", "request_id": "40bb0328-b64f-4d41-b222-b7f5c6719f15"}
{"timestamp": "2026-04-14T17:20:10.655181Z", "level": "INFO", "name": "root", "message": "GET /metrics - 200", "method": "GET", "path": "/metrics", "status_code": 200, "duration_ms": 1005.89, "payload": null, "service": "telemetry-podman", "request_id": "96807bde-4e21-4060-9223-9c197ee75d02"}
{"timestamp": "2026-04-14T17:20:11.667079Z", "level": "INFO", "name": "root", "message": "GET /metrics - 200", "method": "GET", "path": "/metrics", "status_code": 200, "duration_ms": 1006.09, "payload": null, "service": "telemetry-podman", "request_id": "1d0c2ea0-12e1-4748-a3d7-693183a4c409"}
{"timestamp": "2026-04-14T17:20:12.677917Z", "level": "INFO", "name": "root", "message": "GET /metrics - 200", "method": "GET", "path": "/metrics", "status_code": 200, "duration_ms": 1004.8, "payload": null, "service": "telemetry-podman", "request_id": "6e6c62af-5f45-46b0-b2d7-a7a96fa4d157"}
{"timestamp": "2026-04-14T17:20:13.687748Z", "level": "INFO", "name": "root", "message": "GET /metrics - 200", "method": "GET", "path": "/metrics", "status_code": 200, "duration_ms": 1004.02, "payload": null, "service": "telemetry-podman", "request_id": "ba43721a-ec22-49ce-8d98-708eb4dfeedf"}
{"timestamp": "2026-04-14T17:25:04.584911Z", "level": "INFO", "name": "root", "message": "GET /metrics - 200", "method": "GET", "path": "/metrics", "status_code": 200, "duration_ms": 1002.24, "payload": null, "service": "telemetry-podman", "request_id": "b7cb1422-13c2-45ab-8595-06a1d1476a69"}
{"timestamp": "2026-04-14T17:25:05.595919Z", "level": "INFO", "name": "root", "message": "GET /metrics - 200", "method": "GET", "path": "/metrics", "status_code": 200, "duration_ms": 1002.81, "payload": null, "service": "telemetry-podman", "request_id": "68d29028-da22-4f9a-9cc4-d7199e08dca4"}
{"timestamp": "2026-04-14T17:25:06.605958Z", "level": "INFO", "name": "root", "message": "GET /metrics - 200", "method": "GET", "path": "/metrics", "status_code": 200, "duration_ms": 1004.06, "payload": null, "service": "telemetry-podman", "request_id": "dd503a71-9956-44d0-941a-b2287ca17b3b"}
{"timestamp": "2026-04-14T17:25:07.616215Z", "level": "INFO", "name": "root", "message": "GET /metrics - 200", "method": "GET", "path": "/metrics", "status_code": 200, "duration_ms": 1004.47, "payload": null, "service": "telemetry-podman", "request_id": "55c1bd7b-2017-44b6-9794-5b9bf3dd79ec"}
{"timestamp": "2026-04-14T17:25:08.628555Z", "level": "INFO", "name": "root", "message": "GET /metrics - 200", "method": "GET", "path": "/metrics", "status_code": 200, "duration_ms": 1006.13, "payload": null, "service": "telemetry-podman", "request_id": "4f7dbc2a-06d2-46b8-bca9-2e9a5eda4567"}
{"timestamp": "2026-04-14T17:25:09.639534Z", "level": "INFO", "name": "root", "message": "GET /metrics - 200", "method": "GET", "path": "/metrics", "status_code": 200, "duration_ms": 1004.72, "payload": null, "service": "telemetry-podman", "request_id": "0842b9ad-1f40-4e4d-92ff-a4efa357fc6b"}
{"timestamp": "2026-04-14T17:25:10.648020Z", "level": "INFO", "name": "root", "message": "GET /metrics - 200", "method": "GET", "path": "/metrics", "status_code": 200, "duration_ms": 1003.07, "payload": null, "service": "telemetry-podman", "request_id": "df510ae0-44f2-4412-9167-60b5454af7f2"}
{"timestamp": "2026-04-14T17:25:11.659181Z", "level": "INFO", "name": "root", "message": "GET /metrics - 200", "method": "GET", "path": "/metrics", "status_code": 200, "duration_ms": 1005.77, "payload": null, "service": "telemetry-podman", "request_id": "6e27d67f-8bd9-42b3-b23d-74f3bdf434c3"}
{"timestamp": "2026-04-14T17:25:12.670628Z", "level": "INFO", "name": "root", "message": "GET /metrics - 200", "method": "GET", "path": "/metrics", "status_code": 200, "duration_ms": 1005.54, "payload": null, "service": "telemetry-podman", "request_id": "67f5eef0-f13f-4c1e-bf71-3febff2bcfc4"}
{"timestamp": "2026-04-14T17:25:13.678573Z", "level": "INFO", "name": "root", "message": "GET /metrics - 200", "method": "GET", "path": "/metrics", "status_code": 200, "duration_ms": 1001.71, "payload": null, "service": "telemetry-podman", "request_id": "a62299c8-3411-442a-be1b-1cada78142e2"}
{"timestamp": "2026-04-14T17:30:04.583868Z", "level": "INFO", "name": "root", "message": "GET /metrics - 200", "method": "GET", "path": "/metrics", "status_code": 200, "duration_ms": 1005.58, "payload": null, "service": "telemetry-podman", "request_id": "2e65f9e5-6705-492c-9ae1-95eb11973be1"}
{"timestamp": "2026-04-14T17:30:05.597058Z", "level": "INFO", "name": "root", "message": "GET /metrics - 200", "method": "GET", "path": "/metrics", "status_code": 200, "duration_ms": 1004.74, "payload": null, "service": "telemetry-podman", "request_id": "a242ab4b-cfe3-4d36-a287-7c1455a50e8b"}
{"timestamp": "2026-04-14T17:30:06.604010Z", "level": "INFO", "name": "root", "message": "GET /metrics - 200", "method": "GET", "path": "/metrics", "status_code": 200, "duration_ms": 1000.98, "payload": null, "service": "telemetry-podman", "request_id": "6e6ed829-122e-4659-badd-56aacfd7ec97"}
{"timestamp": "2026-04-14T17:30:07.613722Z", "level": "INFO", "name": "root", "message": "GET /metrics - 200", "method": "GET", "path": "/metrics", "status_code": 200, "duration_ms": 1005.25, "payload": null, "service": "telemetry-podman", "request_id": "a6ae845c-0c2f-4940-87f6-c448e79c21fe"}
{"timestamp": "2026-04-14T17:30:08.626140Z", "level": "INFO", "name": "root", "message": "GET /metrics - 200", "method": "GET", "path": "/metrics", "status_code": 200, "duration_ms": 1006.16, "payload": null, "service": "telemetry-podman", "request_id": "6b18a7d0-7fad-4632-a85e-34d4b626f17f"}
{"timestamp": "2026-04-14T17:30:09.639451Z", "level": "INFO", "name": "root", "message": "GET /metrics - 200", "method": "GET", "path": "/metrics", "status_code": 200, "duration_ms": 1006.3, "payload": null, "service": "telemetry-podman", "request_id": "1a35c8b5-e8aa-4dee-ae89-4e7947e3264c"}
{"timestamp": "2026-04-14T17:30:10.647183Z", "level": "INFO", "name": "root", "message": "GET /metrics - 200", "method": "GET", "path": "/metrics", "status_code": 200, "duration_ms": 1002.31, "payload": null, "service": "telemetry-podman", "request_id": "5f32f6cb-4a44-4782-bbf2-d761d48392f9"}
{"timestamp": "2026-04-14T17:30:11.655354Z", "level": "INFO", "name": "root", "message": "GET /metrics - 200", "method": "GET", "path": "/metrics", "status_code": 200, "duration_ms": 1003.57, "payload": null, "service": "telemetry-podman", "request_id": "eac42c6e-3b97-4e57-9d15-54a326548a6e"}
{"timestamp": "2026-04-14T17:30:12.665135Z", "level": "INFO", "name": "root", "message": "GET /metrics - 200", "method": "GET", "path": "/metrics", "status_code": 200, "duration_ms": 1004.77, "payload": null, "service": "telemetry-podman", "request_id": "67d83052-db91-4eef-8f72-e92744ba6d62"}
{"timestamp": "2026-04-14T17:30:13.675677Z", "level": "INFO", "name": "root", "message": "GET /metrics - 200", "method": "GET", "path": "/metrics", "status_code": 200, "duration_ms": 1005.15, "payload": null, "service": "telemetry-podman", "request_id": "aec32598-e979-42fb-8588-5693a88edb91"}
{"timestamp": "2026-04-14T17:35:04.587387Z", "level": "INFO", "name": "root", "message": "GET /metrics - 200", "method": "GET", "path": "/metrics", "status_code": 200, "duration_ms": 1005.93, "payload": null, "service": "telemetry-podman", "request_id": "55330564-c2b0-434f-a3a3-8e5caa942229"}
{"timestamp": "2026-04-14T17:35:05.597164Z", "level": "INFO", "name": "root", "message": "GET /metrics - 200", "method": "GET", "path": "/metrics", "status_code": 200, "duration_ms": 1001.65, "payload": null, "service": "telemetry-podman", "request_id": "c7dfdcd5-b309-4016-af91-a035f6f148f3"}
{"timestamp": "2026-04-14T17:35:06.606567Z", "level": "INFO", "name": "root", "message": "GET /metrics - 200", "method": "GET", "path": "/metrics", "status_code": 200, "duration_ms": 1005.85, "payload": null, "service": "telemetry-podman", "request_id": "e9750183-f595-4284-a199-624953d93f63"}
{"timestamp": "2026-04-14T17:35:07.615085Z", "level": "INFO", "name": "root", "message": "GET /metrics - 200", "method": "GET", "path": "/metrics", "status_code": 200, "duration_ms": 1003.87, "payload": null, "service": "telemetry-podman", "request_id": "00f490c7-5eda-4ca8-932a-c45b8d03e175"}
{"timestamp": "2026-04-14T17:35:08.624605Z", "level": "INFO", "name": "root", "message": "GET /metrics - 200", "method": "GET", "path": "/metrics", "status_code": 200, "duration_ms": 1003.91, "payload": null, "service": "telemetry-podman", "request_id": "49a154b9-9e2f-4327-a5e1-0a3a62315eec"}
{"timestamp": "2026-04-14T17:35:09.636571Z", "level": "INFO", "name": "root", "message": "GET /metrics - 200", "method": "GET", "path": "/metrics", "status_code": 200, "duration_ms": 1006.17, "payload": null, "service": "telemetry-podman", "request_id": "2551b6b2-fd5a-4499-bd8a-ed8e36d74dfb"}
{"timestamp": "2026-04-14T17:35:10.646583Z", "level": "INFO", "name": "root", "message": "GET /metrics - 200", "method": "GET", "path": "/metrics", "status_code": 200, "duration_ms": 1004.16, "payload": null, "service": "telemetry-podman", "request_id": "861d6c37-e115-4d6b-bd04-400b3572fd2a"}
{"timestamp": "2026-04-14T17:35:11.657561Z", "level": "INFO", "name": "root", "message": "GET /metrics - 200", "method": "GET", "path": "/metrics", "status_code": 200, "duration_ms": 1005.76, "payload": null, "service": "telemetry-podman", "request_id": "1eb7694b-f420-4f53-a5af-221c87f53dbd"}
{"timestamp": "2026-04-14T17:35:12.667885Z", "level": "INFO", "name": "root", "message": "GET /metrics - 200", "method": "GET", "path": "/metrics", "status_code": 200, "duration_ms": 1004.53, "payload": null, "service": "telemetry-podman", "request_id": "d74fd33b-73bb-4a60-91d8-a4b29f226127"}
{"timestamp": "2026-04-14T17:35:13.680023Z", "level": "INFO", "name": "root", "message": "GET /metrics - 200", "method": "GET", "path": "/metrics", "status_code": 200, "duration_ms": 1006.21, "payload": null, "service": "telemetry-podman", "request_id": "a64514d7-f8ff-4ee4-b094-52e313b92402"}
{"timestamp": "2026-04-14T17:40:04.584835Z", "level": "INFO", "name": "root", "message": "GET /metrics - 200", "method": "GET", "path": "/metrics", "status_code": 200, "duration_ms": 1002.41, "payload": null, "service": "telemetry-podman", "request_id": "4d876533-4fb4-4219-8879-d92f09411389"}
{"timestamp": "2026-04-14T17:40:05.590306Z", "level": "INFO", "name": "root", "message": "GET /metrics - 200", "method": "GET", "path": "/metrics", "status_code": 200, "duration_ms": 1001.19, "payload": null, "service": "telemetry-podman", "request_id": "24e010db-8e08-4035-af1c-1e5488580634"}
{"timestamp": "2026-04-14T17:40:06.601727Z", "level": "INFO", "name": "root", "message": "GET /metrics - 200", "method": "GET", "path": "/metrics", "status_code": 200, "duration_ms": 1006.08, "payload": null, "service": "telemetry-podman", "request_id": "584efa40-848a-4fd8-83b1-f360d308e91f"}
{"timestamp": "2026-04-14T17:40:07.611977Z", "level": "INFO", "name": "root", "message": "GET /metrics - 200", "method": "GET", "path": "/metrics", "status_code": 200, "duration_ms": 1004.59, "payload": null, "service": "telemetry-podman", "request_id": "8b29a1d8-900f-4f6e-899e-94962ee9b0a3"}
{"timestamp": "2026-04-14T17:40:08.620791Z", "level": "INFO", "name": "root", "message": "GET /metrics - 200", "method": "GET", "path": "/metrics", "status_code": 200, "duration_ms": 1003.64, "payload": null, "service": "telemetry-podman", "request_id": "0e37146e-2730-4b8d-a35a-97273d661b5d"}
{"timestamp": "2026-04-14T17:40:09.631171Z", "level": "INFO", "name": "root", "message": "GET /metrics - 200", "method": "GET", "path": "/metrics", "status_code": 200, "duration_ms": 1004.83, "payload": null, "service": "telemetry-podman", "request_id": "3689435f-169e-4f6e-bef2-f42bf8caf600"}
{"timestamp": "2026-04-14T17:40:10.641372Z", "level": "INFO", "name": "root", "message": "GET /metrics - 200", "method": "GET", "path": "/metrics", "status_code": 200, "duration_ms": 1004.39, "payload": null, "service": "telemetry-podman", "request_id": "9b12be8e-40e4-49c7-8c4e-406c6bffbd42"}
{"timestamp": "2026-04-14T17:40:11.651818Z", "level": "INFO", "name": "root", "message": "GET /metrics - 200", "method": "GET", "path": "/metrics", "status_code": 200, "duration_ms": 1005.15, "payload": null, "service": "telemetry-podman", "request_id": "d6ce321a-fe0a-442b-98b8-e5378fdd5a9a"}
{"timestamp": "2026-04-14T17:40:12.661648Z", "level": "INFO", "name": "root", "message": "GET /metrics - 200", "method": "GET", "path": "/metrics", "status_code": 200, "duration_ms": 1004.19, "payload": null, "service": "telemetry-podman", "request_id": "b1274e38-5f9c-44bd-a269-16bb8c32c345"}
{"timestamp": "2026-04-14T17:40:13.670778Z", "level": "INFO", "name": "root", "message": "GET /metrics - 200", "method": "GET", "path": "/metrics", "status_code": 200, "duration_ms": 1006.11, "payload": null, "service": "telemetry-podman", "request_id": "c2526058-b3de-4d63-81d0-c64dc8305b4e"}
{"timestamp": "2026-04-14T17:45:04.584635Z", "level": "INFO", "name": "root", "message": "GET /metrics - 200", "method": "GET", "path": "/metrics", "status_code": 200, "duration_ms": 1006.3, "payload": null, "service": "telemetry-podman", "request_id": "23d9526d-8643-44ce-9a95-733987b319d4"}
{"timestamp": "2026-04-14T17:45:05.594660Z", "level": "INFO", "name": "root", "message": "GET /metrics - 200", "method": "GET", "path": "/metrics", "status_code": 200, "duration_ms": 1001.83, "payload": null, "service": "telemetry-podman", "request_id": "8d496f2c-9a10-466e-88b2-06e54bf7265e"}
{"timestamp": "2026-04-14T17:45:06.604236Z", "level": "INFO", "name": "root", "message": "GET /metrics - 200", "method": "GET", "path": "/metrics", "status_code": 200, "duration_ms": 1003.6, "payload": null, "service": "telemetry-podman", "request_id": "9cfbe3cb-c495-43ec-a904-d5dfba53edec"}
{"timestamp": "2026-04-14T17:45:07.614585Z", "level": "INFO", "name": "root", "message": "GET /metrics - 200", "method": "GET", "path": "/metrics", "status_code": 200, "duration_ms": 1004.8, "payload": null, "service": "telemetry-podman", "request_id": "a3283772-5721-411b-a190-c1d7222ac441"}
{"timestamp": "2026-04-14T17:45:08.624671Z", "level": "INFO", "name": "root", "message": "GET /metrics - 200", "method": "GET", "path": "/metrics", "status_code": 200, "duration_ms": 1004.43, "payload": null, "service": "telemetry-podman", "request_id": "b4b93eeb-7746-462a-b930-3f57280de417"}
{"timestamp": "2026-04-14T17:45:09.633135Z", "level": "INFO", "name": "root", "message": "GET /metrics - 200", "method": "GET", "path": "/metrics", "status_code": 200, "duration_ms": 1002.44, "payload": null, "service": "telemetry-podman", "request_id": "de58a239-f9d1-4a2e-a5bf-ba0fa5983a75"}
{"timestamp": "2026-04-14T17:45:10.644232Z", "level": "INFO", "name": "root", "message": "GET /metrics - 200", "method": "GET", "path": "/metrics", "status_code": 200, "duration_ms": 1005.51, "payload": null, "service": "telemetry-podman", "request_id": "e5cd3680-f2da-4b86-8802-bef5961355a9"}
{"timestamp": "2026-04-14T17:45:11.653870Z", "level": "INFO", "name": "root", "message": "GET /metrics - 200", "method": "GET", "path": "/metrics", "status_code": 200, "duration_ms": 1004.66, "payload": null, "service": "telemetry-podman", "request_id": "4b5dcb8e-ddcd-4330-bddf-f32dd955fa93"}
{"timestamp": "2026-04-14T17:45:12.664227Z", "level": "INFO", "name": "root", "message": "GET /metrics - 200", "method": "GET", "path": "/metrics", "status_code": 200, "duration_ms": 1004.19, "payload": null, "service": "telemetry-podman", "request_id": "e949c38a-e83e-48cc-b53d-555ee02eef22"}
{"timestamp": "2026-04-14T17:45:13.673851Z", "level": "INFO", "name": "root", "message": "GET /metrics - 200", "method": "GET", "path": "/metrics", "status_code": 200, "duration_ms": 1004.49, "payload": null, "service": "telemetry-podman", "request_id": "c242582f-468c-4874-abbf-bb583d97ab8c"}
{"timestamp": "2026-04-14T17:50:04.579875Z", "level": "INFO", "name": "root", "message": "GET /metrics - 200", "method": "GET", "path": "/metrics", "status_code": 200, "duration_ms": 1001.67, "payload": null, "service": "telemetry-podman", "request_id": "1880ccff-8be2-477c-b787-b3c50d79e9c8"}
{"timestamp": "2026-04-14T17:50:05.592365Z", "level": "INFO", "name": "root", "message": "GET /metrics - 200", "method": "GET", "path": "/metrics", "status_code": 200, "duration_ms": 1002.85, "payload": null, "service": "telemetry-podman", "request_id": "d207a367-047e-409e-9116-6a86ebfecc75"}
{"timestamp": "2026-04-14T17:50:06.603204Z", "level": "INFO", "name": "root", "message": "GET /metrics - 200", "method": "GET", "path": "/metrics", "status_code": 200, "duration_ms": 1005.36, "payload": null, "service": "telemetry-podman", "request_id": "c52d24cc-359d-4fba-9338-108e2b1dbae7"}
{"timestamp": "2026-04-14T17:50:07.615736Z", "level": "INFO", "name": "root", "message": "GET /metrics - 200", "method": "GET", "path": "/metrics", "status_code": 200, "duration_ms": 1006.26, "payload": null, "service": "telemetry-podman", "request_id": "7c85c32e-5220-4148-90a5-51f6314379ea"}
{"timestamp": "2026-04-14T17:50:08.624163Z", "level": "INFO", "name": "root", "message": "GET /metrics - 200", "method": "GET", "path": "/metrics", "status_code": 200, "duration_ms": 1002.45, "payload": null, "service": "telemetry-podman", "request_id": "c33c49fa-db2a-4677-81ee-61fe0418e9d1"}
{"timestamp": "2026-04-14T17:50:09.634574Z", "level": "INFO", "name": "root", "message": "GET /metrics - 200", "method": "GET", "path": "/metrics", "status_code": 200, "duration_ms": 1006.17, "payload": null, "service": "telemetry-podman", "request_id": "ad5ffa3a-7227-4388-9173-703367372070"}
{"timestamp": "2026-04-14T17:50:10.646754Z", "level": "INFO", "name": "root", "message": "GET /metrics - 200", "method": "GET", "path": "/metrics", "status_code": 200, "duration_ms": 1006.19, "payload": null, "service": "telemetry-podman", "request_id": "d66eed85-957a-4300-baf7-589f378c622d"}
{"timestamp": "2026-04-14T17:50:11.653796Z", "level": "INFO", "name": "root", "message": "GET /metrics - 200", "method": "GET", "path": "/metrics", "status_code": 200, "duration_ms": 1001.84, "payload": null, "service": "telemetry-podman", "request_id": "05410c95-cac9-42ab-9839-a46c0154cd7b"}
{"timestamp": "2026-04-14T17:50:12.660086Z", "level": "INFO", "name": "root", "message": "GET /metrics - 200", "method": "GET", "path": "/metrics", "status_code": 200, "duration_ms": 1002.32, "payload": null, "service": "telemetry-podman", "request_id": "20dfdfa7-b51b-4527-91b8-9c47304cc056"}
{"timestamp": "2026-04-14T17:50:13.670219Z", "level": "INFO", "name": "root", "message": "GET /metrics - 200", "method": "GET", "path": "/metrics", "status_code": 200, "duration_ms": 1003.86, "payload": null, "service": "telemetry-podman", "request_id": "7ede5264-84ef-499d-bebb-c96555cec124"}
{"timestamp": "2026-04-14T18:01:45.608002Z", "level": "INFO", "name": "root", "message": "GET /metrics - 200", "method": "GET", "path": "/metrics", "status_code": 200, "duration_ms": 1007.71, "payload": null, "service": "telemetry-podman", "request_id": "e930f2ae-a09f-4637-8593-752f7d6686c5"}
{"timestamp": "2026-04-14T18:01:46.619262Z", "level": "INFO", "name": "root", "message": "GET /metrics - 200", "method": "GET", "path": "/metrics", "status_code": 200, "duration_ms": 1002.93, "payload": null, "service": "telemetry-podman", "request_id": "21bf427e-5547-49e7-a94e-fd51b7293018"}
{"timestamp": "2026-04-14T18:01:47.628825Z", "level": "INFO", "name": "root", "message": "GET /metrics - 200", "method": "GET", "path": "/metrics", "status_code": 200, "duration_ms": 1004.03, "payload": null, "service": "telemetry-podman", "request_id": "2a2ea5c6-5e5f-41c5-bbfa-ade86a8e11f2"}
{"timestamp": "2026-04-14T18:01:48.639881Z", "level": "INFO", "name": "root", "message": "GET /metrics - 200", "method": "GET", "path": "/metrics", "status_code": 200, "duration_ms": 1005.76, "payload": null, "service": "telemetry-podman", "request_id": "4247afe9-1801-4f4a-8abd-82b4145efaa7"}
{"timestamp": "2026-04-14T18:01:49.648315Z", "level": "INFO", "name": "root", "message": "GET /metrics - 200", "method": "GET", "path": "/metrics", "status_code": 200, "duration_ms": 1002.68, "payload": null, "service": "telemetry-podman", "request_id": "5e1daa42-92d8-438d-b1c2-fb54e95a06bf"}
{"timestamp": "2026-04-14T18:01:50.659400Z", "level": "INFO", "name": "root", "message": "GET /metrics - 200", "method": "GET", "path": "/metrics", "status_code": 200, "duration_ms": 1005.73, "payload": null, "service": "telemetry-podman", "request_id": "b85e2c25-4295-4181-bb4a-f68793c4f3fe"}
{"timestamp": "2026-04-14T18:01:51.668690Z", "level": "INFO", "name": "root", "message": "GET /metrics - 200", "method": "GET", "path": "/metrics", "status_code": 200, "duration_ms": 1004.26, "payload": null, "service": "telemetry-podman", "request_id": "c390264c-e15e-44d6-8575-59216029eaa8"}
{"timestamp": "2026-04-14T18:01:52.677689Z", "level": "INFO", "name": "root", "message": "GET /metrics - 200", "method": "GET", "path": "/metrics", "status_code": 200, "duration_ms": 1002.7, "payload": null, "service": "telemetry-podman", "request_id": "b3ac5a4f-a7e3-4895-864d-77144d794acf"}
{"timestamp": "2026-04-14T18:01:53.690332Z", "level": "INFO", "name": "root", "message": "GET /metrics - 200", "method": "GET", "path": "/metrics", "status_code": 200, "duration_ms": 1006.16, "payload": null, "service": "telemetry-podman", "request_id": "5908a78f-af0a-48c7-9460-13c98e953aa3"}
{"timestamp": "2026-04-14T18:06:45.590586Z", "level": "INFO", "name": "root", "message": "GET /metrics - 200", "method": "GET", "path": "/metrics", "status_code": 200, "duration_ms": 1003.58, "payload": null, "service": "telemetry-podman", "request_id": "3b00f89b-8e65-417d-9657-de41f8c9ba1f"}
{"timestamp": "2026-04-14T18:06:46.604050Z", "level": "INFO", "name": "root", "message": "GET /metrics - 200", "method": "GET", "path": "/metrics", "status_code": 200, "duration_ms": 1004.85, "payload": null, "service": "telemetry-podman", "request_id": "1aa05448-7f08-4e5d-a12c-5160acd9b97a"}
{"timestamp": "2026-04-14T18:06:47.614077Z", "level": "INFO", "name": "root", "message": "GET /metrics - 200", "method": "GET", "path": "/metrics", "status_code": 200, "duration_ms": 1003.47, "payload": null, "service": "telemetry-podman", "request_id": "9fb0582e-9423-463e-9c4f-0e33cc257e15"}
{"timestamp": "2026-04-14T18:06:48.623744Z", "level": "INFO", "name": "root", "message": "GET /metrics - 200", "method": "GET", "path": "/metrics", "status_code": 200, "duration_ms": 1003.91, "payload": null, "service": "telemetry-podman", "request_id": "aebbf9ce-9257-4e1e-98d2-dadad03d88df"}
{"timestamp": "2026-04-14T18:06:49.633526Z", "level": "INFO", "name": "root", "message": "GET /metrics - 200", "method": "GET", "path": "/metrics", "status_code": 200, "duration_ms": 1004.76, "payload": null, "service": "telemetry-podman", "request_id": "73e0e310-d984-4aaa-a15f-3801520ce120"}
{"timestamp": "2026-04-14T18:06:50.643780Z", "level": "INFO", "name": "root", "message": "GET /metrics - 200", "method": "GET", "path": "/metrics", "status_code": 200, "duration_ms": 1003.94, "payload": null, "service": "telemetry-podman", "request_id": "43f40e44-7345-446b-8622-aabee33b4464"}
{"timestamp": "2026-04-14T18:06:51.652336Z", "level": "INFO", "name": "root", "message": "GET /metrics - 200", "method": "GET", "path": "/metrics", "status_code": 200, "duration_ms": 1003.11, "payload": null, "service": "telemetry-podman", "request_id": "2672983d-53a4-432f-8a24-e34c6e7b3448"}
{"timestamp": "2026-04-14T18:06:52.663959Z", "level": "INFO", "name": "root", "message": "GET /metrics - 200", "method": "GET", "path": "/metrics", "status_code": 200, "duration_ms": 1005.98, "payload": null, "service": "telemetry-podman", "request_id": "8b908a38-22ff-4896-b673-cf7cba972319"}
{"timestamp": "2026-04-14T18:06:53.672906Z", "level": "INFO", "name": "root", "message": "GET /metrics - 200", "method": "GET", "path": "/metrics", "status_code": 200, "duration_ms": 1003.93, "payload": null, "service": "telemetry-podman", "request_id": "8339c3ce-70f4-4110-8abd-fd422dcaf1b2"}
{"timestamp": "2026-04-14T18:06:54.684178Z", "level": "INFO", "name": "root", "message": "GET /metrics - 200", "method": "GET", "path": "/metrics", "status_code": 200, "duration_ms": 1006.13, "payload": null, "service": "telemetry-podman", "request_id": "429cfde3-1ccf-49db-aa19-5f7931ecd51c"}
{"timestamp": "2026-04-14T18:11:45.594921Z", "level": "INFO", "name": "root", "message": "GET /metrics - 200", "method": "GET", "path": "/metrics", "status_code": 200, "duration_ms": 1005.6, "payload": null, "service": "telemetry-podman", "request_id": "89780803-8c7d-4889-a4f9-19965673d3fd"}
{"timestamp": "2026-04-14T18:11:46.605985Z", "level": "INFO", "name": "root", "message": "GET /metrics - 200", "method": "GET", "path": "/metrics", "status_code": 200, "duration_ms": 1004.03, "payload": null, "service": "telemetry-podman", "request_id": "30afbc8c-c7c9-46c7-b833-031d1cf038b3"}
{"timestamp": "2026-04-14T18:11:47.617045Z", "level": "INFO", "name": "root", "message": "GET /metrics - 200", "method": "GET", "path": "/metrics", "status_code": 200, "duration_ms": 1004.45, "payload": null, "service": "telemetry-podman", "request_id": "0a4a2d98-5a6a-4ea6-b9c9-ba1b96e49a28"}
{"timestamp": "2026-04-14T18:11:48.626398Z", "level": "INFO", "name": "root", "message": "GET /metrics - 200", "method": "GET", "path": "/metrics", "status_code": 200, "duration_ms": 1004.29, "payload": null, "service": "telemetry-podman", "request_id": "f510f0ae-e36f-4c90-9757-94c592319c4e"}
{"timestamp": "2026-04-14T18:11:49.637577Z", "level": "INFO", "name": "root", "message": "GET /metrics - 200", "method": "GET", "path": "/metrics", "status_code": 200, "duration_ms": 1005.42, "payload": null, "service": "telemetry-podman", "request_id": "66478b3e-b8fc-48f9-aedd-2343cd884c01"}
{"timestamp": "2026-04-14T18:11:50.646729Z", "level": "INFO", "name": "root", "message": "GET /metrics - 200", "method": "GET", "path": "/metrics", "status_code": 200, "duration_ms": 1003.53, "payload": null, "service": "telemetry-podman", "request_id": "59fa4fd8-1d8f-466a-b619-1f6af29b6af9"}
{"timestamp": "2026-04-14T18:11:51.657409Z", "level": "INFO", "name": "root", "message": "GET /metrics - 200", "method": "GET", "path": "/metrics", "status_code": 200, "duration_ms": 1004.68, "payload": null, "service": "telemetry-podman", "request_id": "ed880d95-7737-491c-ac24-f81b726d9dea"}
{"timestamp": "2026-04-14T18:11:52.667206Z", "level": "INFO", "name": "root", "message": "GET /metrics - 200", "method": "GET", "path": "/metrics", "status_code": 200, "duration_ms": 1004.47, "payload": null, "service": "telemetry-podman", "request_id": "88a2e0e2-8a3c-477d-96b5-9589ae98a3b6"}
{"timestamp": "2026-04-14T18:11:53.679240Z", "level": "INFO", "name": "root", "message": "GET /metrics - 200", "method": "GET", "path": "/metrics", "status_code": 200, "duration_ms": 1005.52, "payload": null, "service": "telemetry-podman", "request_id": "3331f480-956d-415c-bada-7df169813b94"}
{"timestamp": "2026-04-14T18:11:54.691759Z", "level": "INFO", "name": "root", "message": "GET /metrics - 200", "method": "GET", "path": "/metrics", "status_code": 200, "duration_ms": 1006.05, "payload": null, "service": "telemetry-podman", "request_id": "320b2074-f086-46de-a524-35c94e799a68"}
{"timestamp": "2026-04-14T18:16:45.588402Z", "level": "INFO", "name": "root", "message": "GET /metrics - 200", "method": "GET", "path": "/metrics", "status_code": 200, "duration_ms": 1001.98, "payload": null, "service": "telemetry-podman", "request_id": "6a6af62e-51a1-4b3b-bf52-0b3bc0b64381"}
{"timestamp": "2026-04-14T18:16:46.603024Z", "level": "INFO", "name": "root", "message": "GET /metrics - 200", "method": "GET", "path": "/metrics", "status_code": 200, "duration_ms": 1005.23, "payload": null, "service": "telemetry-podman", "request_id": "9238808e-7a0b-4b6a-b1a0-81ae7840999a"}
{"timestamp": "2026-04-14T18:16:47.613180Z", "level": "INFO", "name": "root", "message": "GET /metrics - 200", "method": "GET", "path": "/metrics", "status_code": 200, "duration_ms": 1004.42, "payload": null, "service": "telemetry-podman", "request_id": "a950af69-653a-4912-8c27-4256b38c6e7b"}
{"timestamp": "2026-04-14T18:16:48.620639Z", "level": "INFO", "name": "root", "message": "GET /metrics - 200", "method": "GET", "path": "/metrics", "status_code": 200, "duration_ms": 1002.17, "payload": null, "service": "telemetry-podman", "request_id": "4777bdd3-a736-49de-a9d6-5c7359ba54b5"}
{"timestamp": "2026-04-14T18:16:49.629770Z", "level": "INFO", "name": "root", "message": "GET /metrics - 200", "method": "GET", "path": "/metrics", "status_code": 200, "duration_ms": 1003.75, "payload": null, "service": "telemetry-podman", "request_id": "30e447d9-a7a9-4f20-8509-1643fd85b97d"}
{"timestamp": "2026-04-14T18:16:50.640425Z", "level": "INFO", "name": "root", "message": "GET /metrics - 200", "method": "GET", "path": "/metrics", "status_code": 200, "duration_ms": 1005.6, "payload": null, "service": "telemetry-podman", "request_id": "d8e6f8f0-4da5-4ec2-a42c-de2d658d1d0f"}
{"timestamp": "2026-04-14T18:16:51.647978Z", "level": "INFO", "name": "root", "message": "GET /metrics - 200", "method": "GET", "path": "/metrics", "status_code": 200, "duration_ms": 1003.55, "payload": null, "service": "telemetry-podman", "request_id": "74a02378-d927-4dc7-947b-5197697ebb07"}
{"timestamp": "2026-04-14T18:16:52.658804Z", "level": "INFO", "name": "root", "message": "GET /metrics - 200", "method": "GET", "path": "/metrics", "status_code": 200, "duration_ms": 1005.41, "payload": null, "service": "telemetry-podman", "request_id": "3dd1058d-3ca3-4a53-9be7-7a8ebb74c3cd"}
{"timestamp": "2026-04-14T18:16:53.669018Z", "level": "INFO", "name": "root", "message": "GET /metrics - 200", "method": "GET", "path": "/metrics", "status_code": 200, "duration_ms": 1004.47, "payload": null, "service": "telemetry-podman", "request_id": "19e3c018-da8a-48a9-8e0a-0d63c8e91bd3"}
{"timestamp": "2026-04-14T18:16:54.677571Z", "level": "INFO", "name": "root", "message": "GET /metrics - 200", "method": "GET", "path": "/metrics", "status_code": 200, "duration_ms": 1003.21, "payload": null, "service": "telemetry-podman", "request_id": "fa37213c-cee0-4077-aa2f-507082084173"}
{"timestamp": "2026-04-14T18:21:45.599517Z", "level": "INFO", "name": "root", "message": "GET /metrics - 200", "method": "GET", "path": "/metrics", "status_code": 200, "duration_ms": 1005.47, "payload": null, "service": "telemetry-podman", "request_id": "c4431c4d-2d75-4162-86a7-402dba4deb46"}
{"timestamp": "2026-04-14T18:21:46.611355Z", "level": "INFO", "name": "root", "message": "GET /metrics - 200", "method": "GET", "path": "/metrics", "status_code": 200, "duration_ms": 1004.19, "payload": null, "service": "telemetry-podman", "request_id": "fe645c0c-3a59-44ac-9c29-30a5ceed3d55"}
{"timestamp": "2026-04-14T18:21:47.616593Z", "level": "INFO", "name": "root", "message": "GET /metrics - 200", "method": "GET", "path": "/metrics", "status_code": 200, "duration_ms": 1000.75, "payload": null, "service": "telemetry-podman", "request_id": "1c2b5fe9-6591-48ae-ba9e-400e2f3a1aae"}
{"timestamp": "2026-04-14T18:21:48.625613Z", "level": "INFO", "name": "root", "message": "GET /metrics - 200", "method": "GET", "path": "/metrics", "status_code": 200, "duration_ms": 1005.17, "payload": null, "service": "telemetry-podman", "request_id": "91df47f8-9417-4bda-a8eb-5a20eedd380e"}
{"timestamp": "2026-04-14T18:21:49.631134Z", "level": "INFO", "name": "root", "message": "GET /metrics - 200", "method": "GET", "path": "/metrics", "status_code": 200, "duration_ms": 1001.6, "payload": null, "service": "telemetry-podman", "request_id": "e7c30523-14df-48eb-9b5a-9ce616ceca1f"}
{"timestamp": "2026-04-14T18:21:50.636907Z", "level": "INFO", "name": "root", "message": "GET /metrics - 200", "method": "GET", "path": "/metrics", "status_code": 200, "duration_ms": 1001.92, "payload": null, "service": "telemetry-podman", "request_id": "3511e3f5-eb02-493d-975d-7d81c0da851e"}
{"timestamp": "2026-04-14T18:21:51.645872Z", "level": "INFO", "name": "root", "message": "GET /metrics - 200", "method": "GET", "path": "/metrics", "status_code": 200, "duration_ms": 1005.84, "payload": null, "service": "telemetry-podman", "request_id": "7288681c-740f-4d4a-8641-99b3260bf1e3"}
{"timestamp": "2026-04-14T18:21:52.655488Z", "level": "INFO", "name": "root", "message": "GET /metrics - 200", "method": "GET", "path": "/metrics", "status_code": 200, "duration_ms": 1005.56, "payload": null, "service": "telemetry-podman", "request_id": "0dff9f1f-dd41-4458-b12c-d7913ac030c1"}
{"timestamp": "2026-04-14T18:21:53.664220Z", "level": "INFO", "name": "root", "message": "GET /metrics - 200", "method": "GET", "path": "/metrics", "status_code": 200, "duration_ms": 1005.34, "payload": null, "service": "telemetry-podman", "request_id": "18438320-fb62-4642-a41e-27b64625ab98"}
{"timestamp": "2026-04-14T18:21:54.672735Z", "level": "INFO", "name": "root", "message": "GET /metrics - 200", "method": "GET", "path": "/metrics", "status_code": 200, "duration_ms": 1004.36, "payload": null, "service": "telemetry-podman", "request_id": "e886d637-0587-4f71-9d7c-e13bf7487e4a"}
{"timestamp": "2026-04-14T18:26:45.595601Z", "level": "INFO", "name": "root", "message": "GET /metrics - 200", "method": "GET", "path": "/metrics", "status_code": 200, "duration_ms": 1006.9, "payload": null, "service": "telemetry-podman", "request_id": "4863c3b6-d46c-4b92-b811-fa2765ff3ceb"}
{"timestamp": "2026-04-14T18:26:46.610285Z", "level": "INFO", "name": "root", "message": "GET /metrics - 200", "method": "GET", "path": "/metrics", "status_code": 200, "duration_ms": 1006.26, "payload": null, "service": "telemetry-podman", "request_id": "a5941c9b-9a83-4dea-b99b-37beff24affa"}
{"timestamp": "2026-04-14T18:26:47.620520Z", "level": "INFO", "name": "root", "message": "GET /metrics - 200", "method": "GET", "path": "/metrics", "status_code": 200, "duration_ms": 1003.41, "payload": null, "service": "telemetry-podman", "request_id": "ea9f6aa2-a820-4872-99b3-407f7e0787cc"}
{"timestamp": "2026-04-14T18:26:48.628790Z", "level": "INFO", "name": "root", "message": "GET /metrics - 200", "method": "GET", "path": "/metrics", "status_code": 200, "duration_ms": 1005.71, "payload": null, "service": "telemetry-podman", "request_id": "651ef645-aa6f-434c-ae80-dd7abc7ff6a3"}
{"timestamp": "2026-04-14T18:26:49.639583Z", "level": "INFO", "name": "root", "message": "GET /metrics - 200", "method": "GET", "path": "/metrics", "status_code": 200, "duration_ms": 1005.98, "payload": null, "service": "telemetry-podman", "request_id": "32d9fd4a-789e-49b6-9fe6-f6f112ea7cc1"}
{"timestamp": "2026-04-14T18:26:50.649246Z", "level": "INFO", "name": "root", "message": "GET /metrics - 200", "method": "GET", "path": "/metrics", "status_code": 200, "duration_ms": 1003.87, "payload": null, "service": "telemetry-podman", "request_id": "2a72c2ea-6a20-4d9a-a84e-0633f0fbd1a4"}
{"timestamp": "2026-04-14T18:26:51.658286Z", "level": "INFO", "name": "root", "message": "GET /metrics - 200", "method": "GET", "path": "/metrics", "status_code": 200, "duration_ms": 1003.22, "payload": null, "service": "telemetry-podman", "request_id": "77d5a925-e356-4d50-913d-3d36f4da06c7"}
{"timestamp": "2026-04-14T18:26:52.670444Z", "level": "INFO", "name": "root", "message": "GET /metrics - 200", "method": "GET", "path": "/metrics", "status_code": 200, "duration_ms": 1006.35, "payload": null, "service": "telemetry-podman", "request_id": "b95b67db-c4d3-4fe2-9892-f9a141763cb0"}
{"timestamp": "2026-04-14T18:26:53.682377Z", "level": "INFO", "name": "root", "message": "GET /metrics - 200", "method": "GET", "path": "/metrics", "status_code": 200, "duration_ms": 1006.04, "payload": null, "service": "telemetry-podman", "request_id": "b95d8c98-3460-4bd3-941d-f6bae5b672c5"}
{"timestamp": "2026-04-14T18:26:54.693234Z", "level": "INFO", "name": "root", "message": "GET /metrics - 200", "method": "GET", "path": "/metrics", "status_code": 200, "duration_ms": 1004.84, "payload": null, "service": "telemetry-podman", "request_id": "2c1bb4fd-5b61-4e87-bd03-26873e76fb13"}
{"timestamp": "2026-04-14T18:31:45.592423Z", "level": "INFO", "name": "root", "message": "GET /metrics - 200", "method": "GET", "path": "/metrics", "status_code": 200, "duration_ms": 1004.81, "payload": null, "service": "telemetry-podman", "request_id": "29e44ead-c58b-40e6-8f87-e5e7731a4721"}
{"timestamp": "2026-04-14T18:31:46.604843Z", "level": "INFO", "name": "root", "message": "GET /metrics - 200", "method": "GET", "path": "/metrics", "status_code": 200, "duration_ms": 1003.62, "payload": null, "service": "telemetry-podman", "request_id": "248bb387-611a-4d13-8872-99cfbc898d4a"}
{"timestamp": "2026-04-14T18:31:47.614721Z", "level": "INFO", "name": "root", "message": "GET /metrics - 200", "method": "GET", "path": "/metrics", "status_code": 200, "duration_ms": 1004.5, "payload": null, "service": "telemetry-podman", "request_id": "00370220-58d4-4c14-bc65-34cab8fa76f4"}
{"timestamp": "2026-04-14T18:31:48.624753Z", "level": "INFO", "name": "root", "message": "GET /metrics - 200", "method": "GET", "path": "/metrics", "status_code": 200, "duration_ms": 1004.7, "payload": null, "service": "telemetry-podman", "request_id": "f92510e1-f76e-4553-a4e1-49b3966dac9b"}
{"timestamp": "2026-04-14T18:31:49.633153Z", "level": "INFO", "name": "root", "message": "GET /metrics - 200", "method": "GET", "path": "/metrics", "status_code": 200, "duration_ms": 1003.28, "payload": null, "service": "telemetry-podman", "request_id": "a0a975a9-a223-4242-83e7-bd0bfb605080"}
{"timestamp": "2026-04-14T18:31:50.639847Z", "level": "INFO", "name": "root", "message": "GET /metrics - 200", "method": "GET", "path": "/metrics", "status_code": 200, "duration_ms": 1001.99, "payload": null, "service": "telemetry-podman", "request_id": "0b42935e-63ad-4645-8546-687a3daf8523"}
{"timestamp": "2026-04-14T18:31:51.643680Z", "level": "INFO", "name": "root", "message": "GET /metrics - 200", "method": "GET", "path": "/metrics", "status_code": 200, "duration_ms": 1001.49, "payload": null, "service": "telemetry-podman", "request_id": "8bbba86a-daf1-4484-8a14-974f5793595e"}
{"timestamp": "2026-04-14T18:31:52.653574Z", "level": "INFO", "name": "root", "message": "GET /metrics - 200", "method": "GET", "path": "/metrics", "status_code": 200, "duration_ms": 1005.36, "payload": null, "service": "telemetry-podman", "request_id": "550a4130-a429-4ae4-a08c-8990e3d263cd"}
{"timestamp": "2026-04-14T18:31:53.659378Z", "level": "INFO", "name": "root", "message": "GET /metrics - 200", "method": "GET", "path": "/metrics", "status_code": 200, "duration_ms": 1002.39, "payload": null, "service": "telemetry-podman", "request_id": "2a60de95-1515-4e52-99fc-7054acbd117c"}
{"timestamp": "2026-04-14T18:31:54.671081Z", "level": "INFO", "name": "root", "message": "GET /metrics - 200", "method": "GET", "path": "/metrics", "status_code": 200, "duration_ms": 1005.64, "payload": null, "service": "telemetry-podman", "request_id": "38a0732f-58dd-4940-b668-abcd4b54d470"}
{"timestamp": "2026-04-14T18:36:45.586920Z", "level": "INFO", "name": "root", "message": "GET /metrics - 200", "method": "GET", "path": "/metrics", "status_code": 200, "duration_ms": 1005.85, "payload": null, "service": "telemetry-podman", "request_id": "31dd383c-c3ac-4dda-8b77-5814a2d41c11"}
{"timestamp": "2026-04-14T18:36:46.601944Z", "level": "INFO", "name": "root", "message": "GET /metrics - 200", "method": "GET", "path": "/metrics", "status_code": 200, "duration_ms": 1005.85, "payload": null, "service": "telemetry-podman", "request_id": "725a9b9a-9c41-48dd-9f0c-fa469fedd78d"}
{"timestamp": "2026-04-14T18:36:47.607333Z", "level": "INFO", "name": "root", "message": "GET /metrics - 200", "method": "GET", "path": "/metrics", "status_code": 200, "duration_ms": 1001.17, "payload": null, "service": "telemetry-podman", "request_id": "385e67c4-4e00-4d11-90cb-a4a30ea7bad8"}
{"timestamp": "2026-04-14T18:36:48.613472Z", "level": "INFO", "name": "root", "message": "GET /metrics - 200", "method": "GET", "path": "/metrics", "status_code": 200, "duration_ms": 1001.66, "payload": null, "service": "telemetry-podman", "request_id": "fd00e2c8-f80f-464d-af62-4e661bba5e33"}
{"timestamp": "2026-04-14T18:36:49.621765Z", "level": "INFO", "name": "root", "message": "GET /metrics - 200", "method": "GET", "path": "/metrics", "status_code": 200, "duration_ms": 1003.64, "payload": null, "service": "telemetry-podman", "request_id": "6efee129-a4ab-422e-bf0a-6531b5f9bc5b"}
{"timestamp": "2026-04-14T18:36:50.627748Z", "level": "INFO", "name": "root", "message": "GET /metrics - 200", "method": "GET", "path": "/metrics", "status_code": 200, "duration_ms": 1002.69, "payload": null, "service": "telemetry-podman", "request_id": "10f95602-2fb4-48b3-b0a0-b890b421d323"}
{"timestamp": "2026-04-14T18:36:51.636081Z", "level": "INFO", "name": "root", "message": "GET /metrics - 200", "method": "GET", "path": "/metrics", "status_code": 200, "duration_ms": 1005.62, "payload": null, "service": "telemetry-podman", "request_id": "c6820678-5338-4ca2-8fd4-3092219c0bd5"}
{"timestamp": "2026-04-14T18:36:52.645201Z", "level": "INFO", "name": "root", "message": "GET /metrics - 200", "method": "GET", "path": "/metrics", "status_code": 200, "duration_ms": 1004.55, "payload": null, "service": "telemetry-podman", "request_id": "756a17af-adfc-409a-975c-973613cc3f8c"}
{"timestamp": "2026-04-14T18:36:53.653787Z", "level": "INFO", "name": "root", "message": "GET /metrics - 200", "method": "GET", "path": "/metrics", "status_code": 200, "duration_ms": 1005.82, "payload": null, "service": "telemetry-podman", "request_id": "0b8ca683-d16d-4ed1-a7f7-2ac5d1084ad5"}
{"timestamp": "2026-04-14T18:36:54.664656Z", "level": "INFO", "name": "root", "message": "GET /metrics - 200", "method": "GET", "path": "/metrics", "status_code": 200, "duration_ms": 1005.68, "payload": null, "service": "telemetry-podman", "request_id": "f5b6f414-1905-45d4-8335-8fddd24fec65"}
{"timestamp": "2026-04-14T18:41:45.598016Z", "level": "INFO", "name": "root", "message": "GET /metrics - 200", "method": "GET", "path": "/metrics", "status_code": 200, "duration_ms": 1006.79, "payload": null, "service": "telemetry-podman", "request_id": "9706b028-81e0-40c6-a2ed-cdc2bb512d87"}
{"timestamp": "2026-04-14T18:41:46.606285Z", "level": "INFO", "name": "root", "message": "GET /metrics - 200", "method": "GET", "path": "/metrics", "status_code": 200, "duration_ms": 1001.6, "payload": null, "service": "telemetry-podman", "request_id": "6420607e-2d4a-4033-a20a-332189a650fe"}
{"timestamp": "2026-04-14T18:41:47.611255Z", "level": "INFO", "name": "root", "message": "GET /metrics - 200", "method": "GET", "path": "/metrics", "status_code": 200, "duration_ms": 1002.19, "payload": null, "service": "telemetry-podman", "request_id": "1aa61dd2-23be-40af-95a1-8496800d7092"}
{"timestamp": "2026-04-14T18:41:48.621577Z", "level": "INFO", "name": "root", "message": "GET /metrics - 200", "method": "GET", "path": "/metrics", "status_code": 200, "duration_ms": 1005.27, "payload": null, "service": "telemetry-podman", "request_id": "a4f1ac07-ba7e-4364-8487-7e686f0a96c1"}
{"timestamp": "2026-04-14T18:41:49.631554Z", "level": "INFO", "name": "root", "message": "GET /metrics - 200", "method": "GET", "path": "/metrics", "status_code": 200, "duration_ms": 1004.45, "payload": null, "service": "telemetry-podman", "request_id": "e1fb7462-5fc0-4aca-889d-08cac4154019"}
{"timestamp": "2026-04-14T18:41:50.642664Z", "level": "INFO", "name": "root", "message": "GET /metrics - 200", "method": "GET", "path": "/metrics", "status_code": 200, "duration_ms": 1005.66, "payload": null, "service": "telemetry-podman", "request_id": "56b462c4-c0ce-4dca-9733-df2d28823c76"}
{"timestamp": "2026-04-14T18:41:51.651279Z", "level": "INFO", "name": "root", "message": "GET /metrics - 200", "method": "GET", "path": "/metrics", "status_code": 200, "duration_ms": 1005.76, "payload": null, "service": "telemetry-podman", "request_id": "ee670390-0883-4946-b792-1b61bc93a39f"}
{"timestamp": "2026-04-14T18:41:52.661162Z", "level": "INFO", "name": "root", "message": "GET /metrics - 200", "method": "GET", "path": "/metrics", "status_code": 200, "duration_ms": 1004.58, "payload": null, "service": "telemetry-podman", "request_id": "59332a97-4130-4278-b747-c2e9a48aa62f"}
{"timestamp": "2026-04-14T18:41:53.671502Z", "level": "INFO", "name": "root", "message": "GET /metrics - 200", "method": "GET", "path": "/metrics", "status_code": 200, "duration_ms": 1005.64, "payload": null, "service": "telemetry-podman", "request_id": "a4fad4e2-79a8-4c5c-a65d-edcd8d3c03de"}
{"timestamp": "2026-04-14T18:41:54.680351Z", "level": "INFO", "name": "root", "message": "GET /metrics - 200", "method": "GET", "path": "/metrics", "status_code": 200, "duration_ms": 1005.78, "payload": null, "service": "telemetry-podman", "request_id": "778093d0-f1e7-4a2b-9077-5f9e6755024a"}
{"timestamp": "2026-04-14T18:46:45.593703Z", "level": "INFO", "name": "root", "message": "GET /metrics - 200", "method": "GET", "path": "/metrics", "status_code": 200, "duration_ms": 1004.2, "payload": null, "service": "telemetry-podman", "request_id": "174fdf94-32aa-46c6-bf29-e9a3d46b060a"}
{"timestamp": "2026-04-14T18:46:46.609668Z", "level": "INFO", "name": "root", "message": "GET /metrics - 200", "method": "GET", "path": "/metrics", "status_code": 200, "duration_ms": 1005.74, "payload": null, "service": "telemetry-podman", "request_id": "5cd5a252-12fb-46cf-bbcf-1580b9b93326"}
{"timestamp": "2026-04-14T18:46:47.616501Z", "level": "INFO", "name": "root", "message": "GET /metrics - 200", "method": "GET", "path": "/metrics", "status_code": 200, "duration_ms": 1000.92, "payload": null, "service": "telemetry-podman", "request_id": "6c8f4497-1586-460e-b6c8-b7ba5a82a742"}
{"timestamp": "2026-04-14T18:46:48.623851Z", "level": "INFO", "name": "root", "message": "GET /metrics - 200", "method": "GET", "path": "/metrics", "status_code": 200, "duration_ms": 1002.53, "payload": null, "service": "telemetry-podman", "request_id": "bd87514d-699e-47c5-b6d8-855671eb9925"}
{"timestamp": "2026-04-14T18:46:49.633184Z", "level": "INFO", "name": "root", "message": "GET /metrics - 200", "method": "GET", "path": "/metrics", "status_code": 200, "duration_ms": 1004.32, "payload": null, "service": "telemetry-podman", "request_id": "a8498488-bacd-4ffb-a85f-0b45e79fa60c"}
{"timestamp": "2026-04-14T18:46:50.643517Z", "level": "INFO", "name": "root", "message": "GET /metrics - 200", "method": "GET", "path": "/metrics", "status_code": 200, "duration_ms": 1005.18, "payload": null, "service": "telemetry-podman", "request_id": "49c6e51e-bac5-46e6-a700-579e089d36c1"}
{"timestamp": "2026-04-14T18:46:51.651768Z", "level": "INFO", "name": "root", "message": "GET /metrics - 200", "method": "GET", "path": "/metrics", "status_code": 200, "duration_ms": 1002.54, "payload": null, "service": "telemetry-podman", "request_id": "d617f000-9f2f-4f67-aa22-6cce9cdf0cf9"}
{"timestamp": "2026-04-14T18:46:52.663079Z", "level": "INFO", "name": "root", "message": "GET /metrics - 200", "method": "GET", "path": "/metrics", "status_code": 200, "duration_ms": 1006.49, "payload": null, "service": "telemetry-podman", "request_id": "f8cd0b6a-1f0e-4c69-aec0-7f2c6605fd9a"}
{"timestamp": "2026-04-14T18:46:53.674301Z", "level": "INFO", "name": "root", "message": "GET /metrics - 200", "method": "GET", "path": "/metrics", "status_code": 200, "duration_ms": 1005.63, "payload": null, "service": "telemetry-podman", "request_id": "64913dc8-d051-4703-a38a-25033e44d566"}
{"timestamp": "2026-04-14T18:46:54.683327Z", "level": "INFO", "name": "root", "message": "GET /metrics - 200", "method": "GET", "path": "/metrics", "status_code": 200, "duration_ms": 1004.23, "payload": null, "service": "telemetry-podman", "request_id": "589a44ec-8b2b-495c-ac0e-531720762526"}
{"timestamp": "2026-04-14T18:51:45.609805Z", "level": "INFO", "name": "root", "message": "GET /metrics - 200", "method": "GET", "path": "/metrics", "status_code": 200, "duration_ms": 1002.99, "payload": null, "service": "telemetry-podman", "request_id": "92f21f73-b6c9-4131-8dbf-424de58e54e7"}
{"timestamp": "2026-04-14T18:51:46.620998Z", "level": "INFO", "name": "root", "message": "GET /metrics - 200", "method": "GET", "path": "/metrics", "status_code": 200, "duration_ms": 1001.28, "payload": null, "service": "telemetry-podman", "request_id": "55e66dff-99b6-4df5-8dab-63c7dda3754e"}
{"timestamp": "2026-04-14T18:51:47.625771Z", "level": "INFO", "name": "root", "message": "GET /metrics - 200", "method": "GET", "path": "/metrics", "status_code": 200, "duration_ms": 1001.11, "payload": null, "service": "telemetry-podman", "request_id": "7ad73554-3479-4cec-a3e8-5e7b7d835baa"}
{"timestamp": "2026-04-14T18:51:48.632547Z", "level": "INFO", "name": "root", "message": "GET /metrics - 200", "method": "GET", "path": "/metrics", "status_code": 200, "duration_ms": 1003.1, "payload": null, "service": "telemetry-podman", "request_id": "c36f47f8-f0f7-4f7d-86b7-c25827e0768e"}
{"timestamp": "2026-04-14T18:51:49.637463Z", "level": "INFO", "name": "root", "message": "GET /metrics - 200", "method": "GET", "path": "/metrics", "status_code": 200, "duration_ms": 1001.0, "payload": null, "service": "telemetry-podman", "request_id": "e2b16ff7-eccf-4b26-b5ad-a2009053b0d3"}
{"timestamp": "2026-04-14T18:51:50.641736Z", "level": "INFO", "name": "root", "message": "GET /metrics - 200", "method": "GET", "path": "/metrics", "status_code": 200, "duration_ms": 1000.83, "payload": null, "service": "telemetry-podman", "request_id": "fcd4ccd2-aa49-479a-b6dc-e1bb05d9ab55"}
{"timestamp": "2026-04-14T18:51:51.647925Z", "level": "INFO", "name": "root", "message": "GET /metrics - 200", "method": "GET", "path": "/metrics", "status_code": 200, "duration_ms": 1002.0, "payload": null, "service": "telemetry-podman", "request_id": "b254b8c9-7e56-404e-856c-4da5dd01a843"}
{"timestamp": "2026-04-14T18:51:52.652493Z", "level": "INFO", "name": "root", "message": "GET /metrics - 200", "method": "GET", "path": "/metrics", "status_code": 200, "duration_ms": 1001.34, "payload": null, "service": "telemetry-podman", "request_id": "a6f72d4d-0340-4e80-a584-079d349656af"}
{"timestamp": "2026-04-14T18:51:53.657099Z", "level": "INFO", "name": "root", "message": "GET /metrics - 200", "method": "GET", "path": "/metrics", "status_code": 200, "duration_ms": 1000.66, "payload": null, "service": "telemetry-podman", "request_id": "dc6f54a3-1eb0-4287-aeab-0d4691b03e1e"}
{"timestamp": "2026-04-14T18:51:54.662266Z", "level": "INFO", "name": "root", "message": "GET /metrics - 200", "method": "GET", "path": "/metrics", "status_code": 200, "duration_ms": 1001.68, "payload": null, "service": "telemetry-podman", "request_id": "0333007b-4dff-4bad-9e68-383d152720ff"}
{"timestamp": "2026-04-14T18:56:45.593522Z", "level": "INFO", "name": "root", "message": "GET /metrics - 200", "method": "GET", "path": "/metrics", "status_code": 200, "duration_ms": 1003.48, "payload": null, "service": "telemetry-podman", "request_id": "623929f6-ba22-482d-86d7-5e6ce36fcdd2"}
{"timestamp": "2026-04-14T18:56:46.608489Z", "level": "INFO", "name": "root", "message": "GET /metrics - 200", "method": "GET", "path": "/metrics", "status_code": 200, "duration_ms": 1005.93, "payload": null, "service": "telemetry-podman", "request_id": "310e7fad-f523-429a-980a-059148df75fd"}
{"timestamp": "2026-04-14T18:56:47.618317Z", "level": "INFO", "name": "root", "message": "GET /metrics - 200", "method": "GET", "path": "/metrics", "status_code": 200, "duration_ms": 1004.45, "payload": null, "service": "telemetry-podman", "request_id": "e0cd228e-ea5c-4833-af71-f86f2e78c79f"}
{"timestamp": "2026-04-14T18:56:48.628707Z", "level": "INFO", "name": "root", "message": "GET /metrics - 200", "method": "GET", "path": "/metrics", "status_code": 200, "duration_ms": 1004.98, "payload": null, "service": "telemetry-podman", "request_id": "5fe2a9dd-c287-4e53-b4c4-eeffa89fec6b"}
{"timestamp": "2026-04-14T18:56:49.641218Z", "level": "INFO", "name": "root", "message": "GET /metrics - 200", "method": "GET", "path": "/metrics", "status_code": 200, "duration_ms": 1006.21, "payload": null, "service": "telemetry-podman", "request_id": "3cac42ad-023b-4e35-b4cc-1627057ad599"}
{"timestamp": "2026-04-14T18:56:50.652807Z", "level": "INFO", "name": "root", "message": "GET /metrics - 200", "method": "GET", "path": "/metrics", "status_code": 200, "duration_ms": 1006.06, "payload": null, "service": "telemetry-podman", "request_id": "04d1cf69-27cc-4234-a1ac-c40a48217dbf"}
{"timestamp": "2026-04-14T18:56:51.663735Z", "level": "INFO", "name": "root", "message": "GET /metrics - 200", "method": "GET", "path": "/metrics", "status_code": 200, "duration_ms": 1004.64, "payload": null, "service": "telemetry-podman", "request_id": "33601628-f772-490b-b224-e2d5f05a289b"}
{"timestamp": "2026-04-14T18:56:52.671779Z", "level": "INFO", "name": "root", "message": "GET /metrics - 200", "method": "GET", "path": "/metrics", "status_code": 200, "duration_ms": 1001.65, "payload": null, "service": "telemetry-podman", "request_id": "18686435-7a5d-445f-b211-360275b7b29f"}
{"timestamp": "2026-04-14T18:56:53.682258Z", "level": "INFO", "name": "root", "message": "GET /metrics - 200", "method": "GET", "path": "/metrics", "status_code": 200, "duration_ms": 1004.71, "payload": null, "service": "telemetry-podman", "request_id": "2bad41de-f1bf-4ea0-a156-d3aafcc8d858"}
{"timestamp": "2026-04-14T18:56:54.691132Z", "level": "INFO", "name": "root", "message": "GET /metrics - 200", "method": "GET", "path": "/metrics", "status_code": 200, "duration_ms": 1005.98, "payload": null, "service": "telemetry-podman", "request_id": "8648d325-1652-4110-b5fa-1d5bf231462c"}
{"timestamp": "2026-04-14T18:56:55.700814Z", "level": "INFO", "name": "root", "message": "GET /metrics - 200", "method": "GET", "path": "/metrics", "status_code": 200, "duration_ms": 1003.67, "payload": null, "service": "telemetry-podman", "request_id": "ef64400d-be8c-4544-966a-6fa0e46127eb"}
{"timestamp": "2026-04-14T19:01:45.593375Z", "level": "INFO", "name": "root", "message": "GET /metrics - 200", "method": "GET", "path": "/metrics", "status_code": 200, "duration_ms": 1007.39, "payload": null, "service": "telemetry-podman", "request_id": "a20acac5-f834-439f-80d0-63c3139ff4cd"}
{"timestamp": "2026-04-14T19:01:46.608336Z", "level": "INFO", "name": "root", "message": "GET /metrics - 200", "method": "GET", "path": "/metrics", "status_code": 200, "duration_ms": 1004.96, "payload": null, "service": "telemetry-podman", "request_id": "8a839d93-117e-497c-a9d1-d2cabb42f9d1"}
{"timestamp": "2026-04-14T19:01:47.616812Z", "level": "INFO", "name": "root", "message": "GET /metrics - 200", "method": "GET", "path": "/metrics", "status_code": 200, "duration_ms": 1002.77, "payload": null, "service": "telemetry-podman", "request_id": "4f0a498a-a676-4d59-8fa4-04a775172138"}
{"timestamp": "2026-04-14T19:01:48.627788Z", "level": "INFO", "name": "root", "message": "GET /metrics - 200", "method": "GET", "path": "/metrics", "status_code": 200, "duration_ms": 1005.71, "payload": null, "service": "telemetry-podman", "request_id": "95dd824c-9b12-4c05-b3bf-dee47decd233"}
{"timestamp": "2026-04-14T19:01:49.639650Z", "level": "INFO", "name": "root", "message": "GET /metrics - 200", "method": "GET", "path": "/metrics", "status_code": 200, "duration_ms": 1005.61, "payload": null, "service": "telemetry-podman", "request_id": "a7e4cdf9-2584-4968-a88b-59c7365e7b93"}
{"timestamp": "2026-04-14T19:01:50.650887Z", "level": "INFO", "name": "root", "message": "GET /metrics - 200", "method": "GET", "path": "/metrics", "status_code": 200, "duration_ms": 1005.76, "payload": null, "service": "telemetry-podman", "request_id": "c20d88aa-9463-4163-9259-c8e00534472e"}
{"timestamp": "2026-04-14T19:01:51.657797Z", "level": "INFO", "name": "root", "message": "GET /metrics - 200", "method": "GET", "path": "/metrics", "status_code": 200, "duration_ms": 1001.9, "payload": null, "service": "telemetry-podman", "request_id": "d8fe8171-cf49-4837-8700-272b39064ed8"}
{"timestamp": "2026-04-14T19:01:52.667130Z", "level": "INFO", "name": "root", "message": "GET /metrics - 200", "method": "GET", "path": "/metrics", "status_code": 200, "duration_ms": 1003.76, "payload": null, "service": "telemetry-podman", "request_id": "7d2bbb86-d5ef-4972-8d36-bcdbe17903c4"}
{"timestamp": "2026-04-14T19:01:53.677813Z", "level": "INFO", "name": "root", "message": "GET /metrics - 200", "method": "GET", "path": "/metrics", "status_code": 200, "duration_ms": 1004.75, "payload": null, "service": "telemetry-podman", "request_id": "e441aa7c-48e4-463d-8bf3-a19ab8e06f20"}
{"timestamp": "2026-04-14T19:01:54.687879Z", "level": "INFO", "name": "root", "message": "GET /metrics - 200", "method": "GET", "path": "/metrics", "status_code": 200, "duration_ms": 1003.98, "payload": null, "service": "telemetry-podman", "request_id": "9e767995-8771-4838-ab7c-16430e76bab9"}
{"timestamp": "2026-04-14T19:01:55.694320Z", "level": "INFO", "name": "root", "message": "GET /metrics - 200", "method": "GET", "path": "/metrics", "status_code": 200, "duration_ms": 1001.53, "payload": null, "service": "telemetry-podman", "request_id": "c6cca8bc-3a8c-436e-a88f-13ec9df130e7"}
{"timestamp": "2026-04-14T19:06:45.586283Z", "level": "INFO", "name": "root", "message": "GET /metrics - 200", "method": "GET", "path": "/metrics", "status_code": 200, "duration_ms": 1005.36, "payload": null, "service": "telemetry-podman", "request_id": "020cbcc2-5e92-4a18-8752-494233ff52c3"}
{"timestamp": "2026-04-14T19:06:46.598879Z", "level": "INFO", "name": "root", "message": "GET /metrics - 200", "method": "GET", "path": "/metrics", "status_code": 200, "duration_ms": 1006.52, "payload": null, "service": "telemetry-podman", "request_id": "7c5418d8-f6e2-4335-adab-7519849d88f6"}
{"timestamp": "2026-04-14T19:06:47.610140Z", "level": "INFO", "name": "root", "message": "GET /metrics - 200", "method": "GET", "path": "/metrics", "status_code": 200, "duration_ms": 1006.02, "payload": null, "service": "telemetry-podman", "request_id": "747dfb69-ec37-4c52-b6ea-04f7f6248267"}
{"timestamp": "2026-04-14T19:06:48.619407Z", "level": "INFO", "name": "root", "message": "GET /metrics - 200", "method": "GET", "path": "/metrics", "status_code": 200, "duration_ms": 1004.76, "payload": null, "service": "telemetry-podman", "request_id": "b4cd6fa8-41f1-4877-9f10-62e90b5c5b31"}
{"timestamp": "2026-04-14T19:06:49.626978Z", "level": "INFO", "name": "root", "message": "GET /metrics - 200", "method": "GET", "path": "/metrics", "status_code": 200, "duration_ms": 1003.28, "payload": null, "service": "telemetry-podman", "request_id": "6273bf54-7718-4eb6-b39f-eddbc75a89ed"}
{"timestamp": "2026-04-14T19:06:50.635990Z", "level": "INFO", "name": "root", "message": "GET /metrics - 200", "method": "GET", "path": "/metrics", "status_code": 200, "duration_ms": 1004.03, "payload": null, "service": "telemetry-podman", "request_id": "7f1dce55-2b48-4e82-95df-e09817bf77e4"}
{"timestamp": "2026-04-14T19:06:51.648515Z", "level": "INFO", "name": "root", "message": "GET /metrics - 200", "method": "GET", "path": "/metrics", "status_code": 200, "duration_ms": 1006.08, "payload": null, "service": "telemetry-podman", "request_id": "a0b98f08-72bc-475c-b5b1-e577a415b9ba"}
{"timestamp": "2026-04-14T19:06:52.659721Z", "level": "INFO", "name": "root", "message": "GET /metrics - 200", "method": "GET", "path": "/metrics", "status_code": 200, "duration_ms": 1006.02, "payload": null, "service": "telemetry-podman", "request_id": "da6db296-a4d9-44b2-a258-666ec7bd4301"}
{"timestamp": "2026-04-14T19:06:53.669568Z", "level": "INFO", "name": "root", "message": "GET /metrics - 200", "method": "GET", "path": "/metrics", "status_code": 200, "duration_ms": 1004.88, "payload": null, "service": "telemetry-podman", "request_id": "2f9a33dd-74a8-490a-b4fb-f6f15ce76f1e"}
{"timestamp": "2026-04-14T19:11:45.608281Z", "level": "INFO", "name": "root", "message": "GET /metrics - 200", "method": "GET", "path": "/metrics", "status_code": 200, "duration_ms": 1005.68, "payload": null, "service": "telemetry-podman", "request_id": "e9c80f52-54c9-499f-a6d9-62338fd65cde"}
{"timestamp": "2026-04-14T19:11:46.623474Z", "level": "INFO", "name": "root", "message": "GET /metrics - 200", "method": "GET", "path": "/metrics", "status_code": 200, "duration_ms": 1005.84, "payload": null, "service": "telemetry-podman", "request_id": "b6248e90-7207-4840-abfe-fa545c622f94"}
{"timestamp": "2026-04-14T19:11:47.632296Z", "level": "INFO", "name": "root", "message": "GET /metrics - 200", "method": "GET", "path": "/metrics", "status_code": 200, "duration_ms": 1004.24, "payload": null, "service": "telemetry-podman", "request_id": "3a789350-4a0f-4bd4-8cc6-caa597442138"}
{"timestamp": "2026-04-14T19:11:48.642558Z", "level": "INFO", "name": "root", "message": "GET /metrics - 200", "method": "GET", "path": "/metrics", "status_code": 200, "duration_ms": 1006.11, "payload": null, "service": "telemetry-podman", "request_id": "989dcd31-0adb-473c-8a92-59b16089c192"}
{"timestamp": "2026-04-14T19:11:49.653402Z", "level": "INFO", "name": "root", "message": "GET /metrics - 200", "method": "GET", "path": "/metrics", "status_code": 200, "duration_ms": 1004.39, "payload": null, "service": "telemetry-podman", "request_id": "626e5a91-b90d-4943-84e8-8fc1b8da9c53"}
{"timestamp": "2026-04-14T19:11:50.662836Z", "level": "INFO", "name": "root", "message": "GET /metrics - 200", "method": "GET", "path": "/metrics", "status_code": 200, "duration_ms": 1004.06, "payload": null, "service": "telemetry-podman", "request_id": "12a51a37-8fd6-4ce7-94b7-03fe515c999d"}
{"timestamp": "2026-04-14T19:11:51.672799Z", "level": "INFO", "name": "root", "message": "GET /metrics - 200", "method": "GET", "path": "/metrics", "status_code": 200, "duration_ms": 1005.18, "payload": null, "service": "telemetry-podman", "request_id": "0e5bd8ae-aa37-43b0-b015-b0e65bdc704d"}
{"timestamp": "2026-04-14T19:11:52.683470Z", "level": "INFO", "name": "root", "message": "GET /metrics - 200", "method": "GET", "path": "/metrics", "status_code": 200, "duration_ms": 1005.98, "payload": null, "service": "telemetry-podman", "request_id": "739a874a-7bb3-4b6b-ab8c-5eafc010404e"}
{"timestamp": "2026-04-14T19:11:53.694649Z", "level": "INFO", "name": "root", "message": "GET /metrics - 200", "method": "GET", "path": "/metrics", "status_code": 200, "duration_ms": 1005.59, "payload": null, "service": "telemetry-podman", "request_id": "73fbd1df-86e9-4450-921f-dc26a079f388"}
{"timestamp": "2026-04-14T19:16:45.606756Z", "level": "INFO", "name": "root", "message": "GET /metrics - 200", "method": "GET", "path": "/metrics", "status_code": 200, "duration_ms": 1007.23, "payload": null, "service": "telemetry-podman", "request_id": "0e6bd745-ee0d-4c6c-93a3-1770b199711f"}
{"timestamp": "2026-04-14T19:16:46.618720Z", "level": "INFO", "name": "root", "message": "GET /metrics - 200", "method": "GET", "path": "/metrics", "status_code": 200, "duration_ms": 1005.64, "payload": null, "service": "telemetry-podman", "request_id": "156307fe-a834-4620-b3f0-75797fd451f5"}
{"timestamp": "2026-04-14T19:16:47.628265Z", "level": "INFO", "name": "root", "message": "GET /metrics - 200", "method": "GET", "path": "/metrics", "status_code": 200, "duration_ms": 1003.14, "payload": null, "service": "telemetry-podman", "request_id": "fc1aea87-a829-4997-b2e5-85e0bf79c804"}
{"timestamp": "2026-04-14T19:16:48.634909Z", "level": "INFO", "name": "root", "message": "GET /metrics - 200", "method": "GET", "path": "/metrics", "status_code": 200, "duration_ms": 1002.31, "payload": null, "service": "telemetry-podman", "request_id": "724c3a70-ed95-4310-878d-151df42ab6f3"}
{"timestamp": "2026-04-14T19:16:49.645635Z", "level": "INFO", "name": "root", "message": "GET /metrics - 200", "method": "GET", "path": "/metrics", "status_code": 200, "duration_ms": 1004.69, "payload": null, "service": "telemetry-podman", "request_id": "c21afbc3-6acf-4ca8-a52d-0454af157b06"}
{"timestamp": "2026-04-14T19:16:50.655924Z", "level": "INFO", "name": "root", "message": "GET /metrics - 200", "method": "GET", "path": "/metrics", "status_code": 200, "duration_ms": 1004.56, "payload": null, "service": "telemetry-podman", "request_id": "0694d375-45dd-45f5-b42d-18bbe10c6d3a"}
{"timestamp": "2026-04-14T19:16:51.667908Z", "level": "INFO", "name": "root", "message": "GET /metrics - 200", "method": "GET", "path": "/metrics", "status_code": 200, "duration_ms": 1006.1, "payload": null, "service": "telemetry-podman", "request_id": "8d53fac1-4e58-4fb9-8574-4b07010e07a3"}
{"timestamp": "2026-04-14T19:16:52.678386Z", "level": "INFO", "name": "root", "message": "GET /metrics - 200", "method": "GET", "path": "/metrics", "status_code": 200, "duration_ms": 1004.38, "payload": null, "service": "telemetry-podman", "request_id": "43de13b6-8e5a-49fe-96a8-35662ac1d51f"}
{"timestamp": "2026-04-14T19:16:53.688190Z", "level": "INFO", "name": "root", "message": "GET /metrics - 200", "method": "GET", "path": "/metrics", "status_code": 200, "duration_ms": 1003.84, "payload": null, "service": "telemetry-podman", "request_id": "deda88ba-410d-40b6-bf54-154963251b12"}
{"timestamp": "2026-04-14T19:39:46.090778Z", "level": "INFO", "name": "root", "message": "GET /health - 200", "method": "GET", "path": "/health", "status_code": 200, "duration_ms": 0.84, "payload": null, "service": "telemetry-podman", "request_id": "0ae69bbd-d3b2-43e9-82e4-82c145416dd1"}
{"timestamp": "2026-04-14T19:43:33.918512Z", "level": "INFO", "name": "root", "message": "GET /metrics - 200", "method": "GET", "path": "/metrics", "status_code": 200, "duration_ms": 1008.99, "payload": null, "service": "telemetry-podman", "request_id": "8c6da098-aef3-491d-8e67-180aa6218b16"}
{"timestamp": "2026-04-14T19:43:34.934123Z", "level": "INFO", "name": "root", "message": "GET /metrics - 200", "method": "GET", "path": "/metrics", "status_code": 200, "duration_ms": 1006.38, "payload": null, "service": "telemetry-podman", "request_id": "955e7245-a38e-4b8a-9ad9-121462041a55"}
{"timestamp": "2026-04-14T19:43:35.944990Z", "level": "INFO", "name": "root", "message": "GET /metrics - 200", "method": "GET", "path": "/metrics", "status_code": 200, "duration_ms": 1004.72, "payload": null, "service": "telemetry-podman", "request_id": "9a3e2c6f-df88-4646-b308-f8dc58a7d0e0"}
{"timestamp": "2026-04-14T19:43:36.952887Z", "level": "INFO", "name": "root", "message": "GET /metrics - 200", "method": "GET", "path": "/metrics", "status_code": 200, "duration_ms": 1002.37, "payload": null, "service": "telemetry-podman", "request_id": "88d20e7a-15db-4fc3-9e94-ff761fd65048"}
{"timestamp": "2026-04-14T19:43:37.964830Z", "level": "INFO", "name": "root", "message": "GET /metrics - 200", "method": "GET", "path": "/metrics", "status_code": 200, "duration_ms": 1006.19, "payload": null, "service": "telemetry-podman", "request_id": "3e65a412-6cd8-4dfe-9c36-893062e86381"}
{"timestamp": "2026-04-14T19:43:38.977669Z", "level": "INFO", "name": "root", "message": "GET /metrics - 200", "method": "GET", "path": "/metrics", "status_code": 200, "duration_ms": 1006.21, "payload": null, "service": "telemetry-podman", "request_id": "0a3533ea-c8e2-488c-8789-7b4be7a87383"}
{"timestamp": "2026-04-14T19:43:39.986212Z", "level": "INFO", "name": "root", "message": "GET /metrics - 200", "method": "GET", "path": "/metrics", "status_code": 200, "duration_ms": 1003.07, "payload": null, "service": "telemetry-podman", "request_id": "b1336ec2-4bf5-4f4a-9865-e49a2c15dd6b"}
{"timestamp": "2026-04-14T19:43:40.992692Z", "level": "INFO", "name": "root", "message": "GET /metrics - 200", "method": "GET", "path": "/metrics", "status_code": 200, "duration_ms": 1001.35, "payload": null, "service": "telemetry-podman", "request_id": "212f2ae1-33a4-4f98-87b5-2206f9db64ba"}
{"timestamp": "2026-04-14T19:43:42.003517Z", "level": "INFO", "name": "root", "message": "GET /metrics - 200", "method": "GET", "path": "/metrics", "status_code": 200, "duration_ms": 1005.6, "payload": null, "service": "telemetry-podman", "request_id": "e56b02b9-2aa8-45f4-a99e-4b76ac0dea0d"}
{"timestamp": "2026-04-14T19:48:33.901451Z", "level": "INFO", "name": "root", "message": "GET /metrics - 200", "method": "GET", "path": "/metrics", "status_code": 200, "duration_ms": 1005.89, "payload": null, "service": "telemetry-podman", "request_id": "3b2f18c2-8532-4d47-bafe-898f9e0f44dd"}
{"timestamp": "2026-04-14T19:48:34.913696Z", "level": "INFO", "name": "root", "message": "GET /metrics - 200", "method": "GET", "path": "/metrics", "status_code": 200, "duration_ms": 1004.33, "payload": null, "service": "telemetry-podman", "request_id": "6a891472-2aca-41b0-a04e-5dcc4b4fb109"}
{"timestamp": "2026-04-14T19:48:35.924839Z", "level": "INFO", "name": "root", "message": "GET /metrics - 200", "method": "GET", "path": "/metrics", "status_code": 200, "duration_ms": 1005.26, "payload": null, "service": "telemetry-podman", "request_id": "f67d693a-acdd-42f6-b05f-2b744bcb4331"}
{"timestamp": "2026-04-14T19:48:36.934546Z", "level": "INFO", "name": "root", "message": "GET /metrics - 200", "method": "GET", "path": "/metrics", "status_code": 200, "duration_ms": 1004.31, "payload": null, "service": "telemetry-podman", "request_id": "53567ee7-7764-4ad7-8cb5-bdc7ea04c7ab"}
{"timestamp": "2026-04-14T19:48:37.944121Z", "level": "INFO", "name": "root", "message": "GET /metrics - 200", "method": "GET", "path": "/metrics", "status_code": 200, "duration_ms": 1006.07, "payload": null, "service": "telemetry-podman", "request_id": "b6918761-dbe9-45a1-a012-89f212d4bffa"}
{"timestamp": "2026-04-14T19:48:38.953666Z", "level": "INFO", "name": "root", "message": "GET /metrics - 200", "method": "GET", "path": "/metrics", "status_code": 200, "duration_ms": 1003.1, "payload": null, "service": "telemetry-podman", "request_id": "13340319-8281-49d1-ad7b-546807bc39e7"}
{"timestamp": "2026-04-14T19:48:39.962826Z", "level": "INFO", "name": "root", "message": "GET /metrics - 200", "method": "GET", "path": "/metrics", "status_code": 200, "duration_ms": 1003.32, "payload": null, "service": "telemetry-podman", "request_id": "7062c572-6052-4996-b93d-a4cf1d53bedd"}
{"timestamp": "2026-04-14T19:48:40.975317Z", "level": "INFO", "name": "root", "message": "GET /metrics - 200", "method": "GET", "path": "/metrics", "status_code": 200, "duration_ms": 1006.18, "payload": null, "service": "telemetry-podman", "request_id": "dca84509-61c4-43d2-a600-958b2afa8252"}
{"timestamp": "2026-04-14T19:48:41.985176Z", "level": "INFO", "name": "root", "message": "GET /metrics - 200", "method": "GET", "path": "/metrics", "status_code": 200, "duration_ms": 1004.37, "payload": null, "service": "telemetry-podman", "request_id": "7ec0a409-ade3-4758-b83c-edc311e62ca4"}
{"timestamp": "2026-04-14T19:53:33.895854Z", "level": "INFO", "name": "root", "message": "GET /metrics - 200", "method": "GET", "path": "/metrics", "status_code": 200, "duration_ms": 1002.06, "payload": null, "service": "telemetry-podman", "request_id": "7423f884-17d6-442a-b93a-b9cc465aa3a0"}
{"timestamp": "2026-04-14T19:53:34.909424Z", "level": "INFO", "name": "root", "message": "GET /metrics - 200", "method": "GET", "path": "/metrics", "status_code": 200, "duration_ms": 1005.91, "payload": null, "service": "telemetry-podman", "request_id": "dc4fc4d8-3da5-482a-9362-6bd80e8c5bf0"}
{"timestamp": "2026-04-14T19:53:35.917107Z", "level": "INFO", "name": "root", "message": "GET /metrics - 200", "method": "GET", "path": "/metrics", "status_code": 200, "duration_ms": 1002.22, "payload": null, "service": "telemetry-podman", "request_id": "899af8ec-c1c9-4b58-a998-59ed2a0742a1"}
{"timestamp": "2026-04-14T19:53:36.927178Z", "level": "INFO", "name": "root", "message": "GET /metrics - 200", "method": "GET", "path": "/metrics", "status_code": 200, "duration_ms": 1004.54, "payload": null, "service": "telemetry-podman", "request_id": "63adf19e-dac2-4188-b6e3-8751e0b60d98"}
{"timestamp": "2026-04-14T19:53:37.934902Z", "level": "INFO", "name": "root", "message": "GET /metrics - 200", "method": "GET", "path": "/metrics", "status_code": 200, "duration_ms": 1002.93, "payload": null, "service": "telemetry-podman", "request_id": "6cd23a91-04f4-40ca-8339-2447f3af0f23"}
{"timestamp": "2026-04-14T19:53:38.945801Z", "level": "INFO", "name": "root", "message": "GET /metrics - 200", "method": "GET", "path": "/metrics", "status_code": 200, "duration_ms": 1005.42, "payload": null, "service": "telemetry-podman", "request_id": "05a31b46-edfc-48ce-a38a-ecc6c8986e94"}
{"timestamp": "2026-04-14T19:53:39.956603Z", "level": "INFO", "name": "root", "message": "GET /metrics - 200", "method": "GET", "path": "/metrics", "status_code": 200, "duration_ms": 1005.0, "payload": null, "service": "telemetry-podman", "request_id": "e0409b1e-d712-4f91-ab65-d761955b6bb0"}
{"timestamp": "2026-04-14T19:53:40.967275Z", "level": "INFO", "name": "root", "message": "GET /metrics - 200", "method": "GET", "path": "/metrics", "status_code": 200, "duration_ms": 1004.66, "payload": null, "service": "telemetry-podman", "request_id": "81e2b2ed-9507-4722-970a-4cad757aab3e"}
{"timestamp": "2026-04-14T19:53:41.977521Z", "level": "INFO", "name": "root", "message": "GET /metrics - 200", "method": "GET", "path": "/metrics", "status_code": 200, "duration_ms": 1004.7, "payload": null, "service": "telemetry-podman", "request_id": "fb3961e2-17f9-4e0f-be0e-89834e6c59e2"}
{"timestamp": "2026-04-14T19:58:33.900147Z", "level": "INFO", "name": "root", "message": "GET /metrics - 200", "method": "GET", "path": "/metrics", "status_code": 200, "duration_ms": 1004.01, "payload": null, "service": "telemetry-podman", "request_id": "ddc42db0-9cea-4997-b8b3-304d17400f04"}
{"timestamp": "2026-04-14T19:58:34.911591Z", "level": "INFO", "name": "root", "message": "GET /metrics - 200", "method": "GET", "path": "/metrics", "status_code": 200, "duration_ms": 1003.73, "payload": null, "service": "telemetry-podman", "request_id": "fe4c1d16-d612-4eb1-99de-9d9677c6108f"}
{"timestamp": "2026-04-14T19:58:35.921353Z", "level": "INFO", "name": "root", "message": "GET /metrics - 200", "method": "GET", "path": "/metrics", "status_code": 200, "duration_ms": 1006.03, "payload": null, "service": "telemetry-podman", "request_id": "c14e1e83-3c65-414e-b6c7-7bf4171f4f75"}
{"timestamp": "2026-04-14T19:58:36.930231Z", "level": "INFO", "name": "root", "message": "GET /metrics - 200", "method": "GET", "path": "/metrics", "status_code": 200, "duration_ms": 1002.86, "payload": null, "service": "telemetry-podman", "request_id": "b6ca3186-8d7f-408e-ace2-72f1a643a455"}
{"timestamp": "2026-04-14T19:58:37.937915Z", "level": "INFO", "name": "root", "message": "GET /metrics - 200", "method": "GET", "path": "/metrics", "status_code": 200, "duration_ms": 1002.02, "payload": null, "service": "telemetry-podman", "request_id": "0f936e1d-3a7f-49e4-876e-07d6855325b0"}
{"timestamp": "2026-04-14T19:58:38.947887Z", "level": "INFO", "name": "root", "message": "GET /metrics - 200", "method": "GET", "path": "/metrics", "status_code": 200, "duration_ms": 1004.26, "payload": null, "service": "telemetry-podman", "request_id": "a8c1f9ba-5d93-472f-8e3f-c62cd5695756"}
{"timestamp": "2026-04-14T19:58:39.959928Z", "level": "INFO", "name": "root", "message": "GET /metrics - 200", "method": "GET", "path": "/metrics", "status_code": 200, "duration_ms": 1005.87, "payload": null, "service": "telemetry-podman", "request_id": "8d5eeaa0-d95e-4695-95cf-33398cd5336b"}
{"timestamp": "2026-04-14T19:58:40.969596Z", "level": "INFO", "name": "root", "message": "GET /metrics - 200", "method": "GET", "path": "/metrics", "status_code": 200, "duration_ms": 1003.43, "payload": null, "service": "telemetry-podman", "request_id": "b1c12e1f-ad3d-4fb5-ab3d-d1a4b721f105"}
{"timestamp": "2026-04-14T19:58:41.980490Z", "level": "INFO", "name": "root", "message": "GET /metrics - 200", "method": "GET", "path": "/metrics", "status_code": 200, "duration_ms": 1005.24, "payload": null, "service": "telemetry-podman", "request_id": "8cb4aca3-df3d-4370-b96f-c8507d15bb35"}
{"timestamp": "2026-04-14T20:38:54.699752Z", "level": "INFO", "name": "root", "message": "GET /metrics - 200", "method": "GET", "path": "/metrics", "status_code": 200, "duration_ms": 1003.12, "payload": null, "service": "telemetry-podman", "request_id": "e4eb0101-adb0-42d4-b97b-23862ca33347"}
{"timestamp": "2026-04-14T20:38:55.711206Z", "level": "INFO", "name": "root", "message": "GET /metrics - 200", "method": "GET", "path": "/metrics", "status_code": 200, "duration_ms": 1002.52, "payload": null, "service": "telemetry-podman", "request_id": "45576b13-6897-4728-9a96-c3f2453f4eb3"}
{"timestamp": "2026-04-14T20:38:56.718332Z", "level": "INFO", "name": "root", "message": "GET /metrics - 200", "method": "GET", "path": "/metrics", "status_code": 200, "duration_ms": 1002.49, "payload": null, "service": "telemetry-podman", "request_id": "0eb619b1-3402-4975-b477-2af7a57b0e50"}
{"timestamp": "2026-04-14T20:38:57.728940Z", "level": "INFO", "name": "root", "message": "GET /metrics - 200", "method": "GET", "path": "/metrics", "status_code": 200, "duration_ms": 1006.25, "payload": null, "service": "telemetry-podman", "request_id": "064f47d0-8825-4129-b423-649b6b6f0568"}
{"timestamp": "2026-04-14T20:38:58.737888Z", "level": "INFO", "name": "root", "message": "GET /metrics - 200", "method": "GET", "path": "/metrics", "status_code": 200, "duration_ms": 1003.14, "payload": null, "service": "telemetry-podman", "request_id": "946a2a17-d0f3-4bfe-b488-d3b02d1d573b"}
{"timestamp": "2026-04-14T20:38:59.746713Z", "level": "INFO", "name": "root", "message": "GET /metrics - 200", "method": "GET", "path": "/metrics", "status_code": 200, "duration_ms": 1003.45, "payload": null, "service": "telemetry-podman", "request_id": "01223927-1eb4-4aca-9c8a-c1809816b9c6"}
{"timestamp": "2026-04-14T20:39:00.756901Z", "level": "INFO", "name": "root", "message": "GET /metrics - 200", "method": "GET", "path": "/metrics", "status_code": 200, "duration_ms": 1004.84, "payload": null, "service": "telemetry-podman", "request_id": "86337ce4-98e1-4a28-b2ab-9e8c5218750b"}
{"timestamp": "2026-04-14T20:39:01.767276Z", "level": "INFO", "name": "root", "message": "GET /metrics - 200", "method": "GET", "path": "/metrics", "status_code": 200, "duration_ms": 1004.61, "payload": null, "service": "telemetry-podman", "request_id": "c7d2d780-3ffc-4aa1-bae2-490e4eff103c"}
{"timestamp": "2026-04-14T20:39:02.774990Z", "level": "INFO", "name": "root", "message": "GET /metrics - 200", "method": "GET", "path": "/metrics", "status_code": 200, "duration_ms": 1001.64, "payload": null, "service": "telemetry-podman", "request_id": "9dde0a4e-7cdb-444d-b69f-440feeed8dca"}
{"timestamp": "2026-04-14T20:44:50.353736Z", "level": "INFO", "name": "root", "message": "GET /metrics - 200", "method": "GET", "path": "/metrics", "status_code": 200, "duration_ms": 1006.06, "payload": null, "service": "telemetry-podman", "request_id": "52e827c3-d0c2-4480-bd79-4f660511dc91"}
{"timestamp": "2026-04-14T20:44:51.369629Z", "level": "INFO", "name": "root", "message": "GET /metrics - 200", "method": "GET", "path": "/metrics", "status_code": 200, "duration_ms": 1006.2, "payload": null, "service": "telemetry-podman", "request_id": "5a123de6-d8b1-4847-b740-0044c0c84f7a"}
{"timestamp": "2026-04-14T20:44:52.380185Z", "level": "INFO", "name": "root", "message": "GET /metrics - 200", "method": "GET", "path": "/metrics", "status_code": 200, "duration_ms": 1004.35, "payload": null, "service": "telemetry-podman", "request_id": "e4f020e9-671a-4bd4-8e3b-538d0c8832fb"}
{"timestamp": "2026-04-14T20:44:53.387630Z", "level": "INFO", "name": "root", "message": "GET /metrics - 200", "method": "GET", "path": "/metrics", "status_code": 200, "duration_ms": 1001.17, "payload": null, "service": "telemetry-podman", "request_id": "18335ba3-fcbb-4c53-a51a-b8e44a748dc7"}
{"timestamp": "2026-04-14T20:44:54.397683Z", "level": "INFO", "name": "root", "message": "GET /metrics - 200", "method": "GET", "path": "/metrics", "status_code": 200, "duration_ms": 1003.85, "payload": null, "service": "telemetry-podman", "request_id": "d032fb0b-d9a1-4020-b8e4-159cc289c455"}
{"timestamp": "2026-04-14T20:44:55.409135Z", "level": "INFO", "name": "root", "message": "GET /metrics - 200", "method": "GET", "path": "/metrics", "status_code": 200, "duration_ms": 1005.81, "payload": null, "service": "telemetry-podman", "request_id": "5f680991-534c-4ebd-851a-9c2d67912b96"}
{"timestamp": "2026-04-14T20:44:56.421042Z", "level": "INFO", "name": "root", "message": "GET /metrics - 200", "method": "GET", "path": "/metrics", "status_code": 200, "duration_ms": 1006.14, "payload": null, "service": "telemetry-podman", "request_id": "21f176b2-4f0a-4250-aaa4-6a96ae0ea880"}
{"timestamp": "2026-04-14T20:44:57.429932Z", "level": "INFO", "name": "root", "message": "GET /metrics - 200", "method": "GET", "path": "/metrics", "status_code": 200, "duration_ms": 1002.71, "payload": null, "service": "telemetry-podman", "request_id": "610762ed-daf0-4b1c-8cfb-7082d7cd47e5"}
{"timestamp": "2026-04-14T20:44:58.441228Z", "level": "INFO", "name": "root", "message": "GET /metrics - 200", "method": "GET", "path": "/metrics", "status_code": 200, "duration_ms": 1005.61, "payload": null, "service": "telemetry-podman", "request_id": "44c06358-ce49-46e5-a76e-3fd321198791"}
{"timestamp": "2026-04-14T20:52:23.694842Z", "level": "INFO", "name": "root", "message": "GET /metrics - 200", "method": "GET", "path": "/metrics", "status_code": 200, "duration_ms": 1005.73, "payload": null, "service": "telemetry-podman", "request_id": "20347455-9087-4189-9798-bfbc4454de77"}
{"timestamp": "2026-04-14T20:52:24.706636Z", "level": "INFO", "name": "root", "message": "GET /metrics - 200", "method": "GET", "path": "/metrics", "status_code": 200, "duration_ms": 1001.75, "payload": null, "service": "telemetry-podman", "request_id": "4bc10da9-bf1d-4608-9086-4ba42d99554b"}
{"timestamp": "2026-04-14T20:52:25.717097Z", "level": "INFO", "name": "root", "message": "GET /metrics - 200", "method": "GET", "path": "/metrics", "status_code": 200, "duration_ms": 1004.2, "payload": null, "service": "telemetry-podman", "request_id": "bac36c88-1adf-4c24-8863-f16cbb34cc78"}
{"timestamp": "2026-04-14T20:52:26.725372Z", "level": "INFO", "name": "root", "message": "GET /metrics - 200", "method": "GET", "path": "/metrics", "status_code": 200, "duration_ms": 1002.31, "payload": null, "service": "telemetry-podman", "request_id": "9a6f3b8a-0228-421e-a736-18b56d63be96"}
{"timestamp": "2026-04-14T20:52:27.737543Z", "level": "INFO", "name": "root", "message": "GET /metrics - 200", "method": "GET", "path": "/metrics", "status_code": 200, "duration_ms": 1006.21, "payload": null, "service": "telemetry-podman", "request_id": "e79a60a3-20cb-4d73-85b5-383054fad674"}
{"timestamp": "2026-04-14T20:52:28.745644Z", "level": "INFO", "name": "root", "message": "GET /metrics - 200", "method": "GET", "path": "/metrics", "status_code": 200, "duration_ms": 1001.7, "payload": null, "service": "telemetry-podman", "request_id": "a0813128-f555-4559-bc79-bc97899ba5cf"}
{"timestamp": "2026-04-14T20:52:29.756225Z", "level": "INFO", "name": "root", "message": "GET /metrics - 200", "method": "GET", "path": "/metrics", "status_code": 200, "duration_ms": 1004.41, "payload": null, "service": "telemetry-podman", "request_id": "2c45adf9-ce47-490e-a378-31b2e08f1e6f"}
{"timestamp": "2026-04-14T20:52:30.767109Z", "level": "INFO", "name": "root", "message": "GET /metrics - 200", "method": "GET", "path": "/metrics", "status_code": 200, "duration_ms": 1004.8, "payload": null, "service": "telemetry-podman", "request_id": "7cc8ae59-2f6e-4e89-b13c-be34873d8c17"}
{"timestamp": "2026-04-14T20:52:31.776315Z", "level": "INFO", "name": "root", "message": "GET /metrics - 200", "method": "GET", "path": "/metrics", "status_code": 200, "duration_ms": 1003.48, "payload": null, "service": "telemetry-podman", "request_id": "2502687d-0207-4d20-8e1b-a983ee06ca7f"}
{"timestamp": "2026-04-14T20:57:42.381334Z", "level": "INFO", "name": "root", "message": "GET /metrics - 200", "method": "GET", "path": "/metrics", "status_code": 200, "duration_ms": 1006.18, "payload": null, "service": "telemetry-podman", "request_id": "9c952788-d403-4a25-b1c4-670e99d30d6e"}
{"timestamp": "2026-04-14T20:57:43.393935Z", "level": "INFO", "name": "root", "message": "GET /metrics - 200", "method": "GET", "path": "/metrics", "status_code": 200, "duration_ms": 1002.58, "payload": null, "service": "telemetry-podman", "request_id": "de3584b9-56c1-442c-832f-fde892a3057b"}
{"timestamp": "2026-04-14T20:57:44.401625Z", "level": "INFO", "name": "root", "message": "GET /metrics - 200", "method": "GET", "path": "/metrics", "status_code": 200, "duration_ms": 1001.98, "payload": null, "service": "telemetry-podman", "request_id": "0af370e7-20cf-472b-86ac-b0bc4e5715d2"}
{"timestamp": "2026-04-14T20:57:45.408623Z", "level": "INFO", "name": "root", "message": "GET /metrics - 200", "method": "GET", "path": "/metrics", "status_code": 200, "duration_ms": 1001.51, "payload": null, "service": "telemetry-podman", "request_id": "7cfa649c-3d3b-45f5-b8c2-9b29450bb4b5"}
{"timestamp": "2026-04-14T20:57:46.417632Z", "level": "INFO", "name": "root", "message": "GET /metrics - 200", "method": "GET", "path": "/metrics", "status_code": 200, "duration_ms": 1003.14, "payload": null, "service": "telemetry-podman", "request_id": "c1452c36-7d3a-4e45-ac51-14307b46390b"}
{"timestamp": "2026-04-14T20:57:47.426460Z", "level": "INFO", "name": "root", "message": "GET /metrics - 200", "method": "GET", "path": "/metrics", "status_code": 200, "duration_ms": 1002.61, "payload": null, "service": "telemetry-podman", "request_id": "1ff78afe-9751-40b7-a368-35f1c24055b7"}
{"timestamp": "2026-04-14T20:57:48.437983Z", "level": "INFO", "name": "root", "message": "GET /metrics - 200", "method": "GET", "path": "/metrics", "status_code": 200, "duration_ms": 1005.74, "payload": null, "service": "telemetry-podman", "request_id": "c35c320a-4d32-44d4-b212-47bad63256ef"}
{"timestamp": "2026-04-14T20:57:49.449804Z", "level": "INFO", "name": "root", "message": "GET /metrics - 200", "method": "GET", "path": "/metrics", "status_code": 200, "duration_ms": 1005.93, "payload": null, "service": "telemetry-podman", "request_id": "fbd9011f-c210-473e-aab4-9b05dedd3e0e"}
{"timestamp": "2026-04-14T20:57:50.461694Z", "level": "INFO", "name": "root", "message": "GET /metrics - 200", "method": "GET", "path": "/metrics", "status_code": 200, "duration_ms": 1006.14, "payload": null, "service": "telemetry-podman", "request_id": "5dc5a144-98da-47cb-9aea-6cb8d15a0658"}
{"timestamp": "2026-04-14T21:09:45.169438Z", "level": "INFO", "name": "root", "message": "GET /metrics - 200", "method": "GET", "path": "/metrics", "status_code": 200, "duration_ms": 1003.66, "payload": null, "service": "telemetry-podman", "request_id": "2286671a-1885-4104-9ed8-1aab8f5de687"}
{"timestamp": "2026-04-14T21:09:46.184643Z", "level": "INFO", "name": "root", "message": "GET /metrics - 200", "method": "GET", "path": "/metrics", "status_code": 200, "duration_ms": 1006.01, "payload": null, "service": "telemetry-podman", "request_id": "46d71d38-7c2f-4418-b692-5149d5391c89"}
{"timestamp": "2026-04-14T21:09:47.195829Z", "level": "INFO", "name": "root", "message": "GET /metrics - 200", "method": "GET", "path": "/metrics", "status_code": 200, "duration_ms": 1006.01, "payload": null, "service": "telemetry-podman", "request_id": "22f72efb-07dd-42dc-a427-a92a217ff58b"}
{"timestamp": "2026-04-14T21:09:48.206081Z", "level": "INFO", "name": "root", "message": "GET /metrics - 200", "method": "GET", "path": "/metrics", "status_code": 200, "duration_ms": 1004.48, "payload": null, "service": "telemetry-podman", "request_id": "ba3134e5-f449-40a2-a49d-68e9e7f5805f"}
{"timestamp": "2026-04-14T21:09:49.217986Z", "level": "INFO", "name": "root", "message": "GET /metrics - 200", "method": "GET", "path": "/metrics", "status_code": 200, "duration_ms": 1006.04, "payload": null, "service": "telemetry-podman", "request_id": "407b6f39-aea5-419a-b584-167b9a352d7a"}
{"timestamp": "2026-04-14T21:09:50.228309Z", "level": "INFO", "name": "root", "message": "GET /metrics - 200", "method": "GET", "path": "/metrics", "status_code": 200, "duration_ms": 1003.97, "payload": null, "service": "telemetry-podman", "request_id": "673beaaf-b061-475a-bf63-0b273db7a906"}
{"timestamp": "2026-04-14T21:09:51.235710Z", "level": "INFO", "name": "root", "message": "GET /metrics - 200", "method": "GET", "path": "/metrics", "status_code": 200, "duration_ms": 1001.73, "payload": null, "service": "telemetry-podman", "request_id": "ea4eae3c-7b8f-4679-bad6-a6c74d589527"}
{"timestamp": "2026-04-14T21:09:52.246878Z", "level": "INFO", "name": "root", "message": "GET /metrics - 200", "method": "GET", "path": "/metrics", "status_code": 200, "duration_ms": 1005.39, "payload": null, "service": "telemetry-podman", "request_id": "1bfb252e-0f35-4931-889c-799385f5cbb6"}
{"timestamp": "2026-04-14T21:09:53.253653Z", "level": "INFO", "name": "root", "message": "GET /metrics - 200", "method": "GET", "path": "/metrics", "status_code": 200, "duration_ms": 1001.64, "payload": null, "service": "telemetry-podman", "request_id": "0a569047-3f9e-4659-8236-7488ccee4e9c"}
{"timestamp": "2026-04-14T21:14:45.167137Z", "level": "INFO", "name": "root", "message": "GET /metrics - 200", "method": "GET", "path": "/metrics", "status_code": 200, "duration_ms": 1005.3, "payload": null, "service": "telemetry-podman", "request_id": "776709c9-4eb3-41f8-841a-412a4174c1cf"}
{"timestamp": "2026-04-14T21:14:46.178913Z", "level": "INFO", "name": "root", "message": "GET /metrics - 200", "method": "GET", "path": "/metrics", "status_code": 200, "duration_ms": 1005.43, "payload": null, "service": "telemetry-podman", "request_id": "0d2d98c3-ca97-44cb-933e-3e9c485193b0"}
{"timestamp": "2026-04-14T21:14:47.186115Z", "level": "INFO", "name": "root", "message": "GET /metrics - 200", "method": "GET", "path": "/metrics", "status_code": 200, "duration_ms": 1001.75, "payload": null, "service": "telemetry-podman", "request_id": "2a178ee6-d799-4fae-92ba-2e770867338f"}
{"timestamp": "2026-04-14T21:14:48.194650Z", "level": "INFO", "name": "root", "message": "GET /metrics - 200", "method": "GET", "path": "/metrics", "status_code": 200, "duration_ms": 1003.11, "payload": null, "service": "telemetry-podman", "request_id": "c3124b6f-407f-4f0c-8983-e5173b7b61ee"}
{"timestamp": "2026-04-14T21:14:49.203635Z", "level": "INFO", "name": "root", "message": "GET /metrics - 200", "method": "GET", "path": "/metrics", "status_code": 200, "duration_ms": 1003.45, "payload": null, "service": "telemetry-podman", "request_id": "8827d7b7-bea5-4c23-a2c6-1788bb799734"}
{"timestamp": "2026-04-14T21:14:50.214242Z", "level": "INFO", "name": "root", "message": "GET /metrics - 200", "method": "GET", "path": "/metrics", "status_code": 200, "duration_ms": 1004.63, "payload": null, "service": "telemetry-podman", "request_id": "461aaf3e-d7bb-4be3-9648-883a55b97a37"}
{"timestamp": "2026-04-14T21:14:51.225296Z", "level": "INFO", "name": "root", "message": "GET /metrics - 200", "method": "GET", "path": "/metrics", "status_code": 200, "duration_ms": 1005.58, "payload": null, "service": "telemetry-podman", "request_id": "96495fcc-0bd7-4c95-b70c-a44a7c7a47e2"}
{"timestamp": "2026-04-14T21:14:52.234316Z", "level": "INFO", "name": "root", "message": "GET /metrics - 200", "method": "GET", "path": "/metrics", "status_code": 200, "duration_ms": 1003.56, "payload": null, "service": "telemetry-podman", "request_id": "0c6cbcc4-32ba-4b68-aa2e-1a24f19563a2"}
{"timestamp": "2026-04-14T21:14:53.245626Z", "level": "INFO", "name": "root", "message": "GET /metrics - 200", "method": "GET", "path": "/metrics", "status_code": 200, "duration_ms": 1006.05, "payload": null, "service": "telemetry-podman", "request_id": "cd16e2d9-9783-4441-b1dd-36f30eea506f"}
{"timestamp": "2026-04-14T21:19:45.165928Z", "level": "INFO", "name": "root", "message": "GET /metrics - 200", "method": "GET", "path": "/metrics", "status_code": 200, "duration_ms": 1002.75, "payload": null, "service": "telemetry-podman", "request_id": "b0e6c289-af67-4cde-843a-4fc262dd78b2"}
{"timestamp": "2026-04-14T21:19:46.174687Z", "level": "INFO", "name": "root", "message": "GET /metrics - 200", "method": "GET", "path": "/metrics", "status_code": 200, "duration_ms": 1001.2, "payload": null, "service": "telemetry-podman", "request_id": "7fff66ed-957b-4fba-ba26-319a05324a14"}
{"timestamp": "2026-04-14T21:19:47.181610Z", "level": "INFO", "name": "root", "message": "GET /metrics - 200", "method": "GET", "path": "/metrics", "status_code": 200, "duration_ms": 1001.35, "payload": null, "service": "telemetry-podman", "request_id": "f270294c-0423-4d96-a891-1f133686e5e6"}
{"timestamp": "2026-04-14T21:19:48.190693Z", "level": "INFO", "name": "root", "message": "GET /metrics - 200", "method": "GET", "path": "/metrics", "status_code": 200, "duration_ms": 1004.24, "payload": null, "service": "telemetry-podman", "request_id": "bdb2ec71-ad93-4521-9ef5-fce22b75bec0"}
{"timestamp": "2026-04-14T21:19:49.200573Z", "level": "INFO", "name": "root", "message": "GET /metrics - 200", "method": "GET", "path": "/metrics", "status_code": 200, "duration_ms": 1004.21, "payload": null, "service": "telemetry-podman", "request_id": "fe033a6c-111e-4b56-8e64-1b3672ea88bf"}
{"timestamp": "2026-04-14T21:19:50.211743Z", "level": "INFO", "name": "root", "message": "GET /metrics - 200", "method": "GET", "path": "/metrics", "status_code": 200, "duration_ms": 1006.23, "payload": null, "service": "telemetry-podman", "request_id": "3f290194-6aa2-4fc2-a8a6-8bbd139f07a4"}
{"timestamp": "2026-04-14T21:19:51.221266Z", "level": "INFO", "name": "root", "message": "GET /metrics - 200", "method": "GET", "path": "/metrics", "status_code": 200, "duration_ms": 1005.49, "payload": null, "service": "telemetry-podman", "request_id": "5e7230e8-f2fb-4d12-90e0-e342dd21efa9"}
{"timestamp": "2026-04-14T21:19:52.230066Z", "level": "INFO", "name": "root", "message": "GET /metrics - 200", "method": "GET", "path": "/metrics", "status_code": 200, "duration_ms": 1003.92, "payload": null, "service": "telemetry-podman", "request_id": "ac6cb30a-4cde-45fb-b552-674ad7563af8"}
{"timestamp": "2026-04-14T21:19:53.240558Z", "level": "INFO", "name": "root", "message": "GET /metrics - 200", "method": "GET", "path": "/metrics", "status_code": 200, "duration_ms": 1005.89, "payload": null, "service": "telemetry-podman", "request_id": "d2f6160e-20d5-44e1-a70d-dd2998d8c146"}
{"timestamp": "2026-04-14T21:24:45.170094Z", "level": "INFO", "name": "root", "message": "GET /metrics - 200", "method": "GET", "path": "/metrics", "status_code": 200, "duration_ms": 1005.91, "payload": null, "service": "telemetry-podman", "request_id": "8aa86653-91d0-41d9-8fa6-82fd1d9295ce"}
{"timestamp": "2026-04-14T21:24:46.181586Z", "level": "INFO", "name": "root", "message": "GET /metrics - 200", "method": "GET", "path": "/metrics", "status_code": 200, "duration_ms": 1004.24, "payload": null, "service": "telemetry-podman", "request_id": "878524af-55d7-42b7-aee9-634da25316d0"}
{"timestamp": "2026-04-14T21:24:47.192408Z", "level": "INFO", "name": "root", "message": "GET /metrics - 200", "method": "GET", "path": "/metrics", "status_code": 200, "duration_ms": 1004.88, "payload": null, "service": "telemetry-podman", "request_id": "f3151b4a-9064-484c-87a1-1231990d289e"}
{"timestamp": "2026-04-14T21:24:48.202622Z", "level": "INFO", "name": "root", "message": "GET /metrics - 200", "method": "GET", "path": "/metrics", "status_code": 200, "duration_ms": 1004.48, "payload": null, "service": "telemetry-podman", "request_id": "8eb5dfbf-5ca9-45d5-ad51-016b6db8671f"}
{"timestamp": "2026-04-14T21:24:49.213189Z", "level": "INFO", "name": "root", "message": "GET /metrics - 200", "method": "GET", "path": "/metrics", "status_code": 200, "duration_ms": 1005.45, "payload": null, "service": "telemetry-podman", "request_id": "38280f73-7dce-4ce6-80c6-ac212cdc1ab9"}
{"timestamp": "2026-04-14T21:24:50.224595Z", "level": "INFO", "name": "root", "message": "GET /metrics - 200", "method": "GET", "path": "/metrics", "status_code": 200, "duration_ms": 1005.96, "payload": null, "service": "telemetry-podman", "request_id": "c9cc9347-1489-47a5-83a2-0c50e542ed03"}
{"timestamp": "2026-04-14T21:24:51.235422Z", "level": "INFO", "name": "root", "message": "GET /metrics - 200", "method": "GET", "path": "/metrics", "status_code": 200, "duration_ms": 1005.39, "payload": null, "service": "telemetry-podman", "request_id": "607eb2f8-c3e8-433c-a5c6-305f02cb000d"}
{"timestamp": "2026-04-14T21:24:52.245127Z", "level": "INFO", "name": "root", "message": "GET /metrics - 200", "method": "GET", "path": "/metrics", "status_code": 200, "duration_ms": 1004.04, "payload": null, "service": "telemetry-podman", "request_id": "fde802e8-bd57-4a84-b2c8-e14f3dbae8ed"}
{"timestamp": "2026-04-14T21:24:53.256722Z", "level": "INFO", "name": "root", "message": "GET /metrics - 200", "method": "GET", "path": "/metrics", "status_code": 200, "duration_ms": 1006.02, "payload": null, "service": "telemetry-podman", "request_id": "3d2298d2-8eba-4153-9d6e-2715b22c490c"}
{"timestamp": "2026-04-16T15:41:49.025605Z", "level": "INFO", "name": "root", "message": "GET /metrics - 200", "method": "GET", "path": "/metrics", "status_code": 200, "duration_ms": 1007.94, "payload": null, "service": "telemetry-podman", "request_id": "3d948027-45d9-4550-9fdc-6ac4e23fceef"}
{"timestamp": "2026-04-16T15:41:50.042091Z", "level": "INFO", "name": "root", "message": "GET /metrics - 200", "method": "GET", "path": "/metrics", "status_code": 200, "duration_ms": 1005.3, "payload": null, "service": "telemetry-podman", "request_id": "8eb99c56-54c0-41a5-859a-0922040bca1b"}
{"timestamp": "2026-04-16T15:41:51.051518Z", "level": "INFO", "name": "root", "message": "GET /metrics - 200", "method": "GET", "path": "/metrics", "status_code": 200, "duration_ms": 1003.84, "payload": null, "service": "telemetry-podman", "request_id": "7c1e0223-8bba-4be7-98a9-a80a8f54b372"}
{"timestamp": "2026-04-16T15:41:52.062132Z", "level": "INFO", "name": "root", "message": "GET /metrics - 200", "method": "GET", "path": "/metrics", "status_code": 200, "duration_ms": 1006.22, "payload": null, "service": "telemetry-podman", "request_id": "af979ee2-5c3b-4742-92c6-1855bbacc6dd"}
{"timestamp": "2026-04-16T15:41:53.071614Z", "level": "INFO", "name": "root", "message": "GET /metrics - 200", "method": "GET", "path": "/metrics", "status_code": 200, "duration_ms": 1002.8, "payload": null, "service": "telemetry-podman", "request_id": "c428f979-adfa-4dcc-8698-f7f62564e005"}
{"timestamp": "2026-04-16T15:41:54.082494Z", "level": "INFO", "name": "root", "message": "GET /metrics - 200", "method": "GET", "path": "/metrics", "status_code": 200, "duration_ms": 1004.92, "payload": null, "service": "telemetry-podman", "request_id": "da7a5ae1-812a-4bcc-a23a-1d33c0bddcb8"}
{"timestamp": "2026-04-16T15:41:55.093516Z", "level": "INFO", "name": "root", "message": "GET /metrics - 200", "method": "GET", "path": "/metrics", "status_code": 200, "duration_ms": 1005.51, "payload": null, "service": "telemetry-podman", "request_id": "6df169fc-dd1c-4958-bdf6-8cbe99af1d59"}
{"timestamp": "2026-04-16T15:41:56.104942Z", "level": "INFO", "name": "root", "message": "GET /metrics - 200", "method": "GET", "path": "/metrics", "status_code": 200, "duration_ms": 1005.8, "payload": null, "service": "telemetry-podman", "request_id": "0879e35c-1fa6-4aa1-b719-fd4c4aeca948"}
{"timestamp": "2026-04-16T15:41:57.112610Z", "level": "INFO", "name": "root", "message": "GET /metrics - 200", "method": "GET", "path": "/metrics", "status_code": 200, "duration_ms": 1002.44, "payload": null, "service": "telemetry-podman", "request_id": "5c8a0a8a-5f16-4d3a-be1d-1c8728078dc7"}
{"timestamp": "2026-04-16T15:46:48.997123Z", "level": "INFO", "name": "root", "message": "GET /metrics - 200", "method": "GET", "path": "/metrics", "status_code": 200, "duration_ms": 1002.68, "payload": null, "service": "telemetry-podman", "request_id": "36b0614d-7a75-4fb5-b6f2-a09eeeffa147"}
{"timestamp": "2026-04-16T15:46:50.008289Z", "level": "INFO", "name": "root", "message": "GET /metrics - 200", "method": "GET", "path": "/metrics", "status_code": 200, "duration_ms": 1003.42, "payload": null, "service": "telemetry-podman", "request_id": "2f308e3e-0764-46c1-8012-11ae7782f437"}
{"timestamp": "2026-04-16T15:46:51.017756Z", "level": "INFO", "name": "root", "message": "GET /metrics - 200", "method": "GET", "path": "/metrics", "status_code": 200, "duration_ms": 1003.85, "payload": null, "service": "telemetry-podman", "request_id": "5760f6e5-7f15-4d63-b921-420c361e4ab7"}
{"timestamp": "2026-04-16T15:46:52.028602Z", "level": "INFO", "name": "root", "message": "GET /metrics - 200", "method": "GET", "path": "/metrics", "status_code": 200, "duration_ms": 1005.21, "payload": null, "service": "telemetry-podman", "request_id": "fa2f0d27-4e95-4984-8891-d564193df699"}
{"timestamp": "2026-04-16T15:46:53.039708Z", "level": "INFO", "name": "root", "message": "GET /metrics - 200", "method": "GET", "path": "/metrics", "status_code": 200, "duration_ms": 1005.52, "payload": null, "service": "telemetry-podman", "request_id": "0e7e6560-5c63-4986-957f-828dff2fe83a"}
{"timestamp": "2026-04-16T15:46:54.051215Z", "level": "INFO", "name": "root", "message": "GET /metrics - 200", "method": "GET", "path": "/metrics", "status_code": 200, "duration_ms": 1005.64, "payload": null, "service": "telemetry-podman", "request_id": "f89f7611-6442-40a4-8eba-138feb165cbd"}
{"timestamp": "2026-04-16T15:46:55.061940Z", "level": "INFO", "name": "root", "message": "GET /metrics - 200", "method": "GET", "path": "/metrics", "status_code": 200, "duration_ms": 1004.34, "payload": null, "service": "telemetry-podman", "request_id": "1e110e3a-7f7f-4a7a-a019-35bf8880931d"}
{"timestamp": "2026-04-16T15:46:56.070052Z", "level": "INFO", "name": "root", "message": "GET /metrics - 200", "method": "GET", "path": "/metrics", "status_code": 200, "duration_ms": 1002.26, "payload": null, "service": "telemetry-podman", "request_id": "3108238f-159b-4a37-9ef5-0b4806e5d521"}
{"timestamp": "2026-04-16T15:46:57.080441Z", "level": "INFO", "name": "root", "message": "GET /metrics - 200", "method": "GET", "path": "/metrics", "status_code": 200, "duration_ms": 1004.94, "payload": null, "service": "telemetry-podman", "request_id": "310f8bd8-63da-4c27-aca3-7b794b2707f6"}
{"timestamp": "2026-04-16T15:51:48.997501Z", "level": "INFO", "name": "root", "message": "GET /metrics - 200", "method": "GET", "path": "/metrics", "status_code": 200, "duration_ms": 1006.19, "payload": null, "service": "telemetry-podman", "request_id": "e5b01761-cf45-4b44-8ace-33bcd3f01b60"}
{"timestamp": "2026-04-16T15:51:50.009685Z", "level": "INFO", "name": "root", "message": "GET /metrics - 200", "method": "GET", "path": "/metrics", "status_code": 200, "duration_ms": 1004.65, "payload": null, "service": "telemetry-podman", "request_id": "befad1a5-de30-473a-85cb-23f4db1e8b60"}
{"timestamp": "2026-04-16T15:51:51.019447Z", "level": "INFO", "name": "root", "message": "GET /metrics - 200", "method": "GET", "path": "/metrics", "status_code": 200, "duration_ms": 1004.87, "payload": null, "service": "telemetry-podman", "request_id": "5a25f3e5-e55e-4836-bf09-0392d417548f"}
{"timestamp": "2026-04-16T15:51:52.031036Z", "level": "INFO", "name": "root", "message": "GET /metrics - 200", "method": "GET", "path": "/metrics", "status_code": 200, "duration_ms": 1006.58, "payload": null, "service": "telemetry-podman", "request_id": "41e766ac-910d-4871-9721-0eb7172dfa6f"}
{"timestamp": "2026-04-16T15:51:53.044287Z", "level": "INFO", "name": "root", "message": "GET /metrics - 200", "method": "GET", "path": "/metrics", "status_code": 200, "duration_ms": 1006.26, "payload": null, "service": "telemetry-podman", "request_id": "2db426d1-19d4-489c-bb8e-101c0db41bb4"}
{"timestamp": "2026-04-16T15:51:54.053421Z", "level": "INFO", "name": "root", "message": "GET /metrics - 200", "method": "GET", "path": "/metrics", "status_code": 200, "duration_ms": 1003.37, "payload": null, "service": "telemetry-podman", "request_id": "94f48168-f0d7-417e-8cc8-baca3f0e4c00"}
{"timestamp": "2026-04-16T15:51:55.060093Z", "level": "INFO", "name": "root", "message": "GET /metrics - 200", "method": "GET", "path": "/metrics", "status_code": 200, "duration_ms": 1001.28, "payload": null, "service": "telemetry-podman", "request_id": "ba709944-9371-4c7c-9ebf-cd2fdbd65207"}
{"timestamp": "2026-04-16T15:51:56.071664Z", "level": "INFO", "name": "root", "message": "GET /metrics - 200", "method": "GET", "path": "/metrics", "status_code": 200, "duration_ms": 1005.83, "payload": null, "service": "telemetry-podman", "request_id": "b9c4c92f-eba0-489b-97b7-c4c5fdf30b87"}
{"timestamp": "2026-04-16T15:51:57.082747Z", "level": "INFO", "name": "root", "message": "GET /metrics - 200", "method": "GET", "path": "/metrics", "status_code": 200, "duration_ms": 1005.68, "payload": null, "service": "telemetry-podman", "request_id": "9967b715-39f0-4a24-a8b1-3361333778e0"}
{"timestamp": "2026-04-16T16:05:46.833485Z", "level": "INFO", "name": "root", "message": "GET /metrics - 200", "method": "GET", "path": "/metrics", "status_code": 200, "duration_ms": 1002.3, "payload": null, "service": "telemetry-podman", "request_id": "3e891bd2-64ff-4e11-a568-d15ec6f156bc"}
{"timestamp": "2026-04-16T16:05:47.843430Z", "level": "INFO", "name": "root", "message": "GET /metrics - 200", "method": "GET", "path": "/metrics", "status_code": 200, "duration_ms": 1002.16, "payload": null, "service": "telemetry-podman", "request_id": "134ea259-3fa5-46c5-a235-1fbcff30848d"}
{"timestamp": "2026-04-16T16:05:48.847945Z", "level": "INFO", "name": "root", "message": "GET /metrics - 200", "method": "GET", "path": "/metrics", "status_code": 200, "duration_ms": 1001.23, "payload": null, "service": "telemetry-podman", "request_id": "3a274b76-b6f1-4068-9902-47704cb45dc3"}
{"timestamp": "2026-04-16T16:05:49.856974Z", "level": "INFO", "name": "root", "message": "GET /metrics - 200", "method": "GET", "path": "/metrics", "status_code": 200, "duration_ms": 1005.91, "payload": null, "service": "telemetry-podman", "request_id": "927b82b2-5b1f-4a1a-84d5-cb01e8309837"}
{"timestamp": "2026-04-16T16:05:50.868203Z", "level": "INFO", "name": "root", "message": "GET /metrics - 200", "method": "GET", "path": "/metrics", "status_code": 200, "duration_ms": 1005.68, "payload": null, "service": "telemetry-podman", "request_id": "96ac2c33-7206-4641-8650-2dbd86066288"}
{"timestamp": "2026-04-16T16:05:51.878712Z", "level": "INFO", "name": "root", "message": "GET /metrics - 200", "method": "GET", "path": "/metrics", "status_code": 200, "duration_ms": 1005.7, "payload": null, "service": "telemetry-podman", "request_id": "f4465daa-8c71-4e79-bd0e-6b8ca82d5ccb"}
{"timestamp": "2026-04-16T16:05:52.889575Z", "level": "INFO", "name": "root", "message": "GET /metrics - 200", "method": "GET", "path": "/metrics", "status_code": 200, "duration_ms": 1005.15, "payload": null, "service": "telemetry-podman", "request_id": "9c99ad2d-584e-48d6-9af5-6e3c5a0fb223"}
{"timestamp": "2026-04-16T16:05:53.900708Z", "level": "INFO", "name": "root", "message": "GET /metrics - 200", "method": "GET", "path": "/metrics", "status_code": 200, "duration_ms": 1005.28, "payload": null, "service": "telemetry-podman", "request_id": "435c3e86-7b81-4aaf-87f8-43607256f697"}
{"timestamp": "2026-04-16T16:05:54.912750Z", "level": "INFO", "name": "root", "message": "GET /metrics - 200", "method": "GET", "path": "/metrics", "status_code": 200, "duration_ms": 1006.06, "payload": null, "service": "telemetry-podman", "request_id": "42fc42b4-39f3-4675-890e-0de07d43fa45"}
{"timestamp": "2026-04-16T16:10:46.833185Z", "level": "INFO", "name": "root", "message": "GET /metrics - 200", "method": "GET", "path": "/metrics", "status_code": 200, "duration_ms": 1005.37, "payload": null, "service": "telemetry-podman", "request_id": "320bb1fc-1425-4be4-9764-24660601a477"}
{"timestamp": "2026-04-16T16:10:47.845324Z", "level": "INFO", "name": "root", "message": "GET /metrics - 200", "method": "GET", "path": "/metrics", "status_code": 200, "duration_ms": 1004.44, "payload": null, "service": "telemetry-podman", "request_id": "491b4920-553e-4aa2-b2cc-8120f9a53bf9"}
{"timestamp": "2026-04-16T16:10:48.856784Z", "level": "INFO", "name": "root", "message": "GET /metrics - 200", "method": "GET", "path": "/metrics", "status_code": 200, "duration_ms": 1005.95, "payload": null, "service": "telemetry-podman", "request_id": "62cbe320-20fd-4601-980d-2bf352f97fdf"}
{"timestamp": "2026-04-16T16:10:49.868356Z", "level": "INFO", "name": "root", "message": "GET /metrics - 200", "method": "GET", "path": "/metrics", "status_code": 200, "duration_ms": 1005.76, "payload": null, "service": "telemetry-podman", "request_id": "b46c1f17-736a-4bae-85fb-522d46862d3d"}
{"timestamp": "2026-04-16T16:10:50.876733Z", "level": "INFO", "name": "root", "message": "GET /metrics - 200", "method": "GET", "path": "/metrics", "status_code": 200, "duration_ms": 1002.84, "payload": null, "service": "telemetry-podman", "request_id": "cefdecaa-68b5-485d-8f2d-04c35618f20b"}
{"timestamp": "2026-04-16T16:10:51.884968Z", "level": "INFO", "name": "root", "message": "GET /metrics - 200", "method": "GET", "path": "/metrics", "status_code": 200, "duration_ms": 1005.85, "payload": null, "service": "telemetry-podman", "request_id": "445f686a-d90b-4a62-af88-4dd2baed2840"}
{"timestamp": "2026-04-16T16:10:52.895435Z", "level": "INFO", "name": "root", "message": "GET /metrics - 200", "method": "GET", "path": "/metrics", "status_code": 200, "duration_ms": 1004.79, "payload": null, "service": "telemetry-podman", "request_id": "b284ab38-21de-4e6e-8382-192848f9f318"}
{"timestamp": "2026-04-16T16:10:53.904001Z", "level": "INFO", "name": "root", "message": "GET /metrics - 200", "method": "GET", "path": "/metrics", "status_code": 200, "duration_ms": 1002.71, "payload": null, "service": "telemetry-podman", "request_id": "33184219-dd12-426d-8d46-fcf7a5069224"}
{"timestamp": "2026-04-16T16:10:54.915498Z", "level": "INFO", "name": "root", "message": "GET /metrics - 200", "method": "GET", "path": "/metrics", "status_code": 200, "duration_ms": 1006.07, "payload": null, "service": "telemetry-podman", "request_id": "6d0c2a1e-cbd3-479b-8431-c970a99d2a3d"}
{"timestamp": "2026-04-16T16:15:46.861002Z", "level": "INFO", "name": "root", "message": "GET /metrics - 200", "method": "GET", "path": "/metrics", "status_code": 200, "duration_ms": 1005.86, "payload": null, "service": "telemetry-podman", "request_id": "e4da45af-d0f7-4c42-b4f0-12a0bd220f81"}
{"timestamp": "2026-04-16T16:29:23.121158Z", "level": "INFO", "name": "root", "message": "GET /metrics - 200", "method": "GET", "path": "/metrics", "status_code": 200, "duration_ms": 1002.64, "payload": null, "service": "telemetry-podman", "request_id": "6f7ce31e-5358-4776-9579-81e2d711f2e7"}
{"timestamp": "2026-04-16T16:29:24.155077Z", "level": "INFO", "name": "root", "message": "GET /metrics - 200", "method": "GET", "path": "/metrics", "status_code": 200, "duration_ms": 1005.61, "payload": null, "service": "telemetry-podman", "request_id": "dc233cd9-3041-48b9-9114-af20ddc758ec"}
{"timestamp": "2026-04-16T16:29:25.161647Z", "level": "INFO", "name": "root", "message": "GET /metrics - 200", "method": "GET", "path": "/metrics", "status_code": 200, "duration_ms": 1004.01, "payload": null, "service": "telemetry-podman", "request_id": "9ec49193-bc14-4da6-9847-7675ea7b5f80"}
{"timestamp": "2026-04-16T16:29:26.165763Z", "level": "INFO", "name": "root", "message": "GET /metrics - 200", "method": "GET", "path": "/metrics", "status_code": 200, "duration_ms": 1001.9, "payload": null, "service": "telemetry-podman", "request_id": "168b4033-25bb-429e-a9fa-572b87c8f16f"}
{"timestamp": "2026-04-16T16:29:27.172379Z", "level": "INFO", "name": "root", "message": "GET /metrics - 200", "method": "GET", "path": "/metrics", "status_code": 200, "duration_ms": 1001.31, "payload": null, "service": "telemetry-podman", "request_id": "932da69d-2ab1-4803-9026-a81cf157fc21"}
{"timestamp": "2026-04-16T16:29:28.179982Z", "level": "INFO", "name": "root", "message": "GET /metrics - 200", "method": "GET", "path": "/metrics", "status_code": 200, "duration_ms": 1005.45, "payload": null, "service": "telemetry-podman", "request_id": "9e733260-4173-46d5-8036-d69e800a1565"}
{"timestamp": "2026-04-16T16:29:29.184851Z", "level": "INFO", "name": "root", "message": "GET /metrics - 200", "method": "GET", "path": "/metrics", "status_code": 200, "duration_ms": 1002.67, "payload": null, "service": "telemetry-podman", "request_id": "26de0905-d099-4242-9d63-c17065a52f5c"}
{"timestamp": "2026-04-16T16:29:30.193086Z", "level": "INFO", "name": "root", "message": "GET /metrics - 200", "method": "GET", "path": "/metrics", "status_code": 200, "duration_ms": 1006.23, "payload": null, "service": "telemetry-podman", "request_id": "2d6dcb2d-eac8-466c-a712-1709ceedb99a"}
{"timestamp": "2026-04-16T16:29:31.201161Z", "level": "INFO", "name": "root", "message": "GET /metrics - 200", "method": "GET", "path": "/metrics", "status_code": 200, "duration_ms": 1006.17, "payload": null, "service": "telemetry-podman", "request_id": "9b169a43-0521-41eb-9c39-c7c2dce89a9c"}
{"timestamp": "2026-04-16T16:34:23.137996Z", "level": "INFO", "name": "root", "message": "GET /metrics - 200", "method": "GET", "path": "/metrics", "status_code": 200, "duration_ms": 1005.41, "payload": null, "service": "telemetry-podman", "request_id": "df69bd80-4ddf-490f-8f3f-6e105e3dc65d"}
{"timestamp": "2026-04-16T16:34:24.149361Z", "level": "INFO", "name": "root", "message": "GET /metrics - 200", "method": "GET", "path": "/metrics", "status_code": 200, "duration_ms": 1005.77, "payload": null, "service": "telemetry-podman", "request_id": "cf8f79c3-0f93-4a42-91b3-ae088074530a"}
{"timestamp": "2026-04-16T16:34:25.155510Z", "level": "INFO", "name": "root", "message": "GET /metrics - 200", "method": "GET", "path": "/metrics", "status_code": 200, "duration_ms": 1001.68, "payload": null, "service": "telemetry-podman", "request_id": "b825c4e9-6af2-40e4-981b-c9693f005dd9"}
{"timestamp": "2026-04-16T16:34:26.162044Z", "level": "INFO", "name": "root", "message": "GET /metrics - 200", "method": "GET", "path": "/metrics", "status_code": 200, "duration_ms": 1003.06, "payload": null, "service": "telemetry-podman", "request_id": "cabadbb0-18b4-4b75-865b-36e9f13e84c9"}
{"timestamp": "2026-04-16T16:34:27.170592Z", "level": "INFO", "name": "root", "message": "GET /metrics - 200", "method": "GET", "path": "/metrics", "status_code": 200, "duration_ms": 1003.87, "payload": null, "service": "telemetry-podman", "request_id": "efc3db4f-0a16-4ed3-99f0-adac6bc8921c"}
{"timestamp": "2026-04-16T16:34:28.178676Z", "level": "INFO", "name": "root", "message": "GET /metrics - 200", "method": "GET", "path": "/metrics", "status_code": 200, "duration_ms": 1003.69, "payload": null, "service": "telemetry-podman", "request_id": "c32d219b-dc3b-4c8b-bc94-5aac6446b9a7"}
{"timestamp": "2026-04-16T16:34:29.188121Z", "level": "INFO", "name": "root", "message": "GET /metrics - 200", "method": "GET", "path": "/metrics", "status_code": 200, "duration_ms": 1003.81, "payload": null, "service": "telemetry-podman", "request_id": "60ba6bb9-e8db-425c-9612-ad02066fa37b"}
{"timestamp": "2026-04-16T16:34:30.195868Z", "level": "INFO", "name": "root", "message": "GET /metrics - 200", "method": "GET", "path": "/metrics", "status_code": 200, "duration_ms": 1002.3, "payload": null, "service": "telemetry-podman", "request_id": "35bb86a0-cd88-420e-9f41-0fcce7358f65"}
{"timestamp": "2026-04-16T16:34:31.203046Z", "level": "INFO", "name": "root", "message": "GET /metrics - 200", "method": "GET", "path": "/metrics", "status_code": 200, "duration_ms": 1002.95, "payload": null, "service": "telemetry-podman", "request_id": "4764106f-00af-4706-b21c-034e41afac49"}
{"timestamp": "2026-04-16T16:53:06.213248Z", "level": "INFO", "name": "root", "message": "GET /metrics - 200", "method": "GET", "path": "/metrics", "status_code": 200, "duration_ms": 1004.44, "payload": null, "service": "telemetry-podman", "request_id": "577b5878-6d84-42fd-8f10-f60daf1b45d9"}
{"timestamp": "2026-04-16T16:53:07.223327Z", "level": "INFO", "name": "root", "message": "GET /metrics - 200", "method": "GET", "path": "/metrics", "status_code": 200, "duration_ms": 1003.59, "payload": null, "service": "telemetry-podman", "request_id": "a7c4d284-4af4-4161-8c08-ebdf8cb66514"}
{"timestamp": "2026-04-16T16:53:08.231900Z", "level": "INFO", "name": "root", "message": "GET /metrics - 200", "method": "GET", "path": "/metrics", "status_code": 200, "duration_ms": 1003.61, "payload": null, "service": "telemetry-podman", "request_id": "19dc0254-a5e8-4ca0-a925-f3995e6939ae"}
{"timestamp": "2026-04-16T16:53:09.242253Z", "level": "INFO", "name": "root", "message": "GET /metrics - 200", "method": "GET", "path": "/metrics", "status_code": 200, "duration_ms": 1005.28, "payload": null, "service": "telemetry-podman", "request_id": "3ed4835b-e563-499c-b1a9-e49af731b839"}
{"timestamp": "2026-04-16T16:53:10.250880Z", "level": "INFO", "name": "root", "message": "GET /metrics - 200", "method": "GET", "path": "/metrics", "status_code": 200, "duration_ms": 1004.42, "payload": null, "service": "telemetry-podman", "request_id": "72650a53-8423-4386-9a94-fa46b2f3bc4f"}
{"timestamp": "2026-04-16T16:53:11.259482Z", "level": "INFO", "name": "root", "message": "GET /metrics - 200", "method": "GET", "path": "/metrics", "status_code": 200, "duration_ms": 1004.77, "payload": null, "service": "telemetry-podman", "request_id": "ab89c097-ef40-49a2-8b45-a5e5f5b8e10a"}
{"timestamp": "2026-04-16T16:53:12.265627Z", "level": "INFO", "name": "root", "message": "GET /metrics - 200", "method": "GET", "path": "/metrics", "status_code": 200, "duration_ms": 1002.24, "payload": null, "service": "telemetry-podman", "request_id": "02af84f7-3dbe-4687-bc90-08db0849dda2"}
{"timestamp": "2026-04-16T16:53:13.275790Z", "level": "INFO", "name": "root", "message": "GET /metrics - 200", "method": "GET", "path": "/metrics", "status_code": 200, "duration_ms": 1005.31, "payload": null, "service": "telemetry-podman", "request_id": "8aa0156e-8988-4a7d-acbe-7f8e345ec6a2"}
{"timestamp": "2026-04-16T16:53:14.285920Z", "level": "INFO", "name": "root", "message": "GET /metrics - 200", "method": "GET", "path": "/metrics", "status_code": 200, "duration_ms": 1006.18, "payload": null, "service": "telemetry-podman", "request_id": "6a935e2f-44f9-4ab4-b915-5c3dbfb9e640"}
{"timestamp": "2026-04-16T17:00:39.426195Z", "level": "INFO", "name": "root", "message": "GET /metrics - 200", "method": "GET", "path": "/metrics", "status_code": 200, "duration_ms": 1002.12, "payload": null, "service": "telemetry-podman", "request_id": "5bf08f91-8fe8-46aa-865b-f97cb5f7c534"}
{"timestamp": "2026-04-16T17:00:40.435600Z", "level": "INFO", "name": "root", "message": "GET /metrics - 200", "method": "GET", "path": "/metrics", "status_code": 200, "duration_ms": 1004.63, "payload": null, "service": "telemetry-podman", "request_id": "d7f0143c-387c-4b85-8e43-fdd365722353"}
{"timestamp": "2026-04-16T17:00:41.441286Z", "level": "INFO", "name": "root", "message": "GET /metrics - 200", "method": "GET", "path": "/metrics", "status_code": 200, "duration_ms": 1002.1, "payload": null, "service": "telemetry-podman", "request_id": "db082679-f8d1-443c-9f97-d77d7ffcb7a8"}
{"timestamp": "2026-04-16T17:00:42.447200Z", "level": "INFO", "name": "root", "message": "GET /metrics - 200", "method": "GET", "path": "/metrics", "status_code": 200, "duration_ms": 1001.52, "payload": null, "service": "telemetry-podman", "request_id": "5bdc1cfe-7857-4ce6-9ff5-1e2a42b59491"}
{"timestamp": "2026-04-16T17:00:43.454857Z", "level": "INFO", "name": "root", "message": "GET /metrics - 200", "method": "GET", "path": "/metrics", "status_code": 200, "duration_ms": 1003.04, "payload": null, "service": "telemetry-podman", "request_id": "53927a4c-d843-4c12-a342-9096c7163246"}
{"timestamp": "2026-04-16T17:00:44.461604Z", "level": "INFO", "name": "root", "message": "GET /metrics - 200", "method": "GET", "path": "/metrics", "status_code": 200, "duration_ms": 1002.47, "payload": null, "service": "telemetry-podman", "request_id": "69b02c0a-6572-491f-949e-9e953a956406"}
{"timestamp": "2026-04-16T17:00:45.469492Z", "level": "INFO", "name": "root", "message": "GET /metrics - 200", "method": "GET", "path": "/metrics", "status_code": 200, "duration_ms": 1004.79, "payload": null, "service": "telemetry-podman", "request_id": "23c19f25-b1d6-4b4d-a185-74be692892c6"}
{"timestamp": "2026-04-16T17:00:46.473805Z", "level": "INFO", "name": "root", "message": "GET /metrics - 200", "method": "GET", "path": "/metrics", "status_code": 200, "duration_ms": 1000.61, "payload": null, "service": "telemetry-podman", "request_id": "d4047d10-e27a-44f5-a92a-33ad590fae21"}
{"timestamp": "2026-04-16T17:00:47.481512Z", "level": "INFO", "name": "root", "message": "GET /metrics - 200", "method": "GET", "path": "/metrics", "status_code": 200, "duration_ms": 1004.42, "payload": null, "service": "telemetry-podman", "request_id": "d87db5d1-fc09-441e-988f-8bbf0fc0717c"}
{"timestamp": "2026-04-16T17:09:57.473389Z", "level": "INFO", "name": "root", "message": "GET /metrics - 200", "method": "GET", "path": "/metrics", "status_code": 200, "duration_ms": 1002.29, "payload": null, "service": "telemetry-podman", "request_id": "92f2c631-1c54-4436-9416-d732058b080e"}
{"timestamp": "2026-04-16T17:09:58.488053Z", "level": "INFO", "name": "root", "message": "GET /metrics - 200", "method": "GET", "path": "/metrics", "status_code": 200, "duration_ms": 1005.97, "payload": null, "service": "telemetry-podman", "request_id": "45c884fc-e02f-475d-abb4-ba0f99aeb80b"}
{"timestamp": "2026-04-16T17:09:59.496662Z", "level": "INFO", "name": "root", "message": "GET /metrics - 200", "method": "GET", "path": "/metrics", "status_code": 200, "duration_ms": 1001.32, "payload": null, "service": "telemetry-podman", "request_id": "7388fea4-9324-4f4c-8365-b33468ee3fc9"}
{"timestamp": "2026-04-16T17:10:00.506138Z", "level": "INFO", "name": "root", "message": "GET /metrics - 200", "method": "GET", "path": "/metrics", "status_code": 200, "duration_ms": 1003.15, "payload": null, "service": "telemetry-podman", "request_id": "ff224881-d586-48f3-85a2-6e8682eeda0c"}
{"timestamp": "2026-04-16T17:10:01.517538Z", "level": "INFO", "name": "root", "message": "GET /metrics - 200", "method": "GET", "path": "/metrics", "status_code": 200, "duration_ms": 1005.41, "payload": null, "service": "telemetry-podman", "request_id": "fd92dd70-9489-4468-b84c-2bc0bb6cc825"}
{"timestamp": "2026-04-16T17:10:02.528648Z", "level": "INFO", "name": "root", "message": "GET /metrics - 200", "method": "GET", "path": "/metrics", "status_code": 200, "duration_ms": 1005.63, "payload": null, "service": "telemetry-podman", "request_id": "00b3458d-eebe-4802-a895-fe0388a4bd72"}
{"timestamp": "2026-04-16T17:10:03.536288Z", "level": "INFO", "name": "root", "message": "GET /metrics - 200", "method": "GET", "path": "/metrics", "status_code": 200, "duration_ms": 1001.73, "payload": null, "service": "telemetry-podman", "request_id": "431da072-1d88-4f3c-9d5c-219552f8aac0"}
{"timestamp": "2026-04-16T17:10:04.542829Z", "level": "INFO", "name": "root", "message": "GET /metrics - 200", "method": "GET", "path": "/metrics", "status_code": 200, "duration_ms": 1002.33, "payload": null, "service": "telemetry-podman", "request_id": "8ffcd6cc-a691-465f-b1ce-2820299fa0f1"}
{"timestamp": "2026-04-16T17:10:05.552712Z", "level": "INFO", "name": "root", "message": "GET /metrics - 200", "method": "GET", "path": "/metrics", "status_code": 200, "duration_ms": 1004.81, "payload": null, "service": "telemetry-podman", "request_id": "a6f09fec-9907-40e1-a444-4e9204e7ef10"}
{"timestamp": "2026-04-16T17:14:57.479319Z", "level": "INFO", "name": "root", "message": "GET /metrics - 200", "method": "GET", "path": "/metrics", "status_code": 200, "duration_ms": 1005.76, "payload": null, "service": "telemetry-podman", "request_id": "33657697-d735-4d60-919d-3b5d47eb7aa9"}
{"timestamp": "2026-04-16T17:14:58.493839Z", "level": "INFO", "name": "root", "message": "GET /metrics - 200", "method": "GET", "path": "/metrics", "status_code": 200, "duration_ms": 1006.17, "payload": null, "service": "telemetry-podman", "request_id": "7d34bb48-5eae-492c-a825-1265e2baed8e"}
{"timestamp": "2026-04-16T17:14:59.505087Z", "level": "INFO", "name": "root", "message": "GET /metrics - 200", "method": "GET", "path": "/metrics", "status_code": 200, "duration_ms": 1006.01, "payload": null, "service": "telemetry-podman", "request_id": "5056626b-c693-4719-a943-908cd5a1e098"}
{"timestamp": "2026-04-16T17:15:00.516599Z", "level": "INFO", "name": "root", "message": "GET /metrics - 200", "method": "GET", "path": "/metrics", "status_code": 200, "duration_ms": 1005.86, "payload": null, "service": "telemetry-podman", "request_id": "2658c63b-65e6-43e9-9f10-c9e5ed308330"}
{"timestamp": "2026-04-16T17:15:01.523509Z", "level": "INFO", "name": "root", "message": "GET /metrics - 200", "method": "GET", "path": "/metrics", "status_code": 200, "duration_ms": 1002.14, "payload": null, "service": "telemetry-podman", "request_id": "e1e0162a-6610-4247-8b36-024acdc5ebc5"}
{"timestamp": "2026-04-16T17:15:02.533316Z", "level": "INFO", "name": "root", "message": "GET /metrics - 200", "method": "GET", "path": "/metrics", "status_code": 200, "duration_ms": 1005.15, "payload": null, "service": "telemetry-podman", "request_id": "dc2abc3c-b733-4c0a-8a2c-48331b0ce3e2"}
{"timestamp": "2026-04-16T17:15:03.543031Z", "level": "INFO", "name": "root", "message": "GET /metrics - 200", "method": "GET", "path": "/metrics", "status_code": 200, "duration_ms": 1004.68, "payload": null, "service": "telemetry-podman", "request_id": "000eb036-6b41-48cd-a507-228f990e06cf"}
{"timestamp": "2026-04-16T17:15:04.554253Z", "level": "INFO", "name": "root", "message": "GET /metrics - 200", "method": "GET", "path": "/metrics", "status_code": 200, "duration_ms": 1005.93, "payload": null, "service": "telemetry-podman", "request_id": "7d3416f0-9245-4287-b3ac-bf39539e5e77"}
{"timestamp": "2026-04-16T17:15:05.564878Z", "level": "INFO", "name": "root", "message": "GET /metrics - 200", "method": "GET", "path": "/metrics", "status_code": 200, "duration_ms": 1005.94, "payload": null, "service": "telemetry-podman", "request_id": "232e6245-2301-4636-a7eb-d7d4c50dded7"}
{"timestamp": "2026-04-16T17:23:23.606992Z", "level": "INFO", "name": "root", "message": "GET /metrics - 200", "method": "GET", "path": "/metrics", "status_code": 200, "duration_ms": 1001.33, "payload": null, "service": "telemetry-podman", "request_id": "667cadae-134e-40a9-9cd3-ff30addafe90"}
{"timestamp": "2026-04-16T17:23:24.617989Z", "level": "INFO", "name": "root", "message": "GET /metrics - 200", "method": "GET", "path": "/metrics", "status_code": 200, "duration_ms": 1005.79, "payload": null, "service": "telemetry-podman", "request_id": "bd8882d6-732e-4efc-bc33-de76e65fa51b"}
{"timestamp": "2026-04-16T17:23:25.630198Z", "level": "INFO", "name": "root", "message": "GET /metrics - 200", "method": "GET", "path": "/metrics", "status_code": 200, "duration_ms": 1006.07, "payload": null, "service": "telemetry-podman", "request_id": "0f41418f-bc67-49ef-bbed-36ec09030b3f"}
{"timestamp": "2026-04-16T17:23:26.641358Z", "level": "INFO", "name": "root", "message": "GET /metrics - 200", "method": "GET", "path": "/metrics", "status_code": 200, "duration_ms": 1005.55, "payload": null, "service": "telemetry-podman", "request_id": "73bb0d8c-3ad7-4ce4-96d5-455152a7af5a"}
{"timestamp": "2026-04-16T17:23:27.649604Z", "level": "INFO", "name": "root", "message": "GET /metrics - 200", "method": "GET", "path": "/metrics", "status_code": 200, "duration_ms": 1002.43, "payload": null, "service": "telemetry-podman", "request_id": "fe17909e-669f-4fb2-8429-f9fa5fd5d528"}
{"timestamp": "2026-04-16T17:23:28.658740Z", "level": "INFO", "name": "root", "message": "GET /metrics - 200", "method": "GET", "path": "/metrics", "status_code": 200, "duration_ms": 1003.55, "payload": null, "service": "telemetry-podman", "request_id": "578f11ce-3868-4814-93ff-8ba13d8ed502"}
{"timestamp": "2026-04-16T17:23:29.669188Z", "level": "INFO", "name": "root", "message": "GET /metrics - 200", "method": "GET", "path": "/metrics", "status_code": 200, "duration_ms": 1005.04, "payload": null, "service": "telemetry-podman", "request_id": "5ff2d5d6-491e-4e87-81d2-e42305df687f"}
{"timestamp": "2026-04-16T17:23:30.674577Z", "level": "INFO", "name": "root", "message": "GET /metrics - 200", "method": "GET", "path": "/metrics", "status_code": 200, "duration_ms": 1003.04, "payload": null, "service": "telemetry-podman", "request_id": "bc2ecbea-45e0-48af-9cce-a335170b11b0"}
{"timestamp": "2026-04-16T17:23:31.679168Z", "level": "INFO", "name": "root", "message": "GET /metrics - 200", "method": "GET", "path": "/metrics", "status_code": 200, "duration_ms": 1002.35, "payload": null, "service": "telemetry-podman", "request_id": "41c1d08b-5568-4429-b2b6-b616b5c83ef7"}
{"timestamp": "2026-04-16T17:33:16.611865Z", "level": "INFO", "name": "root", "message": "GET /metrics - 200", "method": "GET", "path": "/metrics", "status_code": 200, "duration_ms": 1003.67, "payload": null, "service": "telemetry-podman", "request_id": "1bc58e87-0015-4595-b123-a5c825088f14"}
{"timestamp": "2026-04-16T17:33:17.623754Z", "level": "INFO", "name": "root", "message": "GET /metrics - 200", "method": "GET", "path": "/metrics", "status_code": 200, "duration_ms": 1003.76, "payload": null, "service": "telemetry-podman", "request_id": "c74d6c0b-9b3e-4ef2-a478-12c25ca864ca"}
{"timestamp": "2026-04-16T17:33:18.632812Z", "level": "INFO", "name": "root", "message": "GET /metrics - 200", "method": "GET", "path": "/metrics", "status_code": 200, "duration_ms": 1003.08, "payload": null, "service": "telemetry-podman", "request_id": "3c8c3008-b9f9-4159-8a83-f23302410919"}
{"timestamp": "2026-04-16T17:33:19.642051Z", "level": "INFO", "name": "root", "message": "GET /metrics - 200", "method": "GET", "path": "/metrics", "status_code": 200, "duration_ms": 1003.76, "payload": null, "service": "telemetry-podman", "request_id": "2abd40ce-2d74-4988-8afc-6674fd83c1a8"}
{"timestamp": "2026-04-16T17:33:20.650512Z", "level": "INFO", "name": "root", "message": "GET /metrics - 200", "method": "GET", "path": "/metrics", "status_code": 200, "duration_ms": 1003.18, "payload": null, "service": "telemetry-podman", "request_id": "7ff634f1-8186-40b9-97d8-aeddedadc241"}
{"timestamp": "2026-04-16T17:33:21.662319Z", "level": "INFO", "name": "root", "message": "GET /metrics - 200", "method": "GET", "path": "/metrics", "status_code": 200, "duration_ms": 1006.18, "payload": null, "service": "telemetry-podman", "request_id": "70e3c9ef-61aa-4400-9728-6d71ef8fee13"}
{"timestamp": "2026-04-16T17:33:22.674043Z", "level": "INFO", "name": "root", "message": "GET /metrics - 200", "method": "GET", "path": "/metrics", "status_code": 200, "duration_ms": 1006.33, "payload": null, "service": "telemetry-podman", "request_id": "302f53d6-4a8c-4c6b-a1b9-e10f5eec7812"}
{"timestamp": "2026-04-16T17:33:23.684103Z", "level": "INFO", "name": "root", "message": "GET /metrics - 200", "method": "GET", "path": "/metrics", "status_code": 200, "duration_ms": 1002.74, "payload": null, "service": "telemetry-podman", "request_id": "011d5cdb-b703-4c8f-a2a4-0a1e82bf0c03"}
{"timestamp": "2026-04-16T17:33:24.693013Z", "level": "INFO", "name": "root", "message": "GET /metrics - 200", "method": "GET", "path": "/metrics", "status_code": 200, "duration_ms": 1003.91, "payload": null, "service": "telemetry-podman", "request_id": "1d571437-22d7-4dfa-86d0-6c8ee0f69d11"}
{"timestamp": "2026-04-16T17:38:16.593022Z", "level": "INFO", "name": "root", "message": "GET /metrics - 200", "method": "GET", "path": "/metrics", "status_code": 200, "duration_ms": 1002.82, "payload": null, "service": "telemetry-podman", "request_id": "c29ad862-aa6c-4121-a7e8-ce142db20dcd"}
{"timestamp": "2026-04-16T17:38:17.606871Z", "level": "INFO", "name": "root", "message": "GET /metrics - 200", "method": "GET", "path": "/metrics", "status_code": 200, "duration_ms": 1005.8, "payload": null, "service": "telemetry-podman", "request_id": "2db64afd-8e09-4614-a046-47b92a237a66"}
{"timestamp": "2026-04-16T17:38:18.618365Z", "level": "INFO", "name": "root", "message": "GET /metrics - 200", "method": "GET", "path": "/metrics", "status_code": 200, "duration_ms": 1005.83, "payload": null, "service": "telemetry-podman", "request_id": "0f4642a8-5d1d-45c1-9e0d-fbd8a2b73ba0"}
{"timestamp": "2026-04-16T17:38:19.628566Z", "level": "INFO", "name": "root", "message": "GET /metrics - 200", "method": "GET", "path": "/metrics", "status_code": 200, "duration_ms": 1006.19, "payload": null, "service": "telemetry-podman", "request_id": "6d8c4612-b81f-4753-b918-fdcf79f48db3"}
{"timestamp": "2026-04-16T17:38:20.635147Z", "level": "INFO", "name": "root", "message": "GET /metrics - 200", "method": "GET", "path": "/metrics", "status_code": 200, "duration_ms": 1001.11, "payload": null, "service": "telemetry-podman", "request_id": "9325c11f-3ee7-476c-942b-d91066f7785f"}
{"timestamp": "2026-04-16T17:38:21.644271Z", "level": "INFO", "name": "root", "message": "GET /metrics - 200", "method": "GET", "path": "/metrics", "status_code": 200, "duration_ms": 1004.3, "payload": null, "service": "telemetry-podman", "request_id": "b45f4539-8db9-4b6f-ac53-f34f9f43e491"}
{"timestamp": "2026-04-16T17:38:22.654923Z", "level": "INFO", "name": "root", "message": "GET /metrics - 200", "method": "GET", "path": "/metrics", "status_code": 200, "duration_ms": 1006.1, "payload": null, "service": "telemetry-podman", "request_id": "5b424af5-38b4-42c7-993d-3228e4f1cb14"}
{"timestamp": "2026-04-16T17:38:23.662742Z", "level": "INFO", "name": "root", "message": "GET /metrics - 200", "method": "GET", "path": "/metrics", "status_code": 200, "duration_ms": 1002.69, "payload": null, "service": "telemetry-podman", "request_id": "e918b24e-7e3e-4cea-af1b-48b181b8307b"}
{"timestamp": "2026-04-16T17:38:24.669728Z", "level": "INFO", "name": "root", "message": "GET /metrics - 200", "method": "GET", "path": "/metrics", "status_code": 200, "duration_ms": 1001.34, "payload": null, "service": "telemetry-podman", "request_id": "ae9ac2cc-fbd4-478b-ad9a-472fbd495229"}
{"timestamp": "2026-04-16T17:53:17.778330Z", "level": "INFO", "name": "root", "message": "GET /metrics - 200", "method": "GET", "path": "/metrics", "status_code": 200, "duration_ms": 1001.76, "payload": null, "service": "telemetry-podman", "request_id": "e1b04d75-e94e-4779-a1c2-c835b0711814"}
{"timestamp": "2026-04-16T17:53:18.792551Z", "level": "INFO", "name": "root", "message": "GET /metrics - 200", "method": "GET", "path": "/metrics", "status_code": 200, "duration_ms": 1006.02, "payload": null, "service": "telemetry-podman", "request_id": "4f1dd845-bdac-4449-8b01-35220e877749"}
{"timestamp": "2026-04-16T17:53:19.801509Z", "level": "INFO", "name": "root", "message": "GET /metrics - 200", "method": "GET", "path": "/metrics", "status_code": 200, "duration_ms": 1002.68, "payload": null, "service": "telemetry-podman", "request_id": "efe32556-d509-4e01-9810-f576cce5abbc"}
{"timestamp": "2026-04-16T17:53:20.812615Z", "level": "INFO", "name": "root", "message": "GET /metrics - 200", "method": "GET", "path": "/metrics", "status_code": 200, "duration_ms": 1005.33, "payload": null, "service": "telemetry-podman", "request_id": "1eeceba3-ef7f-4019-9c45-b623f4e6c672"}
{"timestamp": "2026-04-16T17:53:21.822683Z", "level": "INFO", "name": "root", "message": "GET /metrics - 200", "method": "GET", "path": "/metrics", "status_code": 200, "duration_ms": 1004.16, "payload": null, "service": "telemetry-podman", "request_id": "8fa00461-d47e-468b-91f7-32a7cfec6ab7"}
{"timestamp": "2026-04-16T17:53:22.833430Z", "level": "INFO", "name": "root", "message": "GET /metrics - 200", "method": "GET", "path": "/metrics", "status_code": 200, "duration_ms": 1005.16, "payload": null, "service": "telemetry-podman", "request_id": "00f1f056-b0ae-44f0-91cf-fbd1ec4b5934"}
{"timestamp": "2026-04-16T17:53:23.844409Z", "level": "INFO", "name": "root", "message": "GET /metrics - 200", "method": "GET", "path": "/metrics", "status_code": 200, "duration_ms": 1005.53, "payload": null, "service": "telemetry-podman", "request_id": "24075757-dc5d-47b1-b673-8e87c0e6bcd4"}
{"timestamp": "2026-04-16T17:53:24.851076Z", "level": "INFO", "name": "root", "message": "GET /metrics - 200", "method": "GET", "path": "/metrics", "status_code": 200, "duration_ms": 1001.73, "payload": null, "service": "telemetry-podman", "request_id": "bc5ffb00-fadf-4d85-9d50-a29dab0a756c"}
{"timestamp": "2026-04-16T17:53:25.860728Z", "level": "INFO", "name": "root", "message": "GET /metrics - 200", "method": "GET", "path": "/metrics", "status_code": 200, "duration_ms": 1003.12, "payload": null, "service": "telemetry-podman", "request_id": "c3d0d39f-cd70-4cc9-92da-3b01df6d334e"}
{"timestamp": "2026-04-16T17:58:17.746801Z", "level": "INFO", "name": "root", "message": "GET /metrics - 200", "method": "GET", "path": "/metrics", "status_code": 200, "duration_ms": 1002.33, "payload": null, "service": "telemetry-podman", "request_id": "96934caa-3ee9-46bb-97d1-04ced1528528"}
{"timestamp": "2026-04-16T17:58:18.756601Z", "level": "INFO", "name": "root", "message": "GET /metrics - 200", "method": "GET", "path": "/metrics", "status_code": 200, "duration_ms": 1002.2, "payload": null, "service": "telemetry-podman", "request_id": "b45c6979-2605-4f0a-ac2d-46d354c33d1b"}
{"timestamp": "2026-04-16T17:58:19.764526Z", "level": "INFO", "name": "root", "message": "GET /metrics - 200", "method": "GET", "path": "/metrics", "status_code": 200, "duration_ms": 1005.73, "payload": null, "service": "telemetry-podman", "request_id": "7cf60a2b-d75c-4d66-b2ce-35f1e13c909b"}
{"timestamp": "2026-04-16T17:58:20.771037Z", "level": "INFO", "name": "root", "message": "GET /metrics - 200", "method": "GET", "path": "/metrics", "status_code": 200, "duration_ms": 1001.82, "payload": null, "service": "telemetry-podman", "request_id": "1e6fecea-e778-4bca-a929-cefd6455f2c0"}
{"timestamp": "2026-04-16T17:58:21.780029Z", "level": "INFO", "name": "root", "message": "GET /metrics - 200", "method": "GET", "path": "/metrics", "status_code": 200, "duration_ms": 1004.59, "payload": null, "service": "telemetry-podman", "request_id": "724b897f-f621-479d-9002-decbb8dd4db3"}
{"timestamp": "2026-04-16T17:58:22.787872Z", "level": "INFO", "name": "root", "message": "GET /metrics - 200", "method": "GET", "path": "/metrics", "status_code": 200, "duration_ms": 1005.25, "payload": null, "service": "telemetry-podman", "request_id": "b09b7fb5-17f8-4d60-bd54-d69fd1b81ee3"}
{"timestamp": "2026-04-16T17:58:23.796061Z", "level": "INFO", "name": "root", "message": "GET /metrics - 200", "method": "GET", "path": "/metrics", "status_code": 200, "duration_ms": 1005.79, "payload": null, "service": "telemetry-podman", "request_id": "51b9814c-0123-4805-ba4a-0bbc75f61127"}
{"timestamp": "2026-04-16T17:58:24.806064Z", "level": "INFO", "name": "root", "message": "GET /metrics - 200", "method": "GET", "path": "/metrics", "status_code": 200, "duration_ms": 1005.4, "payload": null, "service": "telemetry-podman", "request_id": "8079f8ff-4c1c-4f40-b651-eddbcaaa5edd"}
{"timestamp": "2026-04-16T17:58:25.813627Z", "level": "INFO", "name": "root", "message": "GET /metrics - 200", "method": "GET", "path": "/metrics", "status_code": 200, "duration_ms": 1002.94, "payload": null, "service": "telemetry-podman", "request_id": "8bd9bf1c-bf9f-4a39-8211-813a96e8fcbb"}
{"timestamp": "2026-04-16T18:03:17.744376Z", "level": "INFO", "name": "root", "message": "GET /metrics - 200", "method": "GET", "path": "/metrics", "status_code": 200, "duration_ms": 1002.55, "payload": null, "service": "telemetry-podman", "request_id": "48394af3-3af8-4a2d-98cc-6ad56086f73f"}
{"timestamp": "2026-04-16T18:03:18.758029Z", "level": "INFO", "name": "root", "message": "GET /metrics - 200", "method": "GET", "path": "/metrics", "status_code": 200, "duration_ms": 1006.12, "payload": null, "service": "telemetry-podman", "request_id": "2628c164-81b8-4e70-880b-420e28a36537"}
{"timestamp": "2026-04-16T18:03:19.769139Z", "level": "INFO", "name": "root", "message": "GET /metrics - 200", "method": "GET", "path": "/metrics", "status_code": 200, "duration_ms": 1005.06, "payload": null, "service": "telemetry-podman", "request_id": "b3688b34-3715-4f55-a396-401c9143b8b5"}
{"timestamp": "2026-04-16T18:03:20.781554Z", "level": "INFO", "name": "root", "message": "GET /metrics - 200", "method": "GET", "path": "/metrics", "status_code": 200, "duration_ms": 1006.18, "payload": null, "service": "telemetry-podman", "request_id": "82c5a77d-309b-473a-8ea3-24369fd0cde2"}
{"timestamp": "2026-04-16T18:03:21.791645Z", "level": "INFO", "name": "root", "message": "GET /metrics - 200", "method": "GET", "path": "/metrics", "status_code": 200, "duration_ms": 1003.8, "payload": null, "service": "telemetry-podman", "request_id": "8dd908d6-c385-48bf-9a33-1383e84d23dc"}
{"timestamp": "2026-04-16T18:03:22.801535Z", "level": "INFO", "name": "root", "message": "GET /metrics - 200", "method": "GET", "path": "/metrics", "status_code": 200, "duration_ms": 1003.7, "payload": null, "service": "telemetry-podman", "request_id": "7e55f0f7-686b-457f-9626-b9a2baf75ad1"}
{"timestamp": "2026-04-16T18:03:23.813119Z", "level": "INFO", "name": "root", "message": "GET /metrics - 200", "method": "GET", "path": "/metrics", "status_code": 200, "duration_ms": 1005.89, "payload": null, "service": "telemetry-podman", "request_id": "d595e80b-dcc2-45fd-a693-2387cb66f2e0"}
{"timestamp": "2026-04-16T18:03:24.824346Z", "level": "INFO", "name": "root", "message": "GET /metrics - 200", "method": "GET", "path": "/metrics", "status_code": 200, "duration_ms": 1005.14, "payload": null, "service": "telemetry-podman", "request_id": "8d87f3fd-5de0-42d5-b874-49b6ab027a90"}
{"timestamp": "2026-04-16T18:03:25.835292Z", "level": "INFO", "name": "root", "message": "GET /metrics - 200", "method": "GET", "path": "/metrics", "status_code": 200, "duration_ms": 1004.98, "payload": null, "service": "telemetry-podman", "request_id": "b950936d-0d49-4edf-a5b0-e47e62aa3cc6"}
{"timestamp": "2026-04-16T18:08:17.765587Z", "level": "INFO", "name": "root", "message": "GET /metrics - 200", "method": "GET", "path": "/metrics", "status_code": 200, "duration_ms": 1004.44, "payload": null, "service": "telemetry-podman", "request_id": "eb6b34d7-dcd3-48dd-b581-4ebb7b584a88"}
{"timestamp": "2026-04-16T18:08:18.785012Z", "level": "INFO", "name": "root", "message": "GET /metrics - 200", "method": "GET", "path": "/metrics", "status_code": 200, "duration_ms": 1011.16, "payload": null, "service": "telemetry-podman", "request_id": "ffe0f058-2c68-4db9-96a7-f70d3d65f7e6"}
{"timestamp": "2026-04-16T18:08:19.801507Z", "level": "INFO", "name": "root", "message": "GET /metrics - 200", "method": "GET", "path": "/metrics", "status_code": 200, "duration_ms": 1010.35, "payload": null, "service": "telemetry-podman", "request_id": "3e051225-da2c-4a5f-b75f-3b034e4a0046"}
{"timestamp": "2026-04-16T18:08:20.814558Z", "level": "INFO", "name": "root", "message": "GET /metrics - 200", "method": "GET", "path": "/metrics", "status_code": 200, "duration_ms": 1007.93, "payload": null, "service": "telemetry-podman", "request_id": "f8936899-8905-40cd-9bfa-d21e411ed7ed"}
{"timestamp": "2026-04-16T18:08:21.825244Z", "level": "INFO", "name": "root", "message": "GET /metrics - 200", "method": "GET", "path": "/metrics", "status_code": 200, "duration_ms": 1003.53, "payload": null, "service": "telemetry-podman", "request_id": "2d1923b3-5514-4993-957e-2a4676f8622a"}
{"timestamp": "2026-04-16T18:08:22.836305Z", "level": "INFO", "name": "root", "message": "GET /metrics - 200", "method": "GET", "path": "/metrics", "status_code": 200, "duration_ms": 1004.2, "payload": null, "service": "telemetry-podman", "request_id": "64534769-1d4d-4855-9f67-40af89f2fce1"}
{"timestamp": "2026-04-16T18:08:23.851421Z", "level": "INFO", "name": "root", "message": "GET /metrics - 200", "method": "GET", "path": "/metrics", "status_code": 200, "duration_ms": 1008.6, "payload": null, "service": "telemetry-podman", "request_id": "bcf19823-6bda-4cbb-a81d-ba92c2d621c1"}
{"timestamp": "2026-04-16T18:08:24.863436Z", "level": "INFO", "name": "root", "message": "GET /metrics - 200", "method": "GET", "path": "/metrics", "status_code": 200, "duration_ms": 1005.99, "payload": null, "service": "telemetry-podman", "request_id": "95172ee3-3db3-4ff4-823d-4a81e1b9dbc6"}
{"timestamp": "2026-04-16T18:08:25.879581Z", "level": "INFO", "name": "root", "message": "GET /metrics - 200", "method": "GET", "path": "/metrics", "status_code": 200, "duration_ms": 1009.5, "payload": null, "service": "telemetry-podman", "request_id": "6b605fb6-2bbd-4208-becc-c6d1fdb494e0"}
{"timestamp": "2026-04-16T18:13:17.752209Z", "level": "INFO", "name": "root", "message": "GET /metrics - 200", "method": "GET", "path": "/metrics", "status_code": 200, "duration_ms": 1001.89, "payload": null, "service": "telemetry-podman", "request_id": "a639ceea-ad07-4188-86ae-67e54751c0a6"}
{"timestamp": "2026-04-16T18:13:18.761932Z", "level": "INFO", "name": "root", "message": "GET /metrics - 200", "method": "GET", "path": "/metrics", "status_code": 200, "duration_ms": 1002.01, "payload": null, "service": "telemetry-podman", "request_id": "919f9133-2a4b-478e-ae0b-bd4c89163ce6"}
{"timestamp": "2026-04-16T18:13:19.771325Z", "level": "INFO", "name": "root", "message": "GET /metrics - 200", "method": "GET", "path": "/metrics", "status_code": 200, "duration_ms": 1003.49, "payload": null, "service": "telemetry-podman", "request_id": "868f00c0-2ece-46f2-85a1-d7107b2d1297"}
{"timestamp": "2026-04-16T18:13:20.781277Z", "level": "INFO", "name": "root", "message": "GET /metrics - 200", "method": "GET", "path": "/metrics", "status_code": 200, "duration_ms": 1004.75, "payload": null, "service": "telemetry-podman", "request_id": "b9d88fd5-7b86-46f8-84a1-e6580d748442"}
{"timestamp": "2026-04-16T18:13:21.798401Z", "level": "INFO", "name": "root", "message": "GET /metrics - 200", "method": "GET", "path": "/metrics", "status_code": 200, "duration_ms": 1011.16, "payload": null, "service": "telemetry-podman", "request_id": "0cdc412b-78da-4bb4-a7c0-487e5a1386a7"}
{"timestamp": "2026-04-16T18:13:22.808568Z", "level": "INFO", "name": "root", "message": "GET /metrics - 200", "method": "GET", "path": "/metrics", "status_code": 200, "duration_ms": 1004.2, "payload": null, "service": "telemetry-podman", "request_id": "802f0d0c-8a59-44fb-9f9d-57763df2ab04"}
{"timestamp": "2026-04-16T18:13:23.818832Z", "level": "INFO", "name": "root", "message": "GET /metrics - 200", "method": "GET", "path": "/metrics", "status_code": 200, "duration_ms": 1004.12, "payload": null, "service": "telemetry-podman", "request_id": "4809a5ac-1ace-41d6-a395-24e930d9bdab"}
{"timestamp": "2026-04-16T18:13:24.830237Z", "level": "INFO", "name": "root", "message": "GET /metrics - 200", "method": "GET", "path": "/metrics", "status_code": 200, "duration_ms": 1005.73, "payload": null, "service": "telemetry-podman", "request_id": "7f713017-a38f-4116-96bd-7bcc5c86c2d7"}
{"timestamp": "2026-04-16T18:13:25.841104Z", "level": "INFO", "name": "root", "message": "GET /metrics - 200", "method": "GET", "path": "/metrics", "status_code": 200, "duration_ms": 1005.17, "payload": null, "service": "telemetry-podman", "request_id": "e1dc7c8d-6abb-44e2-9090-3f028d0d25c0"}
{"timestamp": "2026-04-16T18:18:17.745228Z", "level": "INFO", "name": "root", "message": "GET /metrics - 200", "method": "GET", "path": "/metrics", "status_code": 200, "duration_ms": 1002.56, "payload": null, "service": "telemetry-podman", "request_id": "15e37499-b69d-4415-b253-48d3924b7020"}
{"timestamp": "2026-04-16T18:18:18.755410Z", "level": "INFO", "name": "root", "message": "GET /metrics - 200", "method": "GET", "path": "/metrics", "status_code": 200, "duration_ms": 1001.88, "payload": null, "service": "telemetry-podman", "request_id": "b563b30c-a242-42b8-b7e9-818ad40e0a93"}
{"timestamp": "2026-04-16T18:18:19.765285Z", "level": "INFO", "name": "root", "message": "GET /metrics - 200", "method": "GET", "path": "/metrics", "status_code": 200, "duration_ms": 1003.67, "payload": null, "service": "telemetry-podman", "request_id": "fb8c6da4-9d8d-4f58-8450-3d38cf43efb1"}
{"timestamp": "2026-04-16T18:18:20.776101Z", "level": "INFO", "name": "root", "message": "GET /metrics - 200", "method": "GET", "path": "/metrics", "status_code": 200, "duration_ms": 1004.73, "payload": null, "service": "telemetry-podman", "request_id": "69c805ab-7b92-4f1f-8cc8-2794c93cf9af"}
{"timestamp": "2026-04-16T18:18:21.786707Z", "level": "INFO", "name": "root", "message": "GET /metrics - 200", "method": "GET", "path": "/metrics", "status_code": 200, "duration_ms": 1004.01, "payload": null, "service": "telemetry-podman", "request_id": "9d1e11dd-ca2a-4d54-9842-1cbb096ba1b2"}
{"timestamp": "2026-04-16T18:18:22.795404Z", "level": "INFO", "name": "root", "message": "GET /metrics - 200", "method": "GET", "path": "/metrics", "status_code": 200, "duration_ms": 1001.64, "payload": null, "service": "telemetry-podman", "request_id": "f86e8e86-dfd9-46db-998a-a1c76eeac69f"}
{"timestamp": "2026-04-16T18:18:23.803365Z", "level": "INFO", "name": "root", "message": "GET /metrics - 200", "method": "GET", "path": "/metrics", "status_code": 200, "duration_ms": 1001.93, "payload": null, "service": "telemetry-podman", "request_id": "d242884c-19fa-4840-8e87-a18250d60169"}
{"timestamp": "2026-04-16T18:18:24.815926Z", "level": "INFO", "name": "root", "message": "GET /metrics - 200", "method": "GET", "path": "/metrics", "status_code": 200, "duration_ms": 1006.29, "payload": null, "service": "telemetry-podman", "request_id": "071425e9-e6a5-477a-8d30-e9ed3992dc0e"}
{"timestamp": "2026-04-16T18:18:25.827429Z", "level": "INFO", "name": "root", "message": "GET /metrics - 200", "method": "GET", "path": "/metrics", "status_code": 200, "duration_ms": 1005.26, "payload": null, "service": "telemetry-podman", "request_id": "6fc368ee-9504-4406-b796-2b649976de39"}
{"timestamp": "2026-04-16T18:59:48.549246Z", "level": "INFO", "name": "root", "message": "GET /health - 200", "method": "GET", "path": "/health", "status_code": 200, "duration_ms": 0.85, "payload": null, "service": "telemetry-podman", "request_id": "42c0f9df-a509-4a61-a2a0-ec023e1eb7e0"}
